iso3;location_id;location_name;year;measurement_unit;val;upper;lower
AFG;160;Afghanistan;2000;PHC ambulatory expenditures in 2017 USD (millions);75.32;159.8;16.59
AFG;160;Afghanistan;2000;PHC ambulatory expenditures per capita in 2017 USD;4;9;1
AFG;160;Afghanistan;2000;PHC expenditures in 2017 USD (millions);202.07;285.95;128.92
AFG;160;Afghanistan;2000;PHC expenditures per capita in 2017 USD;11;16;7
AFG;160;Afghanistan;2001;PHC ambulatory expenditures in 2017 USD (millions);74.67;158.3;16.49
AFG;160;Afghanistan;2001;PHC ambulatory expenditures per capita in 2017 USD;4;9;1
AFG;160;Afghanistan;2001;PHC expenditures in 2017 USD (millions);200.38;283.45;128.16
AFG;160;Afghanistan;2001;PHC expenditures per capita in 2017 USD;11;16;7
AFG;160;Afghanistan;2002;PHC ambulatory expenditures in 2017 USD (millions);87.98;186.25;19.36
AFG;160;Afghanistan;2002;PHC ambulatory expenditures per capita in 2017 USD;5;10;1
AFG;160;Afghanistan;2002;PHC expenditures in 2017 USD (millions);235.84;333.91;150.6
AFG;160;Afghanistan;2002;PHC expenditures per capita in 2017 USD;12;17;8
AFG;160;Afghanistan;2003;PHC ambulatory expenditures in 2017 USD (millions);113.84;239.47;25.25
AFG;160;Afghanistan;2003;PHC ambulatory expenditures per capita in 2017 USD;5;12;1
AFG;160;Afghanistan;2003;PHC expenditures in 2017 USD (millions);305.48;431.27;196.44
AFG;160;Afghanistan;2003;PHC expenditures per capita in 2017 USD;15;21;9
AFG;160;Afghanistan;2004;PHC ambulatory expenditures in 2017 USD (millions);135.53;284.74;30.12
AFG;160;Afghanistan;2004;PHC ambulatory expenditures per capita in 2017 USD;6;13;1
AFG;160;Afghanistan;2004;PHC expenditures in 2017 USD (millions);363.71;513.19;234.54
AFG;160;Afghanistan;2004;PHC expenditures per capita in 2017 USD;17;24;11
AFG;160;Afghanistan;2005;PHC ambulatory expenditures in 2017 USD (millions);146.06;306.66;32.45
AFG;160;Afghanistan;2005;PHC ambulatory expenditures per capita in 2017 USD;6;14;1
AFG;160;Afghanistan;2005;PHC expenditures in 2017 USD (millions);391.96;552.92;252.62
AFG;160;Afghanistan;2005;PHC expenditures per capita in 2017 USD;17;24;11
AFG;160;Afghanistan;2006;PHC ambulatory expenditures in 2017 USD (millions);155.32;325.68;34.54
AFG;160;Afghanistan;2006;PHC ambulatory expenditures per capita in 2017 USD;7;14;1
AFG;160;Afghanistan;2006;PHC expenditures in 2017 USD (millions);416.85;587.7;268.88
AFG;160;Afghanistan;2006;PHC expenditures per capita in 2017 USD;18;25;12
AFG;160;Afghanistan;2007;PHC ambulatory expenditures in 2017 USD (millions);178.51;373.85;39.67
AFG;160;Afghanistan;2007;PHC ambulatory expenditures per capita in 2017 USD;8;16;2
AFG;160;Afghanistan;2007;PHC expenditures in 2017 USD (millions);478.91;675.12;308.71
AFG;160;Afghanistan;2007;PHC expenditures per capita in 2017 USD;20;29;13
AFG;160;Afghanistan;2008;PHC ambulatory expenditures in 2017 USD (millions);182.22;381.63;40.49
AFG;160;Afghanistan;2008;PHC ambulatory expenditures per capita in 2017 USD;7;15;2
AFG;160;Afghanistan;2008;PHC expenditures in 2017 USD (millions);488.86;689.07;314.99
AFG;160;Afghanistan;2008;PHC expenditures per capita in 2017 USD;20;28;13
AFG;160;Afghanistan;2009;PHC ambulatory expenditures in 2017 USD (millions);212.4;445.19;47.03
AFG;160;Afghanistan;2009;PHC ambulatory expenditures per capita in 2017 USD;8;18;2
AFG;160;Afghanistan;2009;PHC expenditures in 2017 USD (millions);569.34;803.11;365.49
AFG;160;Afghanistan;2009;PHC expenditures per capita in 2017 USD;22;32;14
AFG;160;Afghanistan;2010;PHC ambulatory expenditures in 2017 USD (millions);216.69;453.96;47.98
AFG;160;Afghanistan;2010;PHC ambulatory expenditures per capita in 2017 USD;8;17;2
AFG;160;Afghanistan;2010;PHC expenditures in 2017 USD (millions);580.85;819.15;372.57
AFG;160;Afghanistan;2010;PHC expenditures per capita in 2017 USD;22;31;14
AFG;160;Afghanistan;2011;PHC ambulatory expenditures in 2017 USD (millions);237.82;498.24;52.66
AFG;160;Afghanistan;2011;PHC ambulatory expenditures per capita in 2017 USD;9;18;2
AFG;160;Afghanistan;2011;PHC expenditures in 2017 USD (millions);637.28;898.77;408.52
AFG;160;Afghanistan;2011;PHC expenditures per capita in 2017 USD;23;33;15
AFG;160;Afghanistan;2012;PHC ambulatory expenditures in 2017 USD (millions);245.93;514.18;54.51
AFG;160;Afghanistan;2012;PHC ambulatory expenditures per capita in 2017 USD;9;18;2
AFG;160;Afghanistan;2012;PHC expenditures in 2017 USD (millions);659.03;928.9;422.69
AFG;160;Afghanistan;2012;PHC expenditures per capita in 2017 USD;23;33;15
AFG;160;Afghanistan;2013;PHC ambulatory expenditures in 2017 USD (millions);267.37;558.1;59.35
AFG;160;Afghanistan;2013;PHC ambulatory expenditures per capita in 2017 USD;9;19;2
AFG;160;Afghanistan;2013;PHC expenditures in 2017 USD (millions);716.62;1009.54;460.05
AFG;160;Afghanistan;2013;PHC expenditures per capita in 2017 USD;24;34;16
AFG;160;Afghanistan;2014;PHC ambulatory expenditures in 2017 USD (millions);283.98;591.35;63.18
AFG;160;Afghanistan;2014;PHC ambulatory expenditures per capita in 2017 USD;9;19;2
AFG;160;Afghanistan;2014;PHC expenditures in 2017 USD (millions);761.26;1072.37;489.79
AFG;160;Afghanistan;2014;PHC expenditures per capita in 2017 USD;25;35;16
AFG;160;Afghanistan;2015;PHC ambulatory expenditures in 2017 USD (millions);300.34;624.63;66.96
AFG;160;Afghanistan;2015;PHC ambulatory expenditures per capita in 2017 USD;10;20;2
AFG;160;Afghanistan;2015;PHC expenditures in 2017 USD (millions);805.12;1133.1;518.81
AFG;160;Afghanistan;2015;PHC expenditures per capita in 2017 USD;26;37;17
AFG;160;Afghanistan;2016;PHC ambulatory expenditures in 2017 USD (millions);298.32;618.92;66.74
AFG;160;Afghanistan;2016;PHC ambulatory expenditures per capita in 2017 USD;9;19;2
AFG;160;Afghanistan;2016;PHC expenditures in 2017 USD (millions);799.85;1124.68;517.2
AFG;160;Afghanistan;2016;PHC expenditures per capita in 2017 USD;25;35;16
AFG;160;Afghanistan;2017;PHC ambulatory expenditures in 2017 USD (millions);315.03;652.47;70.7
AFG;160;Afghanistan;2017;PHC ambulatory expenditures per capita in 2017 USD;10;20;2
AFG;160;Afghanistan;2017;PHC expenditures in 2017 USD (millions);844.72;1186.79;547.78
AFG;160;Afghanistan;2017;PHC expenditures per capita in 2017 USD;26;36;17
AGO;168;Angola;2000;PHC ambulatory expenditures in 2017 USD (millions);222.07;302.44;134.94
AGO;168;Angola;2000;PHC ambulatory expenditures per capita in 2017 USD;15;21;9
AGO;168;Angola;2000;PHC expenditures in 2017 USD (millions);483.53;600.82;362.67
AGO;168;Angola;2000;PHC expenditures per capita in 2017 USD;33;41;25
AGO;168;Angola;2001;PHC ambulatory expenditures in 2017 USD (millions);262.84;357.87;160.09
AGO;168;Angola;2001;PHC ambulatory expenditures per capita in 2017 USD;17;23;10
AGO;168;Angola;2001;PHC expenditures in 2017 USD (millions);571.39;710.26;428.8
AGO;168;Angola;2001;PHC expenditures per capita in 2017 USD;37;47;28
AGO;168;Angola;2002;PHC ambulatory expenditures in 2017 USD (millions);289.52;394.27;176.03
AGO;168;Angola;2002;PHC ambulatory expenditures per capita in 2017 USD;18;25;11
AGO;168;Angola;2002;PHC expenditures in 2017 USD (millions);629.47;782.57;473.54
AGO;168;Angola;2002;PHC expenditures per capita in 2017 USD;40;49;30
AGO;168;Angola;2003;PHC ambulatory expenditures in 2017 USD (millions);323.39;440.65;196.8
AGO;168;Angola;2003;PHC ambulatory expenditures per capita in 2017 USD;20;27;12
AGO;168;Angola;2003;PHC expenditures in 2017 USD (millions);703.91;873.68;529.83
AGO;168;Angola;2003;PHC expenditures per capita in 2017 USD;43;53;32
AGO;168;Angola;2004;PHC ambulatory expenditures in 2017 USD (millions);333.49;454.54;202.62
AGO;168;Angola;2004;PHC ambulatory expenditures per capita in 2017 USD;19;27;12
AGO;168;Angola;2004;PHC expenditures in 2017 USD (millions);726.76;901.29;546.12
AGO;168;Angola;2004;PHC expenditures per capita in 2017 USD;42;53;32
AGO;168;Angola;2005;PHC ambulatory expenditures in 2017 USD (millions);347.67;473.88;210.59
AGO;168;Angola;2005;PHC ambulatory expenditures per capita in 2017 USD;20;27;12
AGO;168;Angola;2005;PHC expenditures in 2017 USD (millions);758.39;940.92;570.44
AGO;168;Angola;2005;PHC expenditures per capita in 2017 USD;43;53;32
AGO;168;Angola;2006;PHC ambulatory expenditures in 2017 USD (millions);376.87;514.1;224.76
AGO;168;Angola;2006;PHC ambulatory expenditures per capita in 2017 USD;20;28;12
AGO;168;Angola;2006;PHC expenditures in 2017 USD (millions);824.36;1021.6;620.99
AGO;168;Angola;2006;PHC expenditures per capita in 2017 USD;44;55;34
AGO;168;Angola;2007;PHC ambulatory expenditures in 2017 USD (millions);460.05;627.72;272.21
AGO;168;Angola;2007;PHC ambulatory expenditures per capita in 2017 USD;24;33;14
AGO;168;Angola;2007;PHC expenditures in 2017 USD (millions);1006.47;1247.45;758.24
AGO;168;Angola;2007;PHC expenditures per capita in 2017 USD;52;65;39
AGO;168;Angola;2008;PHC ambulatory expenditures in 2017 USD (millions);604.02;824.39;354.24
AGO;168;Angola;2008;PHC ambulatory expenditures per capita in 2017 USD;30;41;18
AGO;168;Angola;2008;PHC expenditures in 2017 USD (millions);1320.66;1639.25;992.37
AGO;168;Angola;2008;PHC expenditures per capita in 2017 USD;66;82;49
AGO;168;Angola;2009;PHC ambulatory expenditures in 2017 USD (millions);536;731.67;314.56
AGO;168;Angola;2009;PHC ambulatory expenditures per capita in 2017 USD;26;35;15
AGO;168;Angola;2009;PHC expenditures in 2017 USD (millions);1176.59;1458.06;883.97
AGO;168;Angola;2009;PHC expenditures per capita in 2017 USD;56;70;42
AGO;168;Angola;2010;PHC ambulatory expenditures in 2017 USD (millions);509.06;694.79;299.84
AGO;168;Angola;2010;PHC ambulatory expenditures per capita in 2017 USD;23;32;14
AGO;168;Angola;2010;PHC expenditures in 2017 USD (millions);1120.62;1389.21;841.87
AGO;168;Angola;2010;PHC expenditures per capita in 2017 USD;51;64;39
AGO;168;Angola;2011;PHC ambulatory expenditures in 2017 USD (millions);518.02;707.03;305.82
AGO;168;Angola;2011;PHC ambulatory expenditures per capita in 2017 USD;23;31;13
AGO;168;Angola;2011;PHC expenditures in 2017 USD (millions);1142.75;1416.28;859.02
AGO;168;Angola;2011;PHC expenditures per capita in 2017 USD;50;62;38
AGO;168;Angola;2012;PHC ambulatory expenditures in 2017 USD (millions);539.53;736.28;320.42
AGO;168;Angola;2012;PHC ambulatory expenditures per capita in 2017 USD;23;31;14
AGO;168;Angola;2012;PHC expenditures in 2017 USD (millions);1191.7;1473.93;896.3
AGO;168;Angola;2012;PHC expenditures per capita in 2017 USD;51;63;38
AGO;168;Angola;2013;PHC ambulatory expenditures in 2017 USD (millions);578.46;789.17;344.22
AGO;168;Angola;2013;PHC ambulatory expenditures per capita in 2017 USD;24;32;14
AGO;168;Angola;2013;PHC expenditures in 2017 USD (millions);1277.43;1578.91;960.79
AGO;168;Angola;2013;PHC expenditures per capita in 2017 USD;52;64;39
AGO;168;Angola;2014;PHC ambulatory expenditures in 2017 USD (millions);590.27;805.08;351.33
AGO;168;Angola;2014;PHC ambulatory expenditures per capita in 2017 USD;23;32;14
AGO;168;Angola;2014;PHC expenditures in 2017 USD (millions);1304.52;1609.75;981.4
AGO;168;Angola;2014;PHC expenditures per capita in 2017 USD;51;63;39
AGO;168;Angola;2015;PHC ambulatory expenditures in 2017 USD (millions);550.76;750.86;328.62
AGO;168;Angola;2015;PHC ambulatory expenditures per capita in 2017 USD;21;29;12
AGO;168;Angola;2015;PHC expenditures in 2017 USD (millions);1220.52;1506.2;917.38
AGO;168;Angola;2015;PHC expenditures per capita in 2017 USD;46;57;35
AGO;168;Angola;2016;PHC ambulatory expenditures in 2017 USD (millions);534.63;729;317.35
AGO;168;Angola;2016;PHC ambulatory expenditures per capita in 2017 USD;20;27;12
AGO;168;Angola;2016;PHC expenditures in 2017 USD (millions);1188.32;1463.91;893.08
AGO;168;Angola;2016;PHC expenditures per capita in 2017 USD;44;54;33
AGO;168;Angola;2017;PHC ambulatory expenditures in 2017 USD (millions);577.66;788.27;339.49
AGO;168;Angola;2017;PHC ambulatory expenditures per capita in 2017 USD;20;28;12
AGO;168;Angola;2017;PHC expenditures in 2017 USD (millions);1285.62;1586.61;965.8
AGO;168;Angola;2017;PHC expenditures per capita in 2017 USD;46;56;34
ALB;43;Albania;2000;PHC ambulatory expenditures in 2017 USD (millions);41.44;87.8;10.2
ALB;43;Albania;2000;PHC ambulatory expenditures per capita in 2017 USD;13;28;3
ALB;43;Albania;2000;PHC expenditures in 2017 USD (millions);116.06;160.21;75.48
ALB;43;Albania;2000;PHC expenditures per capita in 2017 USD;36;50;24
ALB;43;Albania;2001;PHC ambulatory expenditures in 2017 USD (millions);44.92;94.73;11.1
ALB;43;Albania;2001;PHC ambulatory expenditures per capita in 2017 USD;14;30;4
ALB;43;Albania;2001;PHC expenditures in 2017 USD (millions);125.61;173.22;81.87
ALB;43;Albania;2001;PHC expenditures per capita in 2017 USD;40;55;26
ALB;43;Albania;2002;PHC ambulatory expenditures in 2017 USD (millions);46.92;98.53;11.65
ALB;43;Albania;2002;PHC ambulatory expenditures per capita in 2017 USD;15;32;4
ALB;43;Albania;2002;PHC expenditures in 2017 USD (millions);131.09;180.37;85.65
ALB;43;Albania;2002;PHC expenditures per capita in 2017 USD;42;58;27
ALB;43;Albania;2003;PHC ambulatory expenditures in 2017 USD (millions);50.42;105.72;12.54
ALB;43;Albania;2003;PHC ambulatory expenditures per capita in 2017 USD;16;34;4
ALB;43;Albania;2003;PHC expenditures in 2017 USD (millions);140.71;193.48;91.92
ALB;43;Albania;2003;PHC expenditures per capita in 2017 USD;46;63;30
ALB;43;Albania;2004;PHC ambulatory expenditures in 2017 USD (millions);55.31;115.75;13.79
ALB;43;Albania;2004;PHC ambulatory expenditures per capita in 2017 USD;18;38;5
ALB;43;Albania;2004;PHC expenditures in 2017 USD (millions);154.11;211.82;100.67
ALB;43;Albania;2004;PHC expenditures per capita in 2017 USD;50;69;33
ALB;43;Albania;2005;PHC ambulatory expenditures in 2017 USD (millions);58.6;122.64;14.61
ALB;43;Albania;2005;PHC ambulatory expenditures per capita in 2017 USD;19;41;5
ALB;43;Albania;2005;PHC expenditures in 2017 USD (millions);163.16;224.24;106.47
ALB;43;Albania;2005;PHC expenditures per capita in 2017 USD;54;74;35
ALB;43;Albania;2006;PHC ambulatory expenditures in 2017 USD (millions);63.98;133.72;15.98
ALB;43;Albania;2006;PHC ambulatory expenditures per capita in 2017 USD;21;45;5
ALB;43;Albania;2006;PHC expenditures in 2017 USD (millions);177.88;244.39;116.02
ALB;43;Albania;2006;PHC expenditures per capita in 2017 USD;59;82;39
ALB;43;Albania;2007;PHC ambulatory expenditures in 2017 USD (millions);69.25;144.03;17.38
ALB;43;Albania;2007;PHC ambulatory expenditures per capita in 2017 USD;23;49;6
ALB;43;Albania;2007;PHC expenditures in 2017 USD (millions);192.22;264.12;125.55
ALB;43;Albania;2007;PHC expenditures per capita in 2017 USD;65;89;42
ALB;43;Albania;2008;PHC ambulatory expenditures in 2017 USD (millions);85.23;176.88;21.48
ALB;43;Albania;2008;PHC ambulatory expenditures per capita in 2017 USD;29;60;7
ALB;43;Albania;2008;PHC expenditures in 2017 USD (millions);235.82;324.41;153.95
ALB;43;Albania;2008;PHC expenditures per capita in 2017 USD;80;110;52
ALB;43;Albania;2009;PHC ambulatory expenditures in 2017 USD (millions);94.97;196.24;24.05
ALB;43;Albania;2009;PHC ambulatory expenditures per capita in 2017 USD;33;67;8
ALB;43;Albania;2009;PHC expenditures in 2017 USD (millions);262.28;360.91;171
ALB;43;Albania;2009;PHC expenditures per capita in 2017 USD;90;124;59
ALB;43;Albania;2010;PHC ambulatory expenditures in 2017 USD (millions);97.74;201.52;24.82
ALB;43;Albania;2010;PHC ambulatory expenditures per capita in 2017 USD;34;70;9
ALB;43;Albania;2010;PHC expenditures in 2017 USD (millions);269.62;371;175.38
ALB;43;Albania;2010;PHC expenditures per capita in 2017 USD;93;128;61
ALB;43;Albania;2011;PHC ambulatory expenditures in 2017 USD (millions);103.51;213.57;26.32
ALB;43;Albania;2011;PHC ambulatory expenditures per capita in 2017 USD;36;74;9
ALB;43;Albania;2011;PHC expenditures in 2017 USD (millions);285.31;392.43;185.48
ALB;43;Albania;2011;PHC expenditures per capita in 2017 USD;99;137;65
ALB;43;Albania;2012;PHC ambulatory expenditures in 2017 USD (millions);103.6;213.26;26.45
ALB;43;Albania;2012;PHC ambulatory expenditures per capita in 2017 USD;36;75;9
ALB;43;Albania;2012;PHC expenditures in 2017 USD (millions);285.26;392.17;185.54
ALB;43;Albania;2012;PHC expenditures per capita in 2017 USD;100;138;65
ALB;43;Albania;2013;PHC ambulatory expenditures in 2017 USD (millions);105.58;216.74;27.1
ALB;43;Albania;2013;PHC ambulatory expenditures per capita in 2017 USD;37;77;10
ALB;43;Albania;2013;PHC expenditures in 2017 USD (millions);290.4;399.11;188.92
ALB;43;Albania;2013;PHC expenditures per capita in 2017 USD;103;141;67
ALB;43;Albania;2014;PHC ambulatory expenditures in 2017 USD (millions);114.64;234.89;29.55
ALB;43;Albania;2014;PHC ambulatory expenditures per capita in 2017 USD;41;84;11
ALB;43;Albania;2014;PHC expenditures in 2017 USD (millions);314.93;432.74;204.76
ALB;43;Albania;2014;PHC expenditures per capita in 2017 USD;112;154;73
ALB;43;Albania;2015;PHC ambulatory expenditures in 2017 USD (millions);114.42;233.86;29.62
ALB;43;Albania;2015;PHC ambulatory expenditures per capita in 2017 USD;41;84;11
ALB;43;Albania;2015;PHC expenditures in 2017 USD (millions);314.31;431.45;204.15
ALB;43;Albania;2015;PHC expenditures per capita in 2017 USD;113;155;73
ALB;43;Albania;2016;PHC ambulatory expenditures in 2017 USD (millions);115.36;235.3;29.92
ALB;43;Albania;2016;PHC ambulatory expenditures per capita in 2017 USD;42;85;11
ALB;43;Albania;2016;PHC expenditures in 2017 USD (millions);317.1;434.79;205.8
ALB;43;Albania;2016;PHC expenditures per capita in 2017 USD;114;156;74
ALB;43;Albania;2017;PHC ambulatory expenditures in 2017 USD (millions);120.06;243.64;31.22
ALB;43;Albania;2017;PHC ambulatory expenditures per capita in 2017 USD;43;88;11
ALB;43;Albania;2017;PHC expenditures in 2017 USD (millions);329.94;452.49;214.1
ALB;43;Albania;2017;PHC expenditures per capita in 2017 USD;119;164;77
ARG;97;Argentina;2000;PHC ambulatory expenditures in 2017 USD (millions);6308.81;8593.2;3454.76
ARG;97;Argentina;2000;PHC ambulatory expenditures per capita in 2017 USD;172;234;94
ARG;97;Argentina;2000;PHC expenditures in 2017 USD (millions);13832.09;17068.84;10347.75
ARG;97;Argentina;2000;PHC expenditures per capita in 2017 USD;376;464;281
ARG;97;Argentina;2001;PHC ambulatory expenditures in 2017 USD (millions);6043.53;8235.1;3290.24
ARG;97;Argentina;2001;PHC ambulatory expenditures per capita in 2017 USD;163;221;88
ARG;97;Argentina;2001;PHC expenditures in 2017 USD (millions);13271.11;16355.43;9926.68
ARG;97;Argentina;2001;PHC expenditures per capita in 2017 USD;357;440;267
ARG;97;Argentina;2002;PHC ambulatory expenditures in 2017 USD (millions);4868.51;6636.82;2647.83
ARG;97;Argentina;2002;PHC ambulatory expenditures per capita in 2017 USD;129;176;70
ARG;97;Argentina;2002;PHC expenditures in 2017 USD (millions);10730.37;13196.43;8036.77
ARG;97;Argentina;2002;PHC expenditures per capita in 2017 USD;285;351;214
ARG;97;Argentina;2003;PHC ambulatory expenditures in 2017 USD (millions);5134.4;6996.54;2807.01
ARG;97;Argentina;2003;PHC ambulatory expenditures per capita in 2017 USD;135;184;74
ARG;97;Argentina;2003;PHC expenditures in 2017 USD (millions);11301.19;13909.93;8470.88
ARG;97;Argentina;2003;PHC expenditures per capita in 2017 USD;297;366;223
ARG;97;Argentina;2004;PHC ambulatory expenditures in 2017 USD (millions);5258.63;7167.52;2863.59
ARG;97;Argentina;2004;PHC ambulatory expenditures per capita in 2017 USD;137;186;74
ARG;97;Argentina;2004;PHC expenditures in 2017 USD (millions);11573.8;14238.15;8681.6
ARG;97;Argentina;2004;PHC expenditures per capita in 2017 USD;301;370;226
ARG;97;Argentina;2005;PHC ambulatory expenditures in 2017 USD (millions);5777.01;7873.72;3142.14
ARG;97;Argentina;2005;PHC ambulatory expenditures per capita in 2017 USD;148;202;81
ARG;97;Argentina;2005;PHC expenditures in 2017 USD (millions);12701.76;15628.59;9521.86
ARG;97;Argentina;2005;PHC expenditures per capita in 2017 USD;326;401;245
ARG;97;Argentina;2006;PHC ambulatory expenditures in 2017 USD (millions);6405.18;8729.71;3477.1
ARG;97;Argentina;2006;PHC ambulatory expenditures per capita in 2017 USD;163;222;88
ARG;97;Argentina;2006;PHC expenditures in 2017 USD (millions);14069.76;17315.96;10536.2
ARG;97;Argentina;2006;PHC expenditures per capita in 2017 USD;357;440;268
ARG;97;Argentina;2007;PHC ambulatory expenditures in 2017 USD (millions);7275.08;9916.23;3938.52
ARG;97;Argentina;2007;PHC ambulatory expenditures per capita in 2017 USD;183;249;99
ARG;97;Argentina;2007;PHC expenditures in 2017 USD (millions);15972.06;19662.93;11957.08
ARG;97;Argentina;2007;PHC expenditures per capita in 2017 USD;402;494;301
ARG;97;Argentina;2008;PHC ambulatory expenditures in 2017 USD (millions);7745.75;10562.48;4161.13
ARG;97;Argentina;2008;PHC ambulatory expenditures per capita in 2017 USD;193;263;104
ARG;97;Argentina;2008;PHC expenditures in 2017 USD (millions);17020.49;20967.6;12738.48
ARG;97;Argentina;2008;PHC expenditures per capita in 2017 USD;423;522;317
ARG;97;Argentina;2009;PHC ambulatory expenditures in 2017 USD (millions);8123.79;11086.22;4339.17
ARG;97;Argentina;2009;PHC ambulatory expenditures per capita in 2017 USD;200;273;107
ARG;97;Argentina;2009;PHC expenditures in 2017 USD (millions);17879.99;22042.45;13378.6
ARG;97;Argentina;2009;PHC expenditures per capita in 2017 USD;440;542;329
ARG;97;Argentina;2010;PHC ambulatory expenditures in 2017 USD (millions);8510.49;11618.48;4535.23
ARG;97;Argentina;2010;PHC ambulatory expenditures per capita in 2017 USD;207;283;110
ARG;97;Argentina;2010;PHC expenditures in 2017 USD (millions);18743.5;23115.18;14025.06
ARG;97;Argentina;2010;PHC expenditures per capita in 2017 USD;456;562;341
ARG;97;Argentina;2011;PHC ambulatory expenditures in 2017 USD (millions);9041.12;12351.7;4801.36
ARG;97;Argentina;2011;PHC ambulatory expenditures per capita in 2017 USD;218;297;116
ARG;97;Argentina;2011;PHC expenditures in 2017 USD (millions);19935.2;24577.71;14902.8
ARG;97;Argentina;2011;PHC expenditures per capita in 2017 USD;480;591;359
ARG;97;Argentina;2012;PHC ambulatory expenditures in 2017 USD (millions);9116.38;12468.11;4820.17
ARG;97;Argentina;2012;PHC ambulatory expenditures per capita in 2017 USD;217;297;115
ARG;97;Argentina;2012;PHC expenditures in 2017 USD (millions);20146.62;24789.84;15094.14
ARG;97;Argentina;2012;PHC expenditures per capita in 2017 USD;479;590;359
ARG;97;Argentina;2013;PHC ambulatory expenditures in 2017 USD (millions);9186.26;12575.79;4840.28
ARG;97;Argentina;2013;PHC ambulatory expenditures per capita in 2017 USD;216;296;114
ARG;97;Argentina;2013;PHC expenditures in 2017 USD (millions);20346.99;25005.6;15278.56
ARG;97;Argentina;2013;PHC expenditures per capita in 2017 USD;479;589;360
ARG;97;Argentina;2014;PHC ambulatory expenditures in 2017 USD (millions);8929.55;12234.85;4668.37
ARG;97;Argentina;2014;PHC ambulatory expenditures per capita in 2017 USD;208;285;109
ARG;97;Argentina;2014;PHC expenditures in 2017 USD (millions);19834.04;24326.92;14905.36
ARG;97;Argentina;2014;PHC expenditures per capita in 2017 USD;462;567;347
ARG;97;Argentina;2015;PHC ambulatory expenditures in 2017 USD (millions);9315.94;12763.73;4829.65
ARG;97;Argentina;2015;PHC ambulatory expenditures per capita in 2017 USD;215;294;111
ARG;97;Argentina;2015;PHC expenditures in 2017 USD (millions);20714.55;25399.12;15551.09
ARG;97;Argentina;2015;PHC expenditures per capita in 2017 USD;477;585;358
ARG;97;Argentina;2016;PHC ambulatory expenditures in 2017 USD (millions);8971.62;12291.55;4598.68
ARG;97;Argentina;2016;PHC ambulatory expenditures per capita in 2017 USD;205;280;105
ARG;97;Argentina;2016;PHC expenditures in 2017 USD (millions);19979.14;24496.42;14992.83
ARG;97;Argentina;2016;PHC expenditures per capita in 2017 USD;456;559;342
ARG;97;Argentina;2017;PHC ambulatory expenditures in 2017 USD (millions);9315.27;12759.02;4717.86
ARG;97;Argentina;2017;PHC ambulatory expenditures per capita in 2017 USD;210;288;107
ARG;97;Argentina;2017;PHC expenditures in 2017 USD (millions);20758.36;25448;15578.97
ARG;97;Argentina;2017;PHC expenditures per capita in 2017 USD;469;575;352
ARM;33;Armenia;2000;PHC ambulatory expenditures in 2017 USD (millions);32.53;57.83;13.45
ARM;33;Armenia;2000;PHC ambulatory expenditures per capita in 2017 USD;10;17;4
ARM;33;Armenia;2000;PHC expenditures in 2017 USD (millions);111.09;140.38;79.73
ARM;33;Armenia;2000;PHC expenditures per capita in 2017 USD;33;42;24
ARM;33;Armenia;2001;PHC ambulatory expenditures in 2017 USD (millions);35.86;63.7;14.86
ARM;33;Armenia;2001;PHC ambulatory expenditures per capita in 2017 USD;11;19;5
ARM;33;Armenia;2001;PHC expenditures in 2017 USD (millions);122.43;154.69;87.85
ARM;33;Armenia;2001;PHC expenditures per capita in 2017 USD;37;47;27
ARM;33;Armenia;2002;PHC ambulatory expenditures in 2017 USD (millions);46.08;81.94;19.04
ARM;33;Armenia;2002;PHC ambulatory expenditures per capita in 2017 USD;14;25;6
ARM;33;Armenia;2002;PHC expenditures in 2017 USD (millions);157.23;198.84;112.59
ARM;33;Armenia;2002;PHC expenditures per capita in 2017 USD;48;61;34
ARM;33;Armenia;2003;PHC ambulatory expenditures in 2017 USD (millions);53.35;94.72;22.1
ARM;33;Armenia;2003;PHC ambulatory expenditures per capita in 2017 USD;16;29;7
ARM;33;Armenia;2003;PHC expenditures in 2017 USD (millions);181.98;230.06;130.3
ARM;33;Armenia;2003;PHC expenditures per capita in 2017 USD;56;71;40
ARM;33;Armenia;2004;PHC ambulatory expenditures in 2017 USD (millions);57.43;101.78;23.81
ARM;33;Armenia;2004;PHC ambulatory expenditures per capita in 2017 USD;18;32;7
ARM;33;Armenia;2004;PHC expenditures in 2017 USD (millions);195.94;247.54;140.37
ARM;33;Armenia;2004;PHC expenditures per capita in 2017 USD;61;77;43
ARM;33;Armenia;2005;PHC ambulatory expenditures in 2017 USD (millions);63.92;113.08;26.54
ARM;33;Armenia;2005;PHC ambulatory expenditures per capita in 2017 USD;20;35;8
ARM;33;Armenia;2005;PHC expenditures in 2017 USD (millions);218.08;275.04;156.39
ARM;33;Armenia;2005;PHC expenditures per capita in 2017 USD;68;86;49
ARM;33;Armenia;2006;PHC ambulatory expenditures in 2017 USD (millions);72.7;128.46;30.21
ARM;33;Armenia;2006;PHC ambulatory expenditures per capita in 2017 USD;23;40;9
ARM;33;Armenia;2006;PHC expenditures in 2017 USD (millions);248.02;312.29;178.04
ARM;33;Armenia;2006;PHC expenditures per capita in 2017 USD;78;98;56
ARM;33;Armenia;2007;PHC ambulatory expenditures in 2017 USD (millions);85.97;151.83;35.74
ARM;33;Armenia;2007;PHC ambulatory expenditures per capita in 2017 USD;27;48;11
ARM;33;Armenia;2007;PHC expenditures in 2017 USD (millions);293.25;368.92;210.66
ARM;33;Armenia;2007;PHC expenditures per capita in 2017 USD;93;117;67
ARM;33;Armenia;2008;PHC ambulatory expenditures in 2017 USD (millions);97.56;172.43;40.55
ARM;33;Armenia;2008;PHC ambulatory expenditures per capita in 2017 USD;31;55;13
ARM;33;Armenia;2008;PHC expenditures in 2017 USD (millions);332.8;419.02;239.01
ARM;33;Armenia;2008;PHC expenditures per capita in 2017 USD;106;133;76
ARM;33;Armenia;2009;PHC ambulatory expenditures in 2017 USD (millions);114.46;202.24;47.57
ARM;33;Armenia;2009;PHC ambulatory expenditures per capita in 2017 USD;37;65;15
ARM;33;Armenia;2009;PHC expenditures in 2017 USD (millions);390.35;491.5;280.51
ARM;33;Armenia;2009;PHC expenditures per capita in 2017 USD;125;157;90
ARM;33;Armenia;2010;PHC ambulatory expenditures in 2017 USD (millions);121.2;214.26;50.34
ARM;33;Armenia;2010;PHC ambulatory expenditures per capita in 2017 USD;39;69;16
ARM;33;Armenia;2010;PHC expenditures in 2017 USD (millions);413.38;520.66;297.2
ARM;33;Armenia;2010;PHC expenditures per capita in 2017 USD;133;168;96
ARM;33;Armenia;2011;PHC ambulatory expenditures in 2017 USD (millions);133.43;235.81;55.42
ARM;33;Armenia;2011;PHC ambulatory expenditures per capita in 2017 USD;43;76;18
ARM;33;Armenia;2011;PHC expenditures in 2017 USD (millions);455.08;573.13;327.49
ARM;33;Armenia;2011;PHC expenditures per capita in 2017 USD;147;185;106
ARM;33;Armenia;2012;PHC ambulatory expenditures in 2017 USD (millions);141.95;250.79;58.95
ARM;33;Armenia;2012;PHC ambulatory expenditures per capita in 2017 USD;46;81;19
ARM;33;Armenia;2012;PHC expenditures in 2017 USD (millions);484.17;609.66;348.34
ARM;33;Armenia;2012;PHC expenditures per capita in 2017 USD;157;198;113
ARM;33;Armenia;2013;PHC ambulatory expenditures in 2017 USD (millions);155.11;273.73;64.44
ARM;33;Armenia;2013;PHC ambulatory expenditures per capita in 2017 USD;51;89;21
ARM;33;Armenia;2013;PHC expenditures in 2017 USD (millions);528.98;665.79;380.46
ARM;33;Armenia;2013;PHC expenditures per capita in 2017 USD;172;217;124
ARM;33;Armenia;2014;PHC ambulatory expenditures in 2017 USD (millions);162.13;285.53;67.43
ARM;33;Armenia;2014;PHC ambulatory expenditures per capita in 2017 USD;53;93;22
ARM;33;Armenia;2014;PHC expenditures in 2017 USD (millions);552.79;695.29;397.23
ARM;33;Armenia;2014;PHC expenditures per capita in 2017 USD;181;227;130
ARM;33;Armenia;2015;PHC ambulatory expenditures in 2017 USD (millions);172;302.08;71.74
ARM;33;Armenia;2015;PHC ambulatory expenditures per capita in 2017 USD;56;99;24
ARM;33;Armenia;2015;PHC expenditures in 2017 USD (millions);586.26;736.51;421.27
ARM;33;Armenia;2015;PHC expenditures per capita in 2017 USD;192;242;138
ARM;33;Armenia;2016;PHC ambulatory expenditures in 2017 USD (millions);177.26;310.67;74.22
ARM;33;Armenia;2016;PHC ambulatory expenditures per capita in 2017 USD;58;102;24
ARM;33;Armenia;2016;PHC expenditures in 2017 USD (millions);603.98;758.21;434.3
ARM;33;Armenia;2016;PHC expenditures per capita in 2017 USD;199;250;143
ARM;33;Armenia;2017;PHC ambulatory expenditures in 2017 USD (millions);183.59;321.33;77.15
ARM;33;Armenia;2017;PHC ambulatory expenditures per capita in 2017 USD;61;106;25
ARM;33;Armenia;2017;PHC expenditures in 2017 USD (millions);625.4;784.63;449.96
ARM;33;Armenia;2017;PHC expenditures per capita in 2017 USD;207;259;149
ASM;298;American Samoa;2000;PHC ambulatory expenditures in 2017 USD (millions);8.04;11;3.96
ASM;298;American Samoa;2000;PHC ambulatory expenditures per capita in 2017 USD;138;189;68
ASM;298;American Samoa;2000;PHC expenditures in 2017 USD (millions);17.97;22;13.5
ASM;298;American Samoa;2000;PHC expenditures per capita in 2017 USD;309;378;232
ASM;298;American Samoa;2001;PHC ambulatory expenditures in 2017 USD (millions);8.18;11.19;4.02
ASM;298;American Samoa;2001;PHC ambulatory expenditures per capita in 2017 USD;140;192;69
ASM;298;American Samoa;2001;PHC expenditures in 2017 USD (millions);18.28;22.37;13.74
ASM;298;American Samoa;2001;PHC expenditures per capita in 2017 USD;313;383;235
ASM;298;American Samoa;2002;PHC ambulatory expenditures in 2017 USD (millions);8.32;11.38;4.08
ASM;298;American Samoa;2002;PHC ambulatory expenditures per capita in 2017 USD;142;195;70
ASM;298;American Samoa;2002;PHC expenditures in 2017 USD (millions);18.6;22.75;13.97
ASM;298;American Samoa;2002;PHC expenditures per capita in 2017 USD;318;389;239
ASM;298;American Samoa;2003;PHC ambulatory expenditures in 2017 USD (millions);8.45;11.56;4.15
ASM;298;American Samoa;2003;PHC ambulatory expenditures per capita in 2017 USD;145;198;71
ASM;298;American Samoa;2003;PHC expenditures in 2017 USD (millions);18.89;23.1;14.18
ASM;298;American Samoa;2003;PHC expenditures per capita in 2017 USD;324;396;243
ASM;298;American Samoa;2004;PHC ambulatory expenditures in 2017 USD (millions);8.39;11.49;4.14
ASM;298;American Samoa;2004;PHC ambulatory expenditures per capita in 2017 USD;144;197;71
ASM;298;American Samoa;2004;PHC expenditures in 2017 USD (millions);18.77;22.95;14.09
ASM;298;American Samoa;2004;PHC expenditures per capita in 2017 USD;322;394;242
ASM;298;American Samoa;2005;PHC ambulatory expenditures in 2017 USD (millions);8.19;11.21;4.04
ASM;298;American Samoa;2005;PHC ambulatory expenditures per capita in 2017 USD;141;193;70
ASM;298;American Samoa;2005;PHC expenditures in 2017 USD (millions);18.31;22.4;13.74
ASM;298;American Samoa;2005;PHC expenditures per capita in 2017 USD;316;386;237
ASM;298;American Samoa;2006;PHC ambulatory expenditures in 2017 USD (millions);7.79;10.66;3.84
ASM;298;American Samoa;2006;PHC ambulatory expenditures per capita in 2017 USD;135;185;67
ASM;298;American Samoa;2006;PHC expenditures in 2017 USD (millions);17.42;21.3;13.07
ASM;298;American Samoa;2006;PHC expenditures per capita in 2017 USD;302;369;226
ASM;298;American Samoa;2007;PHC ambulatory expenditures in 2017 USD (millions);7.71;10.55;3.82
ASM;298;American Samoa;2007;PHC ambulatory expenditures per capita in 2017 USD;134;184;66
ASM;298;American Samoa;2007;PHC expenditures in 2017 USD (millions);17.23;21.08;12.92
ASM;298;American Samoa;2007;PHC expenditures per capita in 2017 USD;300;367;225
ASM;298;American Samoa;2008;PHC ambulatory expenditures in 2017 USD (millions);7.41;10.13;3.68
ASM;298;American Samoa;2008;PHC ambulatory expenditures per capita in 2017 USD;130;177;64
ASM;298;American Samoa;2008;PHC expenditures in 2017 USD (millions);16.54;20.26;12.39
ASM;298;American Samoa;2008;PHC expenditures per capita in 2017 USD;289;354;217
ASM;298;American Samoa;2009;PHC ambulatory expenditures in 2017 USD (millions);7.02;9.59;3.5
ASM;298;American Samoa;2009;PHC ambulatory expenditures per capita in 2017 USD;123;169;62
ASM;298;American Samoa;2009;PHC expenditures in 2017 USD (millions);15.65;19.17;11.72
ASM;298;American Samoa;2009;PHC expenditures per capita in 2017 USD;275;337;206
ASM;298;American Samoa;2010;PHC ambulatory expenditures in 2017 USD (millions);6.86;9.38;3.44
ASM;298;American Samoa;2010;PHC ambulatory expenditures per capita in 2017 USD;121;166;61
ASM;298;American Samoa;2010;PHC expenditures in 2017 USD (millions);15.28;18.72;11.43
ASM;298;American Samoa;2010;PHC expenditures per capita in 2017 USD;270;331;202
ASM;298;American Samoa;2011;PHC ambulatory expenditures in 2017 USD (millions);6.71;9.18;3.38
ASM;298;American Samoa;2011;PHC ambulatory expenditures per capita in 2017 USD;119;163;60
ASM;298;American Samoa;2011;PHC expenditures in 2017 USD (millions);14.93;18.3;11.17
ASM;298;American Samoa;2011;PHC expenditures per capita in 2017 USD;265;325;198
ASM;298;American Samoa;2012;PHC ambulatory expenditures in 2017 USD (millions);6.35;8.69;3.21
ASM;298;American Samoa;2012;PHC ambulatory expenditures per capita in 2017 USD;113;155;57
ASM;298;American Samoa;2012;PHC expenditures in 2017 USD (millions);14.13;17.36;10.57
ASM;298;American Samoa;2012;PHC expenditures per capita in 2017 USD;251;309;188
ASM;298;American Samoa;2013;PHC ambulatory expenditures in 2017 USD (millions);6.14;8.42;3.12
ASM;298;American Samoa;2013;PHC ambulatory expenditures per capita in 2017 USD;110;150;56
ASM;298;American Samoa;2013;PHC expenditures in 2017 USD (millions);13.65;16.78;10.22
ASM;298;American Samoa;2013;PHC expenditures per capita in 2017 USD;244;300;182
ASM;298;American Samoa;2014;PHC ambulatory expenditures in 2017 USD (millions);6.19;8.47;3.16
ASM;298;American Samoa;2014;PHC ambulatory expenditures per capita in 2017 USD;111;152;57
ASM;298;American Samoa;2014;PHC expenditures in 2017 USD (millions);13.73;16.86;10.27
ASM;298;American Samoa;2014;PHC expenditures per capita in 2017 USD;246;302;184
ASM;298;American Samoa;2015;PHC ambulatory expenditures in 2017 USD (millions);6.27;8.58;3.21
ASM;298;American Samoa;2015;PHC ambulatory expenditures per capita in 2017 USD;112;154;58
ASM;298;American Samoa;2015;PHC expenditures in 2017 USD (millions);13.9;17.06;10.39
ASM;298;American Samoa;2015;PHC expenditures per capita in 2017 USD;249;306;186
ASM;298;American Samoa;2016;PHC ambulatory expenditures in 2017 USD (millions);6.27;8.58;3.21
ASM;298;American Samoa;2016;PHC ambulatory expenditures per capita in 2017 USD;113;154;58
ASM;298;American Samoa;2016;PHC expenditures in 2017 USD (millions);13.93;17.08;10.41
ASM;298;American Samoa;2016;PHC expenditures per capita in 2017 USD;250;307;187
ASM;298;American Samoa;2017;PHC ambulatory expenditures in 2017 USD (millions);6.18;8.44;3.15
ASM;298;American Samoa;2017;PHC ambulatory expenditures per capita in 2017 USD;111;152;57
ASM;298;American Samoa;2017;PHC expenditures in 2017 USD (millions);13.74;16.86;10.28
ASM;298;American Samoa;2017;PHC expenditures per capita in 2017 USD;247;303;185
AZE;34;Azerbaijan;2000;PHC ambulatory expenditures in 2017 USD (millions);74.47;101.03;43.89
AZE;34;Azerbaijan;2000;PHC ambulatory expenditures per capita in 2017 USD;9;12;5
AZE;34;Azerbaijan;2000;PHC expenditures in 2017 USD (millions);161.62;200.35;120.86
AZE;34;Azerbaijan;2000;PHC expenditures per capita in 2017 USD;20;24;15
AZE;34;Azerbaijan;2001;PHC ambulatory expenditures in 2017 USD (millions);76.66;104.03;45.29
AZE;34;Azerbaijan;2001;PHC ambulatory expenditures per capita in 2017 USD;9;12;5
AZE;34;Azerbaijan;2001;PHC expenditures in 2017 USD (millions);166.23;206.26;124.37
AZE;34;Azerbaijan;2001;PHC expenditures per capita in 2017 USD;20;25;15
AZE;34;Azerbaijan;2002;PHC ambulatory expenditures in 2017 USD (millions);99.3;134.81;58.75
AZE;34;Azerbaijan;2002;PHC ambulatory expenditures per capita in 2017 USD;12;16;7
AZE;34;Azerbaijan;2002;PHC expenditures in 2017 USD (millions);214.74;266.52;160.47
AZE;34;Azerbaijan;2002;PHC expenditures per capita in 2017 USD;26;32;19
AZE;34;Azerbaijan;2003;PHC ambulatory expenditures in 2017 USD (millions);123.81;168.22;73.97
AZE;34;Azerbaijan;2003;PHC ambulatory expenditures per capita in 2017 USD;15;20;9
AZE;34;Azerbaijan;2003;PHC expenditures in 2017 USD (millions);267.13;331.91;199.72
AZE;34;Azerbaijan;2003;PHC expenditures per capita in 2017 USD;31;39;24
AZE;34;Azerbaijan;2004;PHC ambulatory expenditures in 2017 USD (millions);158.3;215.08;94.87
AZE;34;Azerbaijan;2004;PHC ambulatory expenditures per capita in 2017 USD;18;25;11
AZE;34;Azerbaijan;2004;PHC expenditures in 2017 USD (millions);341.2;424.02;255.2
AZE;34;Azerbaijan;2004;PHC expenditures per capita in 2017 USD;40;49;30
AZE;34;Azerbaijan;2005;PHC ambulatory expenditures in 2017 USD (millions);193.28;262.59;116.21
AZE;34;Azerbaijan;2005;PHC ambulatory expenditures per capita in 2017 USD;22;30;13
AZE;34;Azerbaijan;2005;PHC expenditures in 2017 USD (millions);416.42;517.64;311.64
AZE;34;Azerbaijan;2005;PHC expenditures per capita in 2017 USD;48;60;36
AZE;34;Azerbaijan;2006;PHC ambulatory expenditures in 2017 USD (millions);232.83;316.33;139.87
AZE;34;Azerbaijan;2006;PHC ambulatory expenditures per capita in 2017 USD;26;36;16
AZE;34;Azerbaijan;2006;PHC expenditures in 2017 USD (millions);502.56;623.86;376.17
AZE;34;Azerbaijan;2006;PHC expenditures per capita in 2017 USD;57;71;43
AZE;34;Azerbaijan;2007;PHC ambulatory expenditures in 2017 USD (millions);256.14;347.41;152.38
AZE;34;Azerbaijan;2007;PHC ambulatory expenditures per capita in 2017 USD;29;39;17
AZE;34;Azerbaijan;2007;PHC expenditures in 2017 USD (millions);554.91;687.82;415.52
AZE;34;Azerbaijan;2007;PHC expenditures per capita in 2017 USD;62;77;47
AZE;34;Azerbaijan;2008;PHC ambulatory expenditures in 2017 USD (millions);283.14;384.22;165.82
AZE;34;Azerbaijan;2008;PHC ambulatory expenditures per capita in 2017 USD;31;43;18
AZE;34;Azerbaijan;2008;PHC expenditures in 2017 USD (millions);615.81;762.63;461.84
AZE;34;Azerbaijan;2008;PHC expenditures per capita in 2017 USD;68;84;51
AZE;34;Azerbaijan;2009;PHC ambulatory expenditures in 2017 USD (millions);308.44;418.73;178.71
AZE;34;Azerbaijan;2009;PHC ambulatory expenditures per capita in 2017 USD;34;46;19
AZE;34;Azerbaijan;2009;PHC expenditures in 2017 USD (millions);672.8;832.57;505.1
AZE;34;Azerbaijan;2009;PHC expenditures per capita in 2017 USD;73;91;55
AZE;34;Azerbaijan;2010;PHC ambulatory expenditures in 2017 USD (millions);310.26;421.37;178.74
AZE;34;Azerbaijan;2010;PHC ambulatory expenditures per capita in 2017 USD;33;45;19
AZE;34;Azerbaijan;2010;PHC expenditures in 2017 USD (millions);678.98;838.74;510.29
AZE;34;Azerbaijan;2010;PHC expenditures per capita in 2017 USD;73;90;55
AZE;34;Azerbaijan;2011;PHC ambulatory expenditures in 2017 USD (millions);326.92;444.4;188.13
AZE;34;Azerbaijan;2011;PHC ambulatory expenditures per capita in 2017 USD;35;47;20
AZE;34;Azerbaijan;2011;PHC expenditures in 2017 USD (millions);717.36;885.13;539.06
AZE;34;Azerbaijan;2011;PHC expenditures per capita in 2017 USD;76;94;57
AZE;34;Azerbaijan;2012;PHC ambulatory expenditures in 2017 USD (millions);346.71;471.83;197.18
AZE;34;Azerbaijan;2012;PHC ambulatory expenditures per capita in 2017 USD;36;49;21
AZE;34;Azerbaijan;2012;PHC expenditures in 2017 USD (millions);762.63;940.3;571.9
AZE;34;Azerbaijan;2012;PHC expenditures per capita in 2017 USD;80;98;60
AZE;34;Azerbaijan;2013;PHC ambulatory expenditures in 2017 USD (millions);376.98;513.47;212.45
AZE;34;Azerbaijan;2013;PHC ambulatory expenditures per capita in 2017 USD;39;53;22
AZE;34;Azerbaijan;2013;PHC expenditures in 2017 USD (millions);830.17;1021.57;622.08
AZE;34;Azerbaijan;2013;PHC expenditures per capita in 2017 USD;86;105;64
AZE;34;Azerbaijan;2014;PHC ambulatory expenditures in 2017 USD (millions);407.06;554.97;227.44
AZE;34;Azerbaijan;2014;PHC ambulatory expenditures per capita in 2017 USD;41;56;23
AZE;34;Azerbaijan;2014;PHC expenditures in 2017 USD (millions);897.58;1102.34;673
AZE;34;Azerbaijan;2014;PHC expenditures per capita in 2017 USD;91;112;68
AZE;34;Azerbaijan;2015;PHC ambulatory expenditures in 2017 USD (millions);454.67;620.33;252.38
AZE;34;Azerbaijan;2015;PHC ambulatory expenditures per capita in 2017 USD;46;62;25
AZE;34;Azerbaijan;2015;PHC expenditures in 2017 USD (millions);1003.18;1232.37;751.56
AZE;34;Azerbaijan;2015;PHC expenditures per capita in 2017 USD;101;124;75
AZE;34;Azerbaijan;2016;PHC ambulatory expenditures in 2017 USD (millions);459.46;626.9;254.16
AZE;34;Azerbaijan;2016;PHC ambulatory expenditures per capita in 2017 USD;45;62;25
AZE;34;Azerbaijan;2016;PHC expenditures in 2017 USD (millions);1014.83;1247.34;760.85
AZE;34;Azerbaijan;2016;PHC expenditures per capita in 2017 USD;100;123;75
AZE;34;Azerbaijan;2017;PHC ambulatory expenditures in 2017 USD (millions);476.97;650.81;263.63
AZE;34;Azerbaijan;2017;PHC ambulatory expenditures per capita in 2017 USD;47;64;26
AZE;34;Azerbaijan;2017;PHC expenditures in 2017 USD (millions);1054.03;1295.77;789.98
AZE;34;Azerbaijan;2017;PHC expenditures per capita in 2017 USD;103;127;77
BDI;175;Burundi;2000;PHC ambulatory expenditures in 2017 USD (millions);23.2;40.59;8.34
BDI;175;Burundi;2000;PHC ambulatory expenditures per capita in 2017 USD;4;6;1
BDI;175;Burundi;2000;PHC expenditures in 2017 USD (millions);70.73;90.96;51.34
BDI;175;Burundi;2000;PHC expenditures per capita in 2017 USD;11;15;8
BDI;175;Burundi;2001;PHC ambulatory expenditures in 2017 USD (millions);22.9;39.98;8.27
BDI;175;Burundi;2001;PHC ambulatory expenditures per capita in 2017 USD;4;6;1
BDI;175;Burundi;2001;PHC expenditures in 2017 USD (millions);69.98;89.92;50.9
BDI;175;Burundi;2001;PHC expenditures per capita in 2017 USD;11;14;8
BDI;175;Burundi;2002;PHC ambulatory expenditures in 2017 USD (millions);22.99;40.02;8.32
BDI;175;Burundi;2002;PHC ambulatory expenditures per capita in 2017 USD;3;6;1
BDI;175;Burundi;2002;PHC expenditures in 2017 USD (millions);70.34;90.32;51.26
BDI;175;Burundi;2002;PHC expenditures per capita in 2017 USD;11;14;8
BDI;175;Burundi;2003;PHC ambulatory expenditures in 2017 USD (millions);27.64;47.93;10.16
BDI;175;Burundi;2003;PHC ambulatory expenditures per capita in 2017 USD;4;7;1
BDI;175;Burundi;2003;PHC expenditures in 2017 USD (millions);84.75;108.64;61.81
BDI;175;Burundi;2003;PHC expenditures per capita in 2017 USD;12;16;9
BDI;175;Burundi;2004;PHC ambulatory expenditures in 2017 USD (millions);32.04;55.42;11.91
BDI;175;Burundi;2004;PHC ambulatory expenditures per capita in 2017 USD;5;8;2
BDI;175;Burundi;2004;PHC expenditures in 2017 USD (millions);98.41;125.96;71.84
BDI;175;Burundi;2004;PHC expenditures per capita in 2017 USD;14;18;10
BDI;175;Burundi;2005;PHC ambulatory expenditures in 2017 USD (millions);33.92;58.66;12.55
BDI;175;Burundi;2005;PHC ambulatory expenditures per capita in 2017 USD;5;8;2
BDI;175;Burundi;2005;PHC expenditures in 2017 USD (millions);103.98;133.19;75.68
BDI;175;Burundi;2005;PHC expenditures per capita in 2017 USD;14;18;10
BDI;175;Burundi;2006;PHC ambulatory expenditures in 2017 USD (millions);38.98;67.53;14.31
BDI;175;Burundi;2006;PHC ambulatory expenditures per capita in 2017 USD;5;9;2
BDI;175;Burundi;2006;PHC expenditures in 2017 USD (millions);119.06;152.74;86.46
BDI;175;Burundi;2006;PHC expenditures per capita in 2017 USD;16;20;11
BDI;175;Burundi;2007;PHC ambulatory expenditures in 2017 USD (millions);41;71.15;14.97
BDI;175;Burundi;2007;PHC ambulatory expenditures per capita in 2017 USD;5;9;2
BDI;175;Burundi;2007;PHC expenditures in 2017 USD (millions);124.93;160.46;90.56
BDI;175;Burundi;2007;PHC expenditures per capita in 2017 USD;16;20;12
BDI;175;Burundi;2008;PHC ambulatory expenditures in 2017 USD (millions);46.03;80.12;16.58
BDI;175;Burundi;2008;PHC ambulatory expenditures per capita in 2017 USD;6;10;2
BDI;175;Burundi;2008;PHC expenditures in 2017 USD (millions);139.65;179.76;100.9
BDI;175;Burundi;2008;PHC expenditures per capita in 2017 USD;17;22;12
BDI;175;Burundi;2009;PHC ambulatory expenditures in 2017 USD (millions);47.52;82.85;16.99
BDI;175;Burundi;2009;PHC ambulatory expenditures per capita in 2017 USD;5;9;2
BDI;175;Burundi;2009;PHC expenditures in 2017 USD (millions);143.82;185.44;103.67
BDI;175;Burundi;2009;PHC expenditures per capita in 2017 USD;16;21;12
BDI;175;Burundi;2010;PHC ambulatory expenditures in 2017 USD (millions);53.93;94.14;19.18
BDI;175;Burundi;2010;PHC ambulatory expenditures per capita in 2017 USD;6;10;2
BDI;175;Burundi;2010;PHC expenditures in 2017 USD (millions);162.82;210.14;117.23
BDI;175;Burundi;2010;PHC expenditures per capita in 2017 USD;18;23;13
BDI;175;Burundi;2011;PHC ambulatory expenditures in 2017 USD (millions);57.44;100.36;20.4
BDI;175;Burundi;2011;PHC ambulatory expenditures per capita in 2017 USD;6;11;2
BDI;175;Burundi;2011;PHC expenditures in 2017 USD (millions);173.27;223.6;124.75
BDI;175;Burundi;2011;PHC expenditures per capita in 2017 USD;19;24;14
BDI;175;Burundi;2012;PHC ambulatory expenditures in 2017 USD (millions);53.49;93.62;18.96
BDI;175;Burundi;2012;PHC ambulatory expenditures per capita in 2017 USD;6;10;2
BDI;175;Burundi;2012;PHC expenditures in 2017 USD (millions);161.15;207.95;115.9
BDI;175;Burundi;2012;PHC expenditures per capita in 2017 USD;17;22;12
BDI;175;Burundi;2013;PHC ambulatory expenditures in 2017 USD (millions);54.6;95.85;19.3
BDI;175;Burundi;2013;PHC ambulatory expenditures per capita in 2017 USD;6;10;2
BDI;175;Burundi;2013;PHC expenditures in 2017 USD (millions);163.99;212.05;117.71
BDI;175;Burundi;2013;PHC expenditures per capita in 2017 USD;17;21;12
BDI;175;Burundi;2014;PHC ambulatory expenditures in 2017 USD (millions);57.69;101.25;20.39
BDI;175;Burundi;2014;PHC ambulatory expenditures per capita in 2017 USD;6;10;2
BDI;175;Burundi;2014;PHC expenditures in 2017 USD (millions);173.22;224.1;124.39
BDI;175;Burundi;2014;PHC expenditures per capita in 2017 USD;17;22;12
BDI;175;Burundi;2015;PHC ambulatory expenditures in 2017 USD (millions);54.3;95.28;19.2
BDI;175;Burundi;2015;PHC ambulatory expenditures per capita in 2017 USD;5;9;2
BDI;175;Burundi;2015;PHC expenditures in 2017 USD (millions);163.14;211.02;117.21
BDI;175;Burundi;2015;PHC expenditures per capita in 2017 USD;16;21;11
BDI;175;Burundi;2016;PHC ambulatory expenditures in 2017 USD (millions);57.4;101.01;20.25
BDI;175;Burundi;2016;PHC ambulatory expenditures per capita in 2017 USD;5;10;2
BDI;175;Burundi;2016;PHC expenditures in 2017 USD (millions);172;222.69;123.34
BDI;175;Burundi;2016;PHC expenditures per capita in 2017 USD;16;21;12
BDI;175;Burundi;2017;PHC ambulatory expenditures in 2017 USD (millions);58.92;103.59;20.81
BDI;175;Burundi;2017;PHC ambulatory expenditures per capita in 2017 USD;5;9;2
BDI;175;Burundi;2017;PHC expenditures in 2017 USD (millions);176.75;228.62;126.95
BDI;175;Burundi;2017;PHC expenditures per capita in 2017 USD;16;21;12
BEN;200;Benin;2000;PHC ambulatory expenditures in 2017 USD (millions);21.89;50.21;5.24
BEN;200;Benin;2000;PHC ambulatory expenditures per capita in 2017 USD;3;7;1
BEN;200;Benin;2000;PHC expenditures in 2017 USD (millions);78.46;111.49;46.76
BEN;200;Benin;2000;PHC expenditures per capita in 2017 USD;12;17;7
BEN;200;Benin;2001;PHC ambulatory expenditures in 2017 USD (millions);22.4;51.26;5.39
BEN;200;Benin;2001;PHC ambulatory expenditures per capita in 2017 USD;3;7;1
BEN;200;Benin;2001;PHC expenditures in 2017 USD (millions);80.47;114.26;48.17
BEN;200;Benin;2001;PHC expenditures per capita in 2017 USD;12;17;7
BEN;200;Benin;2002;PHC ambulatory expenditures in 2017 USD (millions);22.94;52.39;5.54
BEN;200;Benin;2002;PHC ambulatory expenditures per capita in 2017 USD;3;7;1
BEN;200;Benin;2002;PHC expenditures in 2017 USD (millions);82.58;117.38;49.52
BEN;200;Benin;2002;PHC expenditures per capita in 2017 USD;12;16;7
BEN;200;Benin;2003;PHC ambulatory expenditures in 2017 USD (millions);24.33;55.53;5.88
BEN;200;Benin;2003;PHC ambulatory expenditures per capita in 2017 USD;3;8;1
BEN;200;Benin;2003;PHC expenditures in 2017 USD (millions);87.65;124.75;52.75
BEN;200;Benin;2003;PHC expenditures per capita in 2017 USD;12;17;7
BEN;200;Benin;2004;PHC ambulatory expenditures in 2017 USD (millions);26.55;60.56;6.42
BEN;200;Benin;2004;PHC ambulatory expenditures per capita in 2017 USD;3;8;1
BEN;200;Benin;2004;PHC expenditures in 2017 USD (millions);95.66;135.94;57.63
BEN;200;Benin;2004;PHC expenditures per capita in 2017 USD;13;18;8
BEN;200;Benin;2005;PHC ambulatory expenditures in 2017 USD (millions);27.78;63.24;6.73
BEN;200;Benin;2005;PHC ambulatory expenditures per capita in 2017 USD;4;8;1
BEN;200;Benin;2005;PHC expenditures in 2017 USD (millions);100.15;141.95;60.33
BEN;200;Benin;2005;PHC expenditures per capita in 2017 USD;13;18;8
BEN;200;Benin;2006;PHC ambulatory expenditures in 2017 USD (millions);26.79;61.02;6.47
BEN;200;Benin;2006;PHC ambulatory expenditures per capita in 2017 USD;3;7;1
BEN;200;Benin;2006;PHC expenditures in 2017 USD (millions);96.82;137.16;58.48
BEN;200;Benin;2006;PHC expenditures per capita in 2017 USD;12;17;7
BEN;200;Benin;2007;PHC ambulatory expenditures in 2017 USD (millions);28.31;64.51;6.83
BEN;200;Benin;2007;PHC ambulatory expenditures per capita in 2017 USD;3;8;1
BEN;200;Benin;2007;PHC expenditures in 2017 USD (millions);102.24;145.11;61.65
BEN;200;Benin;2007;PHC expenditures per capita in 2017 USD;12;17;7
BEN;200;Benin;2008;PHC ambulatory expenditures in 2017 USD (millions);29.56;67.64;7.09
BEN;200;Benin;2008;PHC ambulatory expenditures per capita in 2017 USD;3;8;1
BEN;200;Benin;2008;PHC expenditures in 2017 USD (millions);106.72;152.05;64.18
BEN;200;Benin;2008;PHC expenditures per capita in 2017 USD;12;17;7
BEN;200;Benin;2009;PHC ambulatory expenditures in 2017 USD (millions);35.04;80.36;8.37
BEN;200;Benin;2009;PHC ambulatory expenditures per capita in 2017 USD;4;9;1
BEN;200;Benin;2009;PHC expenditures in 2017 USD (millions);125.92;179.98;75.17
BEN;200;Benin;2009;PHC expenditures per capita in 2017 USD;14;20;8
BEN;200;Benin;2010;PHC ambulatory expenditures in 2017 USD (millions);32.66;75;7.79
BEN;200;Benin;2010;PHC ambulatory expenditures per capita in 2017 USD;3;8;1
BEN;200;Benin;2010;PHC expenditures in 2017 USD (millions);117.74;168.22;70.22
BEN;200;Benin;2010;PHC expenditures per capita in 2017 USD;13;18;8
BEN;200;Benin;2011;PHC ambulatory expenditures in 2017 USD (millions);35.94;82.62;8.55
BEN;200;Benin;2011;PHC ambulatory expenditures per capita in 2017 USD;4;9;1
BEN;200;Benin;2011;PHC expenditures in 2017 USD (millions);129.07;184.52;77.49
BEN;200;Benin;2011;PHC expenditures per capita in 2017 USD;13;19;8
BEN;200;Benin;2012;PHC ambulatory expenditures in 2017 USD (millions);32.53;74.73;7.76
BEN;200;Benin;2012;PHC ambulatory expenditures per capita in 2017 USD;3;8;1
BEN;200;Benin;2012;PHC expenditures in 2017 USD (millions);117.15;167.54;70.26
BEN;200;Benin;2012;PHC expenditures per capita in 2017 USD;12;17;7
BEN;200;Benin;2013;PHC ambulatory expenditures in 2017 USD (millions);32.99;75.81;7.87
BEN;200;Benin;2013;PHC ambulatory expenditures per capita in 2017 USD;3;7;1
BEN;200;Benin;2013;PHC expenditures in 2017 USD (millions);118.68;169.71;71.06
BEN;200;Benin;2013;PHC expenditures per capita in 2017 USD;12;17;7
BEN;200;Benin;2014;PHC ambulatory expenditures in 2017 USD (millions);36.82;84.92;8.75
BEN;200;Benin;2014;PHC ambulatory expenditures per capita in 2017 USD;3;8;1
BEN;200;Benin;2014;PHC expenditures in 2017 USD (millions);131.88;188.93;78.16
BEN;200;Benin;2014;PHC expenditures per capita in 2017 USD;12;18;7
BEN;200;Benin;2015;PHC ambulatory expenditures in 2017 USD (millions);36.88;84.78;8.79
BEN;200;Benin;2015;PHC ambulatory expenditures per capita in 2017 USD;3;8;1
BEN;200;Benin;2015;PHC expenditures in 2017 USD (millions);132.21;188.79;78.95
BEN;200;Benin;2015;PHC expenditures per capita in 2017 USD;12;17;7
BEN;200;Benin;2016;PHC ambulatory expenditures in 2017 USD (millions);37.46;86.07;8.92
BEN;200;Benin;2016;PHC ambulatory expenditures per capita in 2017 USD;3;8;1
BEN;200;Benin;2016;PHC expenditures in 2017 USD (millions);134.39;192.34;80.24
BEN;200;Benin;2016;PHC expenditures per capita in 2017 USD;12;17;7
BEN;200;Benin;2017;PHC ambulatory expenditures in 2017 USD (millions);45.88;105.12;10.94
BEN;200;Benin;2017;PHC ambulatory expenditures per capita in 2017 USD;4;9;1
BEN;200;Benin;2017;PHC expenditures in 2017 USD (millions);163.95;234.91;98.01
BEN;200;Benin;2017;PHC expenditures per capita in 2017 USD;14;20;8
BFA;201;Burkina Faso;2000;PHC ambulatory expenditures in 2017 USD (millions);27.48;38.74;15.61
BFA;201;Burkina Faso;2000;PHC ambulatory expenditures per capita in 2017 USD;2;3;1
BFA;201;Burkina Faso;2000;PHC expenditures in 2017 USD (millions);92.36;115.13;71.93
BFA;201;Burkina Faso;2000;PHC expenditures per capita in 2017 USD;8;9;6
BFA;201;Burkina Faso;2001;PHC ambulatory expenditures in 2017 USD (millions);30.13;42.46;17.11
BFA;201;Burkina Faso;2001;PHC ambulatory expenditures per capita in 2017 USD;2;3;1
BFA;201;Burkina Faso;2001;PHC expenditures in 2017 USD (millions);101.29;126.24;78.93
BFA;201;Burkina Faso;2001;PHC expenditures per capita in 2017 USD;8;10;6
BFA;201;Burkina Faso;2002;PHC ambulatory expenditures in 2017 USD (millions);30.36;42.72;17.3
BFA;201;Burkina Faso;2002;PHC ambulatory expenditures per capita in 2017 USD;2;3;1
BFA;201;Burkina Faso;2002;PHC expenditures in 2017 USD (millions);102.27;127.32;79.85
BFA;201;Burkina Faso;2002;PHC expenditures per capita in 2017 USD;8;10;6
BFA;201;Burkina Faso;2003;PHC ambulatory expenditures in 2017 USD (millions);35.6;50.1;20.28
BFA;201;Burkina Faso;2003;PHC ambulatory expenditures per capita in 2017 USD;3;4;2
BFA;201;Burkina Faso;2003;PHC expenditures in 2017 USD (millions);119.85;149.15;93.64
BFA;201;Burkina Faso;2003;PHC expenditures per capita in 2017 USD;9;11;7
BFA;201;Burkina Faso;2004;PHC ambulatory expenditures in 2017 USD (millions);42.52;59.71;24.28
BFA;201;Burkina Faso;2004;PHC ambulatory expenditures per capita in 2017 USD;3;4;2
BFA;201;Burkina Faso;2004;PHC expenditures in 2017 USD (millions);143.27;178.11;112.04
BFA;201;Burkina Faso;2004;PHC expenditures per capita in 2017 USD;10;13;8
BFA;201;Burkina Faso;2005;PHC ambulatory expenditures in 2017 USD (millions);47.48;66.7;27.12
BFA;201;Burkina Faso;2005;PHC ambulatory expenditures per capita in 2017 USD;3;5;2
BFA;201;Burkina Faso;2005;PHC expenditures in 2017 USD (millions);159.92;198.79;125.04
BFA;201;Burkina Faso;2005;PHC expenditures per capita in 2017 USD;11;14;9
BFA;201;Burkina Faso;2006;PHC ambulatory expenditures in 2017 USD (millions);52.12;73.26;29.77
BFA;201;Burkina Faso;2006;PHC ambulatory expenditures per capita in 2017 USD;4;5;2
BFA;201;Burkina Faso;2006;PHC expenditures in 2017 USD (millions);175.55;218.21;137.26
BFA;201;Burkina Faso;2006;PHC expenditures per capita in 2017 USD;12;15;9
BFA;201;Burkina Faso;2007;PHC ambulatory expenditures in 2017 USD (millions);55.26;77.75;31.55
BFA;201;Burkina Faso;2007;PHC ambulatory expenditures per capita in 2017 USD;4;5;2
BFA;201;Burkina Faso;2007;PHC expenditures in 2017 USD (millions);186.05;231.29;145.46
BFA;201;Burkina Faso;2007;PHC expenditures per capita in 2017 USD;12;15;9
BFA;201;Burkina Faso;2008;PHC ambulatory expenditures in 2017 USD (millions);60.38;85.05;34.36
BFA;201;Burkina Faso;2008;PHC ambulatory expenditures per capita in 2017 USD;4;5;2
BFA;201;Burkina Faso;2008;PHC expenditures in 2017 USD (millions);202.89;252.52;158.4
BFA;201;Burkina Faso;2008;PHC expenditures per capita in 2017 USD;13;16;10
BFA;201;Burkina Faso;2009;PHC ambulatory expenditures in 2017 USD (millions);66.73;93.99;37.95
BFA;201;Burkina Faso;2009;PHC ambulatory expenditures per capita in 2017 USD;4;6;2
BFA;201;Burkina Faso;2009;PHC expenditures in 2017 USD (millions);224.12;278.97;174.95
BFA;201;Burkina Faso;2009;PHC expenditures per capita in 2017 USD;14;17;11
BFA;201;Burkina Faso;2010;PHC ambulatory expenditures in 2017 USD (millions);75.06;105.79;42.6
BFA;201;Burkina Faso;2010;PHC ambulatory expenditures per capita in 2017 USD;4;6;3
BFA;201;Burkina Faso;2010;PHC expenditures in 2017 USD (millions);251.82;313.75;196.4
BFA;201;Burkina Faso;2010;PHC expenditures per capita in 2017 USD;15;19;12
BFA;201;Burkina Faso;2011;PHC ambulatory expenditures in 2017 USD (millions);66.2;93.29;37.62
BFA;201;Burkina Faso;2011;PHC ambulatory expenditures per capita in 2017 USD;4;5;2
BFA;201;Burkina Faso;2011;PHC expenditures in 2017 USD (millions);222.47;277.05;173.63
BFA;201;Burkina Faso;2011;PHC expenditures per capita in 2017 USD;13;16;10
BFA;201;Burkina Faso;2012;PHC ambulatory expenditures in 2017 USD (millions);81.36;114.72;46.14
BFA;201;Burkina Faso;2012;PHC ambulatory expenditures per capita in 2017 USD;5;6;3
BFA;201;Burkina Faso;2012;PHC expenditures in 2017 USD (millions);273.01;340.32;212.86
BFA;201;Burkina Faso;2012;PHC expenditures per capita in 2017 USD;15;19;12
BFA;201;Burkina Faso;2013;PHC ambulatory expenditures in 2017 USD (millions);91.01;128.33;51.64
BFA;201;Burkina Faso;2013;PHC ambulatory expenditures per capita in 2017 USD;5;7;3
BFA;201;Burkina Faso;2013;PHC expenditures in 2017 USD (millions);305.46;380.8;238.16
BFA;201;Burkina Faso;2013;PHC expenditures per capita in 2017 USD;16;20;13
BFA;201;Burkina Faso;2014;PHC ambulatory expenditures in 2017 USD (millions);93.55;131.95;53.03
BFA;201;Burkina Faso;2014;PHC ambulatory expenditures per capita in 2017 USD;5;7;3
BFA;201;Burkina Faso;2014;PHC expenditures in 2017 USD (millions);313.96;391.58;244.66
BFA;201;Burkina Faso;2014;PHC expenditures per capita in 2017 USD;16;20;13
BFA;201;Burkina Faso;2015;PHC ambulatory expenditures in 2017 USD (millions);103.22;145.57;58.52
BFA;201;Burkina Faso;2015;PHC ambulatory expenditures per capita in 2017 USD;5;7;3
BFA;201;Burkina Faso;2015;PHC expenditures in 2017 USD (millions);346.38;432.08;269.95
BFA;201;Burkina Faso;2015;PHC expenditures per capita in 2017 USD;17;22;14
BFA;201;Burkina Faso;2016;PHC ambulatory expenditures in 2017 USD (millions);116.6;164.32;66.25
BFA;201;Burkina Faso;2016;PHC ambulatory expenditures per capita in 2017 USD;6;8;3
BFA;201;Burkina Faso;2016;PHC expenditures in 2017 USD (millions);391.69;488.36;305.74
BFA;201;Burkina Faso;2016;PHC expenditures per capita in 2017 USD;19;24;15
BFA;201;Burkina Faso;2017;PHC ambulatory expenditures in 2017 USD (millions);134.06;188.78;76.35
BFA;201;Burkina Faso;2017;PHC ambulatory expenditures per capita in 2017 USD;6;9;4
BFA;201;Burkina Faso;2017;PHC expenditures in 2017 USD (millions);450.72;561.7;352.45
BFA;201;Burkina Faso;2017;PHC expenditures per capita in 2017 USD;21;27;17
BGD;161;Bangladesh;2000;PHC ambulatory expenditures in 2017 USD (millions);305.98;467.81;67.03
BGD;161;Bangladesh;2000;PHC ambulatory expenditures per capita in 2017 USD;2;4;1
BGD;161;Bangladesh;2000;PHC expenditures in 2017 USD (millions);822.86;1186.86;496.07
BGD;161;Bangladesh;2000;PHC expenditures per capita in 2017 USD;6;9;4
BGD;161;Bangladesh;2001;PHC ambulatory expenditures in 2017 USD (millions);325.6;496.84;71.45
BGD;161;Bangladesh;2001;PHC ambulatory expenditures per capita in 2017 USD;3;4;1
BGD;161;Bangladesh;2001;PHC expenditures in 2017 USD (millions);877.38;1265.11;528.07
BGD;161;Bangladesh;2001;PHC expenditures per capita in 2017 USD;7;10;4
BGD;161;Bangladesh;2002;PHC ambulatory expenditures in 2017 USD (millions);335.72;509.33;73.85
BGD;161;Bangladesh;2002;PHC ambulatory expenditures per capita in 2017 USD;3;4;1
BGD;161;Bangladesh;2002;PHC expenditures in 2017 USD (millions);906.89;1307.56;548.19
BGD;161;Bangladesh;2002;PHC expenditures per capita in 2017 USD;7;10;4
BGD;161;Bangladesh;2003;PHC ambulatory expenditures in 2017 USD (millions);358.15;542.69;79.01
BGD;161;Bangladesh;2003;PHC ambulatory expenditures per capita in 2017 USD;3;4;1
BGD;161;Bangladesh;2003;PHC expenditures in 2017 USD (millions);969.7;1396.88;587.01
BGD;161;Bangladesh;2003;PHC expenditures per capita in 2017 USD;7;10;4
BGD;161;Bangladesh;2004;PHC ambulatory expenditures in 2017 USD (millions);379.71;575.43;83.97
BGD;161;Bangladesh;2004;PHC ambulatory expenditures per capita in 2017 USD;3;4;1
BGD;161;Bangladesh;2004;PHC expenditures in 2017 USD (millions);1029.65;1481.32;621.86
BGD;161;Bangladesh;2004;PHC expenditures per capita in 2017 USD;8;11;5
BGD;161;Bangladesh;2005;PHC ambulatory expenditures in 2017 USD (millions);421.85;637.86;93.43
BGD;161;Bangladesh;2005;PHC ambulatory expenditures per capita in 2017 USD;3;5;1
BGD;161;Bangladesh;2005;PHC expenditures in 2017 USD (millions);1144.32;1645.39;689.84
BGD;161;Bangladesh;2005;PHC expenditures per capita in 2017 USD;8;12;5
BGD;161;Bangladesh;2006;PHC ambulatory expenditures in 2017 USD (millions);452.39;684.05;100.34
BGD;161;Bangladesh;2006;PHC ambulatory expenditures per capita in 2017 USD;3;5;1
BGD;161;Bangladesh;2006;PHC expenditures in 2017 USD (millions);1227.78;1762.39;743.98
BGD;161;Bangladesh;2006;PHC expenditures per capita in 2017 USD;9;13;5
BGD;161;Bangladesh;2007;PHC ambulatory expenditures in 2017 USD (millions);466.64;705.65;103.66
BGD;161;Bangladesh;2007;PHC ambulatory expenditures per capita in 2017 USD;3;5;1
BGD;161;Bangladesh;2007;PHC expenditures in 2017 USD (millions);1267.8;1818.78;766.82
BGD;161;Bangladesh;2007;PHC expenditures per capita in 2017 USD;9;13;5
BGD;161;Bangladesh;2008;PHC ambulatory expenditures in 2017 USD (millions);538;813.38;119.69
BGD;161;Bangladesh;2008;PHC ambulatory expenditures per capita in 2017 USD;4;6;1
BGD;161;Bangladesh;2008;PHC expenditures in 2017 USD (millions);1461.19;2094.44;884.5
BGD;161;Bangladesh;2008;PHC expenditures per capita in 2017 USD;10;15;6
BGD;161;Bangladesh;2009;PHC ambulatory expenditures in 2017 USD (millions);558.29;844.04;124.18
BGD;161;Bangladesh;2009;PHC ambulatory expenditures per capita in 2017 USD;4;6;1
BGD;161;Bangladesh;2009;PHC expenditures in 2017 USD (millions);1516.19;2171.48;917.82
BGD;161;Bangladesh;2009;PHC expenditures per capita in 2017 USD;11;15;6
BGD;161;Bangladesh;2010;PHC ambulatory expenditures in 2017 USD (millions);601.38;909.16;133.76
BGD;161;Bangladesh;2010;PHC ambulatory expenditures per capita in 2017 USD;4;6;1
BGD;161;Bangladesh;2010;PHC expenditures in 2017 USD (millions);1632.6;2336.04;987.09
BGD;161;Bangladesh;2010;PHC expenditures per capita in 2017 USD;11;16;7
BGD;161;Bangladesh;2011;PHC ambulatory expenditures in 2017 USD (millions);663.08;1002.3;147.55
BGD;161;Bangladesh;2011;PHC ambulatory expenditures per capita in 2017 USD;5;7;1
BGD;161;Bangladesh;2011;PHC expenditures in 2017 USD (millions);1799.6;2573.6;1088.54
BGD;161;Bangladesh;2011;PHC expenditures per capita in 2017 USD;12;17;7
BGD;161;Bangladesh;2012;PHC ambulatory expenditures in 2017 USD (millions);717.28;1084.56;159.61
BGD;161;Bangladesh;2012;PHC ambulatory expenditures per capita in 2017 USD;5;7;1
BGD;161;Bangladesh;2012;PHC expenditures in 2017 USD (millions);1945.83;2782.73;1178.45
BGD;161;Bangladesh;2012;PHC expenditures per capita in 2017 USD;13;19;8
BGD;161;Bangladesh;2013;PHC ambulatory expenditures in 2017 USD (millions);776;1172.94;172.81
BGD;161;Bangladesh;2013;PHC ambulatory expenditures per capita in 2017 USD;5;8;1
BGD;161;Bangladesh;2013;PHC expenditures in 2017 USD (millions);2105.13;3011.47;1278.92
BGD;161;Bangladesh;2013;PHC expenditures per capita in 2017 USD;14;20;8
BGD;161;Bangladesh;2014;PHC ambulatory expenditures in 2017 USD (millions);790.21;1193.84;176.32
BGD;161;Bangladesh;2014;PHC ambulatory expenditures per capita in 2017 USD;5;8;1
BGD;161;Bangladesh;2014;PHC expenditures in 2017 USD (millions);2146.93;3069.93;1307.9
BGD;161;Bangladesh;2014;PHC expenditures per capita in 2017 USD;14;20;9
BGD;161;Bangladesh;2015;PHC ambulatory expenditures in 2017 USD (millions);824.81;1245.65;184.38
BGD;161;Bangladesh;2015;PHC ambulatory expenditures per capita in 2017 USD;5;8;1
BGD;161;Bangladesh;2015;PHC expenditures in 2017 USD (millions);2244.51;3207.38;1367.96
BGD;161;Bangladesh;2015;PHC expenditures per capita in 2017 USD;15;21;9
BGD;161;Bangladesh;2016;PHC ambulatory expenditures in 2017 USD (millions);856.9;1293.66;191.86
BGD;161;Bangladesh;2016;PHC ambulatory expenditures per capita in 2017 USD;6;8;1
BGD;161;Bangladesh;2016;PHC expenditures in 2017 USD (millions);2335.28;3334.25;1422.07
BGD;161;Bangladesh;2016;PHC expenditures per capita in 2017 USD;15;21;9
BGD;161;Bangladesh;2017;PHC ambulatory expenditures in 2017 USD (millions);913.75;1379.11;204.87
BGD;161;Bangladesh;2017;PHC ambulatory expenditures per capita in 2017 USD;6;9;1
BGD;161;Bangladesh;2017;PHC expenditures in 2017 USD (millions);2493.25;3555.41;1516.93
BGD;161;Bangladesh;2017;PHC expenditures per capita in 2017 USD;16;23;10
BGR;45;Bulgaria;2000;PHC ambulatory expenditures in 2017 USD (millions);202.41;357.62;44.49
BGR;45;Bulgaria;2000;PHC ambulatory expenditures per capita in 2017 USD;25;45;6
BGR;45;Bulgaria;2000;PHC expenditures in 2017 USD (millions);692.49;988.79;392.57
BGR;45;Bulgaria;2000;PHC expenditures per capita in 2017 USD;87;124;49
BGR;45;Bulgaria;2001;PHC ambulatory expenditures in 2017 USD (millions);228.6;403.38;50.4
BGR;45;Bulgaria;2001;PHC ambulatory expenditures per capita in 2017 USD;29;51;6
BGR;45;Bulgaria;2001;PHC expenditures in 2017 USD (millions);780.67;1114.56;442.68
BGR;45;Bulgaria;2001;PHC expenditures per capita in 2017 USD;99;141;56
BGR;45;Bulgaria;2002;PHC ambulatory expenditures in 2017 USD (millions);251.95;444.12;55.74
BGR;45;Bulgaria;2002;PHC ambulatory expenditures per capita in 2017 USD;32;57;7
BGR;45;Bulgaria;2002;PHC expenditures in 2017 USD (millions);859.13;1226.18;487.35
BGR;45;Bulgaria;2002;PHC expenditures per capita in 2017 USD;109;156;62
BGR;45;Bulgaria;2003;PHC ambulatory expenditures in 2017 USD (millions);272.39;479.82;60.41
BGR;45;Bulgaria;2003;PHC ambulatory expenditures per capita in 2017 USD;35;62;8
BGR;45;Bulgaria;2003;PHC expenditures in 2017 USD (millions);928;1323.75;526.91
BGR;45;Bulgaria;2003;PHC expenditures per capita in 2017 USD;119;170;68
BGR;45;Bulgaria;2004;PHC ambulatory expenditures in 2017 USD (millions);287.83;506.85;63.88
BGR;45;Bulgaria;2004;PHC ambulatory expenditures per capita in 2017 USD;37;65;8
BGR;45;Bulgaria;2004;PHC expenditures in 2017 USD (millions);980.05;1397.44;556.63
BGR;45;Bulgaria;2004;PHC expenditures per capita in 2017 USD;126;180;72
BGR;45;Bulgaria;2005;PHC ambulatory expenditures in 2017 USD (millions);301.44;530.73;66.88
BGR;45;Bulgaria;2005;PHC ambulatory expenditures per capita in 2017 USD;39;69;9
BGR;45;Bulgaria;2005;PHC expenditures in 2017 USD (millions);1026.24;1462.84;582.94
BGR;45;Bulgaria;2005;PHC expenditures per capita in 2017 USD;133;189;76
BGR;45;Bulgaria;2006;PHC ambulatory expenditures in 2017 USD (millions);301.44;530.79;66.79
BGR;45;Bulgaria;2006;PHC ambulatory expenditures per capita in 2017 USD;39;69;9
BGR;45;Bulgaria;2006;PHC expenditures in 2017 USD (millions);1026.88;1463.09;583.05
BGR;45;Bulgaria;2006;PHC expenditures per capita in 2017 USD;134;191;76
BGR;45;Bulgaria;2007;PHC ambulatory expenditures in 2017 USD (millions);330.88;582.89;73.15
BGR;45;Bulgaria;2007;PHC ambulatory expenditures per capita in 2017 USD;43;76;10
BGR;45;Bulgaria;2007;PHC expenditures in 2017 USD (millions);1127.35;1605.92;638.68
BGR;45;Bulgaria;2007;PHC expenditures per capita in 2017 USD;148;210;84
BGR;45;Bulgaria;2008;PHC ambulatory expenditures in 2017 USD (millions);343.1;604.45;75.81
BGR;45;Bulgaria;2008;PHC ambulatory expenditures per capita in 2017 USD;45;80;10
BGR;45;Bulgaria;2008;PHC expenditures in 2017 USD (millions);1169.07;1664.51;661.67
BGR;45;Bulgaria;2008;PHC expenditures per capita in 2017 USD;154;220;87
BGR;45;Bulgaria;2009;PHC ambulatory expenditures in 2017 USD (millions);366.42;645.56;81.03
BGR;45;Bulgaria;2009;PHC ambulatory expenditures per capita in 2017 USD;49;86;11
BGR;45;Bulgaria;2009;PHC expenditures in 2017 USD (millions);1247.94;1776.92;706.44
BGR;45;Bulgaria;2009;PHC expenditures per capita in 2017 USD;166;236;94
BGR;45;Bulgaria;2010;PHC ambulatory expenditures in 2017 USD (millions);368.66;649.05;81.75
BGR;45;Bulgaria;2010;PHC ambulatory expenditures per capita in 2017 USD;50;87;11
BGR;45;Bulgaria;2010;PHC expenditures in 2017 USD (millions);1254.05;1785.11;711.43
BGR;45;Bulgaria;2010;PHC expenditures per capita in 2017 USD;168;240;96
BGR;45;Bulgaria;2011;PHC ambulatory expenditures in 2017 USD (millions);376.68;663.12;83.59
BGR;45;Bulgaria;2011;PHC ambulatory expenditures per capita in 2017 USD;51;90;11
BGR;45;Bulgaria;2011;PHC expenditures in 2017 USD (millions);1280.55;1822.96;726.88
BGR;45;Bulgaria;2011;PHC expenditures per capita in 2017 USD;174;248;99
BGR;45;Bulgaria;2012;PHC ambulatory expenditures in 2017 USD (millions);396.42;697.72;88.03
BGR;45;Bulgaria;2012;PHC ambulatory expenditures per capita in 2017 USD;54;96;12
BGR;45;Bulgaria;2012;PHC expenditures in 2017 USD (millions);1346.16;1916.83;764.67
BGR;45;Bulgaria;2012;PHC expenditures per capita in 2017 USD;185;263;105
BGR;45;Bulgaria;2013;PHC ambulatory expenditures in 2017 USD (millions);425.34;748.1;94.59
BGR;45;Bulgaria;2013;PHC ambulatory expenditures per capita in 2017 USD;59;103;13
BGR;45;Bulgaria;2013;PHC expenditures in 2017 USD (millions);1441.86;2053.2;820.26
BGR;45;Bulgaria;2013;PHC expenditures per capita in 2017 USD;199;283;113
BGR;45;Bulgaria;2014;PHC ambulatory expenditures in 2017 USD (millions);463.69;815.85;103.4
BGR;45;Bulgaria;2014;PHC ambulatory expenditures per capita in 2017 USD;64;113;14
BGR;45;Bulgaria;2014;PHC expenditures in 2017 USD (millions);1568.74;2233.42;894.59
BGR;45;Bulgaria;2014;PHC expenditures per capita in 2017 USD;218;310;124
BGR;45;Bulgaria;2015;PHC ambulatory expenditures in 2017 USD (millions);478.64;842.5;106.99
BGR;45;Bulgaria;2015;PHC ambulatory expenditures per capita in 2017 USD;67;118;15
BGR;45;Bulgaria;2015;PHC expenditures in 2017 USD (millions);1617.02;2301.84;924.27
BGR;45;Bulgaria;2015;PHC expenditures per capita in 2017 USD;226;322;129
BGR;45;Bulgaria;2016;PHC ambulatory expenditures in 2017 USD (millions);475.14;836.45;106.31
BGR;45;Bulgaria;2016;PHC ambulatory expenditures per capita in 2017 USD;67;118;15
BGR;45;Bulgaria;2016;PHC expenditures in 2017 USD (millions);1604.83;2283.61;919.29
BGR;45;Bulgaria;2016;PHC expenditures per capita in 2017 USD;226;322;129
BGR;45;Bulgaria;2017;PHC ambulatory expenditures in 2017 USD (millions);494.51;871.05;110.54
BGR;45;Bulgaria;2017;PHC ambulatory expenditures per capita in 2017 USD;70;124;16
BGR;45;Bulgaria;2017;PHC expenditures in 2017 USD (millions);1669.29;2374.05;957.77
BGR;45;Bulgaria;2017;PHC expenditures per capita in 2017 USD;237;337;136
BIH;44;Bosnia and Herzegovina;2000;PHC ambulatory expenditures in 2017 USD (millions);145.48;229.8;51.66
BIH;44;Bosnia and Herzegovina;2000;PHC ambulatory expenditures per capita in 2017 USD;36;56;13
BIH;44;Bosnia and Herzegovina;2000;PHC expenditures in 2017 USD (millions);316.73;480.66;168.94
BIH;44;Bosnia and Herzegovina;2000;PHC expenditures per capita in 2017 USD;78;118;41
BIH;44;Bosnia and Herzegovina;2001;PHC ambulatory expenditures in 2017 USD (millions);143.86;226.81;51.17
BIH;44;Bosnia and Herzegovina;2001;PHC ambulatory expenditures per capita in 2017 USD;36;56;13
BIH;44;Bosnia and Herzegovina;2001;PHC expenditures in 2017 USD (millions);314.2;476.77;168.03
BIH;44;Bosnia and Herzegovina;2001;PHC expenditures per capita in 2017 USD;78;118;41
BIH;44;Bosnia and Herzegovina;2002;PHC ambulatory expenditures in 2017 USD (millions);152.45;240.14;54.29
BIH;44;Bosnia and Herzegovina;2002;PHC ambulatory expenditures per capita in 2017 USD;38;59;13
BIH;44;Bosnia and Herzegovina;2002;PHC expenditures in 2017 USD (millions);333.53;505.93;178.67
BIH;44;Bosnia and Herzegovina;2002;PHC expenditures per capita in 2017 USD;82;125;44
BIH;44;Bosnia and Herzegovina;2003;PHC ambulatory expenditures in 2017 USD (millions);168.13;264.91;59.94
BIH;44;Bosnia and Herzegovina;2003;PHC ambulatory expenditures per capita in 2017 USD;41;65;15
BIH;44;Bosnia and Herzegovina;2003;PHC expenditures in 2017 USD (millions);368.4;558.5;197.62
BIH;44;Bosnia and Herzegovina;2003;PHC expenditures per capita in 2017 USD;90;137;48
BIH;44;Bosnia and Herzegovina;2004;PHC ambulatory expenditures in 2017 USD (millions);182.35;287.16;65.03
BIH;44;Bosnia and Herzegovina;2004;PHC ambulatory expenditures per capita in 2017 USD;44;70;16
BIH;44;Bosnia and Herzegovina;2004;PHC expenditures in 2017 USD (millions);399.71;605.87;214.48
BIH;44;Bosnia and Herzegovina;2004;PHC expenditures per capita in 2017 USD;97;147;52
BIH;44;Bosnia and Herzegovina;2005;PHC ambulatory expenditures in 2017 USD (millions);199.68;314.49;71.24
BIH;44;Bosnia and Herzegovina;2005;PHC ambulatory expenditures per capita in 2017 USD;49;78;18
BIH;44;Bosnia and Herzegovina;2005;PHC expenditures in 2017 USD (millions);437.55;663.34;234.68
BIH;44;Bosnia and Herzegovina;2005;PHC expenditures per capita in 2017 USD;108;164;58
BIH;44;Bosnia and Herzegovina;2006;PHC ambulatory expenditures in 2017 USD (millions);215.27;339.06;76.83
BIH;44;Bosnia and Herzegovina;2006;PHC ambulatory expenditures per capita in 2017 USD;54;85;19
BIH;44;Bosnia and Herzegovina;2006;PHC expenditures in 2017 USD (millions);471.68;714.96;252.88
BIH;44;Bosnia and Herzegovina;2006;PHC expenditures per capita in 2017 USD;119;180;64
BIH;44;Bosnia and Herzegovina;2007;PHC ambulatory expenditures in 2017 USD (millions);231.2;363.91;82.58
BIH;44;Bosnia and Herzegovina;2007;PHC ambulatory expenditures per capita in 2017 USD;58;92;21
BIH;44;Bosnia and Herzegovina;2007;PHC expenditures in 2017 USD (millions);507.04;768.11;272.04
BIH;44;Bosnia and Herzegovina;2007;PHC expenditures per capita in 2017 USD;128;194;69
BIH;44;Bosnia and Herzegovina;2008;PHC ambulatory expenditures in 2017 USD (millions);253.5;398.73;90.59
BIH;44;Bosnia and Herzegovina;2008;PHC ambulatory expenditures per capita in 2017 USD;65;102;23
BIH;44;Bosnia and Herzegovina;2008;PHC expenditures in 2017 USD (millions);555.9;841.82;298.42
BIH;44;Bosnia and Herzegovina;2008;PHC expenditures per capita in 2017 USD;143;216;77
BIH;44;Bosnia and Herzegovina;2009;PHC ambulatory expenditures in 2017 USD (millions);243.39;382.24;87.12
BIH;44;Bosnia and Herzegovina;2009;PHC ambulatory expenditures per capita in 2017 USD;64;100;23
BIH;44;Bosnia and Herzegovina;2009;PHC expenditures in 2017 USD (millions);535.33;809.64;289.25
BIH;44;Bosnia and Herzegovina;2009;PHC expenditures per capita in 2017 USD;140;211;75
BIH;44;Bosnia and Herzegovina;2010;PHC ambulatory expenditures in 2017 USD (millions);248.77;390.17;89.12
BIH;44;Bosnia and Herzegovina;2010;PHC ambulatory expenditures per capita in 2017 USD;66;104;24
BIH;44;Bosnia and Herzegovina;2010;PHC expenditures in 2017 USD (millions);547.69;827.86;296.71
BIH;44;Bosnia and Herzegovina;2010;PHC expenditures per capita in 2017 USD;145;220;79
BIH;44;Bosnia and Herzegovina;2011;PHC ambulatory expenditures in 2017 USD (millions);242.7;379.99;87.09
BIH;44;Bosnia and Herzegovina;2011;PHC ambulatory expenditures per capita in 2017 USD;65;103;24
BIH;44;Bosnia and Herzegovina;2011;PHC expenditures in 2017 USD (millions);535.25;808.35;290.64
BIH;44;Bosnia and Herzegovina;2011;PHC expenditures per capita in 2017 USD;144;218;78
BIH;44;Bosnia and Herzegovina;2012;PHC ambulatory expenditures in 2017 USD (millions);249.41;389.91;89.82
BIH;44;Bosnia and Herzegovina;2012;PHC ambulatory expenditures per capita in 2017 USD;68;107;25
BIH;44;Bosnia and Herzegovina;2012;PHC expenditures in 2017 USD (millions);550.49;830.93;299.17
BIH;44;Bosnia and Herzegovina;2012;PHC expenditures per capita in 2017 USD;151;227;82
BIH;44;Bosnia and Herzegovina;2013;PHC ambulatory expenditures in 2017 USD (millions);251.06;391.97;90.66
BIH;44;Bosnia and Herzegovina;2013;PHC ambulatory expenditures per capita in 2017 USD;70;109;25
BIH;44;Bosnia and Herzegovina;2013;PHC expenditures in 2017 USD (millions);554.6;836.74;301.58
BIH;44;Bosnia and Herzegovina;2013;PHC expenditures per capita in 2017 USD;154;232;84
BIH;44;Bosnia and Herzegovina;2014;PHC ambulatory expenditures in 2017 USD (millions);261.17;407.55;94.56
BIH;44;Bosnia and Herzegovina;2014;PHC ambulatory expenditures per capita in 2017 USD;73;115;27
BIH;44;Bosnia and Herzegovina;2014;PHC expenditures in 2017 USD (millions);577.18;870.72;314.08
BIH;44;Bosnia and Herzegovina;2014;PHC expenditures per capita in 2017 USD;162;245;88
BIH;44;Bosnia and Herzegovina;2015;PHC ambulatory expenditures in 2017 USD (millions);258.88;403.78;94.07
BIH;44;Bosnia and Herzegovina;2015;PHC ambulatory expenditures per capita in 2017 USD;74;115;27
BIH;44;Bosnia and Herzegovina;2015;PHC expenditures in 2017 USD (millions);573.04;863.74;312.52
BIH;44;Bosnia and Herzegovina;2015;PHC expenditures per capita in 2017 USD;163;246;89
BIH;44;Bosnia and Herzegovina;2016;PHC ambulatory expenditures in 2017 USD (millions);268.34;418.61;97.63
BIH;44;Bosnia and Herzegovina;2016;PHC ambulatory expenditures per capita in 2017 USD;78;121;28
BIH;44;Bosnia and Herzegovina;2016;PHC expenditures in 2017 USD (millions);594.42;895.48;324.7
BIH;44;Bosnia and Herzegovina;2016;PHC expenditures per capita in 2017 USD;172;259;94
BIH;44;Bosnia and Herzegovina;2017;PHC ambulatory expenditures in 2017 USD (millions);269.81;420.31;98.47
BIH;44;Bosnia and Herzegovina;2017;PHC ambulatory expenditures per capita in 2017 USD;79;124;29
BIH;44;Bosnia and Herzegovina;2017;PHC expenditures in 2017 USD (millions);598.48;901.28;327.18
BIH;44;Bosnia and Herzegovina;2017;PHC expenditures per capita in 2017 USD;176;265;96
BLR;57;Belarus;2000;PHC ambulatory expenditures in 2017 USD (millions);234.81;322.43;111.43
BLR;57;Belarus;2000;PHC ambulatory expenditures per capita in 2017 USD;23;32;11
BLR;57;Belarus;2000;PHC expenditures in 2017 USD (millions);534.3;650.35;404.2
BLR;57;Belarus;2000;PHC expenditures per capita in 2017 USD;52;64;40
BLR;57;Belarus;2001;PHC ambulatory expenditures in 2017 USD (millions);264.22;362.93;124.83
BLR;57;Belarus;2001;PHC ambulatory expenditures per capita in 2017 USD;26;36;12
BLR;57;Belarus;2001;PHC expenditures in 2017 USD (millions);600.49;731.16;454.09
BLR;57;Belarus;2001;PHC expenditures per capita in 2017 USD;59;72;45
BLR;57;Belarus;2002;PHC ambulatory expenditures in 2017 USD (millions);280.99;386.13;132.32
BLR;57;Belarus;2002;PHC ambulatory expenditures per capita in 2017 USD;28;38;13
BLR;57;Belarus;2002;PHC expenditures in 2017 USD (millions);638.94;778.48;483.13
BLR;57;Belarus;2002;PHC expenditures per capita in 2017 USD;63;77;48
BLR;57;Belarus;2003;PHC ambulatory expenditures in 2017 USD (millions);300.03;412.51;140.67
BLR;57;Belarus;2003;PHC ambulatory expenditures per capita in 2017 USD;30;41;14
BLR;57;Belarus;2003;PHC expenditures in 2017 USD (millions);682.94;832.44;516.38
BLR;57;Belarus;2003;PHC expenditures per capita in 2017 USD;68;83;52
BLR;57;Belarus;2004;PHC ambulatory expenditures in 2017 USD (millions);329.88;453.69;154.3
BLR;57;Belarus;2004;PHC ambulatory expenditures per capita in 2017 USD;33;46;16
BLR;57;Belarus;2004;PHC expenditures in 2017 USD (millions);751.24;916;567.82
BLR;57;Belarus;2004;PHC expenditures per capita in 2017 USD;75;92;57
BLR;57;Belarus;2005;PHC ambulatory expenditures in 2017 USD (millions);360.66;495.99;168.79
BLR;57;Belarus;2005;PHC ambulatory expenditures per capita in 2017 USD;36;50;17
BLR;57;Belarus;2005;PHC expenditures in 2017 USD (millions);821.64;1001.27;620.79
BLR;57;Belarus;2005;PHC expenditures per capita in 2017 USD;83;101;63
BLR;57;Belarus;2006;PHC ambulatory expenditures in 2017 USD (millions);391.17;537.95;183.45
BLR;57;Belarus;2006;PHC ambulatory expenditures per capita in 2017 USD;40;55;19
BLR;57;Belarus;2006;PHC expenditures in 2017 USD (millions);891.63;1085.89;673.62
BLR;57;Belarus;2006;PHC expenditures per capita in 2017 USD;91;110;69
BLR;57;Belarus;2007;PHC ambulatory expenditures in 2017 USD (millions);419.93;577.43;198.21
BLR;57;Belarus;2007;PHC ambulatory expenditures per capita in 2017 USD;43;59;20
BLR;57;Belarus;2007;PHC expenditures in 2017 USD (millions);957.78;1165.7;723.63
BLR;57;Belarus;2007;PHC expenditures per capita in 2017 USD;98;119;74
BLR;57;Belarus;2008;PHC ambulatory expenditures in 2017 USD (millions);493.13;678.17;233.44
BLR;57;Belarus;2008;PHC ambulatory expenditures per capita in 2017 USD;51;70;24
BLR;57;Belarus;2008;PHC expenditures in 2017 USD (millions);1123.7;1367.91;848.6
BLR;57;Belarus;2008;PHC expenditures per capita in 2017 USD;115;141;87
BLR;57;Belarus;2009;PHC ambulatory expenditures in 2017 USD (millions);455.67;626.4;215.34
BLR;57;Belarus;2009;PHC ambulatory expenditures per capita in 2017 USD;47;65;22
BLR;57;Belarus;2009;PHC expenditures in 2017 USD (millions);1042.63;1268.97;788.22
BLR;57;Belarus;2009;PHC expenditures per capita in 2017 USD;108;131;81
BLR;57;Belarus;2010;PHC ambulatory expenditures in 2017 USD (millions);460.83;633.45;217.84
BLR;57;Belarus;2010;PHC ambulatory expenditures per capita in 2017 USD;48;66;23
BLR;57;Belarus;2010;PHC expenditures in 2017 USD (millions);1056.67;1286;799.02
BLR;57;Belarus;2010;PHC expenditures per capita in 2017 USD;109;133;83
BLR;57;Belarus;2011;PHC ambulatory expenditures in 2017 USD (millions);471.1;647.54;222.62
BLR;57;Belarus;2011;PHC ambulatory expenditures per capita in 2017 USD;49;67;23
BLR;57;Belarus;2011;PHC expenditures in 2017 USD (millions);1082.5;1317.09;818.95
BLR;57;Belarus;2011;PHC expenditures per capita in 2017 USD;113;137;85
BLR;57;Belarus;2012;PHC ambulatory expenditures in 2017 USD (millions);488.5;671.22;229.06
BLR;57;Belarus;2012;PHC ambulatory expenditures per capita in 2017 USD;51;70;24
BLR;57;Belarus;2012;PHC expenditures in 2017 USD (millions);1125.47;1368.3;852.39
BLR;57;Belarus;2012;PHC expenditures per capita in 2017 USD;117;143;89
BLR;57;Belarus;2013;PHC ambulatory expenditures in 2017 USD (millions);522.32;718.63;242.23
BLR;57;Belarus;2013;PHC ambulatory expenditures per capita in 2017 USD;55;75;25
BLR;57;Belarus;2013;PHC expenditures in 2017 USD (millions);1205.79;1463.71;914.23
BLR;57;Belarus;2013;PHC expenditures per capita in 2017 USD;126;153;96
BLR;57;Belarus;2014;PHC ambulatory expenditures in 2017 USD (millions);523.99;721.27;240.41
BLR;57;Belarus;2014;PHC ambulatory expenditures per capita in 2017 USD;55;76;25
BLR;57;Belarus;2014;PHC expenditures in 2017 USD (millions);1214;1471.98;921.83
BLR;57;Belarus;2014;PHC expenditures per capita in 2017 USD;127;154;97
BLR;57;Belarus;2015;PHC ambulatory expenditures in 2017 USD (millions);546.66;752.38;247.34
BLR;57;Belarus;2015;PHC ambulatory expenditures per capita in 2017 USD;57;79;26
BLR;57;Belarus;2015;PHC expenditures in 2017 USD (millions);1270.03;1536.66;966.37
BLR;57;Belarus;2015;PHC expenditures per capita in 2017 USD;133;161;101
BLR;57;Belarus;2016;PHC ambulatory expenditures in 2017 USD (millions);536.45;737.8;237.77
BLR;57;Belarus;2016;PHC ambulatory expenditures per capita in 2017 USD;56;78;25
BLR;57;Belarus;2016;PHC expenditures in 2017 USD (millions);1251.05;1513.32;954.07
BLR;57;Belarus;2016;PHC expenditures per capita in 2017 USD;131;159;100
BLR;57;Belarus;2017;PHC ambulatory expenditures in 2017 USD (millions);542.58;746.13;239.32
BLR;57;Belarus;2017;PHC ambulatory expenditures per capita in 2017 USD;57;79;25
BLR;57;Belarus;2017;PHC expenditures in 2017 USD (millions);1267.03;1532.01;966.21
BLR;57;Belarus;2017;PHC expenditures per capita in 2017 USD;133;161;102
BLZ;108;Belize;2000;PHC ambulatory expenditures in 2017 USD (millions);8.09;11.01;4.66
BLZ;108;Belize;2000;PHC ambulatory expenditures per capita in 2017 USD;34;46;19
BLZ;108;Belize;2000;PHC expenditures in 2017 USD (millions);18.53;22.8;13.99
BLZ;108;Belize;2000;PHC expenditures per capita in 2017 USD;77;95;58
BLZ;108;Belize;2001;PHC ambulatory expenditures in 2017 USD (millions);9.13;12.44;5.22
BLZ;108;Belize;2001;PHC ambulatory expenditures per capita in 2017 USD;37;50;21
BLZ;108;Belize;2001;PHC expenditures in 2017 USD (millions);20.91;25.72;15.77
BLZ;108;Belize;2001;PHC expenditures per capita in 2017 USD;85;104;64
BLZ;108;Belize;2002;PHC ambulatory expenditures in 2017 USD (millions);9.41;12.82;5.34
BLZ;108;Belize;2002;PHC ambulatory expenditures per capita in 2017 USD;37;50;21
BLZ;108;Belize;2002;PHC expenditures in 2017 USD (millions);21.57;26.53;16.28
BLZ;108;Belize;2002;PHC expenditures per capita in 2017 USD;85;104;64
BLZ;108;Belize;2003;PHC ambulatory expenditures in 2017 USD (millions);10.48;14.28;5.92
BLZ;108;Belize;2003;PHC ambulatory expenditures per capita in 2017 USD;40;54;22
BLZ;108;Belize;2003;PHC expenditures in 2017 USD (millions);24.01;29.52;18.12
BLZ;108;Belize;2003;PHC expenditures per capita in 2017 USD;91;112;69
BLZ;108;Belize;2004;PHC ambulatory expenditures in 2017 USD (millions);10.86;14.8;6.11
BLZ;108;Belize;2004;PHC ambulatory expenditures per capita in 2017 USD;40;54;22
BLZ;108;Belize;2004;PHC expenditures in 2017 USD (millions);24.9;30.61;18.81
BLZ;108;Belize;2004;PHC expenditures per capita in 2017 USD;92;113;69
BLZ;108;Belize;2005;PHC ambulatory expenditures in 2017 USD (millions);11.15;15.2;6.24
BLZ;108;Belize;2005;PHC ambulatory expenditures per capita in 2017 USD;40;54;22
BLZ;108;Belize;2005;PHC expenditures in 2017 USD (millions);25.61;31.47;19.37
BLZ;108;Belize;2005;PHC expenditures per capita in 2017 USD;91;112;69
BLZ;108;Belize;2006;PHC ambulatory expenditures in 2017 USD (millions);11.73;15.99;6.54
BLZ;108;Belize;2006;PHC ambulatory expenditures per capita in 2017 USD;40;55;23
BLZ;108;Belize;2006;PHC expenditures in 2017 USD (millions);26.93;33.07;20.37
BLZ;108;Belize;2006;PHC expenditures per capita in 2017 USD;93;114;70
BLZ;108;Belize;2007;PHC ambulatory expenditures in 2017 USD (millions);13.48;18.38;7.45
BLZ;108;Belize;2007;PHC ambulatory expenditures per capita in 2017 USD;45;61;25
BLZ;108;Belize;2007;PHC expenditures in 2017 USD (millions);30.89;37.95;23.33
BLZ;108;Belize;2007;PHC expenditures per capita in 2017 USD;103;126;78
BLZ;108;Belize;2008;PHC ambulatory expenditures in 2017 USD (millions);13.57;18.5;7.49
BLZ;108;Belize;2008;PHC ambulatory expenditures per capita in 2017 USD;44;60;24
BLZ;108;Belize;2008;PHC expenditures in 2017 USD (millions);31.1;38.2;23.48
BLZ;108;Belize;2008;PHC expenditures per capita in 2017 USD;100;123;76
BLZ;108;Belize;2009;PHC ambulatory expenditures in 2017 USD (millions);14.74;20.11;8.09
BLZ;108;Belize;2009;PHC ambulatory expenditures per capita in 2017 USD;46;63;25
BLZ;108;Belize;2009;PHC expenditures in 2017 USD (millions);33.74;41.44;25.47
BLZ;108;Belize;2009;PHC expenditures per capita in 2017 USD;105;130;80
BLZ;108;Belize;2010;PHC ambulatory expenditures in 2017 USD (millions);15.65;21.33;8.59
BLZ;108;Belize;2010;PHC ambulatory expenditures per capita in 2017 USD;47;65;26
BLZ;108;Belize;2010;PHC expenditures in 2017 USD (millions);35.76;43.93;27
BLZ;108;Belize;2010;PHC expenditures per capita in 2017 USD;108;133;82
BLZ;108;Belize;2011;PHC ambulatory expenditures in 2017 USD (millions);15.6;21.28;8.52
BLZ;108;Belize;2011;PHC ambulatory expenditures per capita in 2017 USD;46;63;25
BLZ;108;Belize;2011;PHC expenditures in 2017 USD (millions);35.68;43.8;26.94
BLZ;108;Belize;2011;PHC expenditures per capita in 2017 USD;105;129;79
BLZ;108;Belize;2012;PHC ambulatory expenditures in 2017 USD (millions);15.83;21.58;8.69
BLZ;108;Belize;2012;PHC ambulatory expenditures per capita in 2017 USD;45;62;25
BLZ;108;Belize;2012;PHC expenditures in 2017 USD (millions);36.19;44.46;27.35
BLZ;108;Belize;2012;PHC expenditures per capita in 2017 USD;104;127;78
BLZ;108;Belize;2013;PHC ambulatory expenditures in 2017 USD (millions);17.9;24.39;9.96
BLZ;108;Belize;2013;PHC ambulatory expenditures per capita in 2017 USD;50;68;28
BLZ;108;Belize;2013;PHC expenditures in 2017 USD (millions);40.73;50.18;30.78
BLZ;108;Belize;2013;PHC expenditures per capita in 2017 USD;114;140;86
BLZ;108;Belize;2014;PHC ambulatory expenditures in 2017 USD (millions);16.9;23.04;9.26
BLZ;108;Belize;2014;PHC ambulatory expenditures per capita in 2017 USD;46;63;25
BLZ;108;Belize;2014;PHC expenditures in 2017 USD (millions);38.64;47.46;29.18
BLZ;108;Belize;2014;PHC expenditures per capita in 2017 USD;105;129;79
BLZ;108;Belize;2015;PHC ambulatory expenditures in 2017 USD (millions);18.96;25.86;10.33
BLZ;108;Belize;2015;PHC ambulatory expenditures per capita in 2017 USD;50;69;27
BLZ;108;Belize;2015;PHC expenditures in 2017 USD (millions);43.34;53.29;32.69
BLZ;108;Belize;2015;PHC expenditures per capita in 2017 USD;115;141;87
BLZ;108;Belize;2016;PHC ambulatory expenditures in 2017 USD (millions);18.86;25.73;10.17
BLZ;108;Belize;2016;PHC ambulatory expenditures per capita in 2017 USD;49;67;26
BLZ;108;Belize;2016;PHC expenditures in 2017 USD (millions);43.22;53.17;32.59
BLZ;108;Belize;2016;PHC expenditures per capita in 2017 USD;112;138;84
BLZ;108;Belize;2017;PHC ambulatory expenditures in 2017 USD (millions);18.97;25.91;10.11
BLZ;108;Belize;2017;PHC ambulatory expenditures per capita in 2017 USD;48;66;26
BLZ;108;Belize;2017;PHC expenditures in 2017 USD (millions);43.6;53.6;32.89
BLZ;108;Belize;2017;PHC expenditures per capita in 2017 USD;110;136;83
BOL;121;Bolivia;2000;PHC ambulatory expenditures in 2017 USD (millions);114.58;174.24;34.5
BOL;121;Bolivia;2000;PHC ambulatory expenditures per capita in 2017 USD;14;21;4
BOL;121;Bolivia;2000;PHC expenditures in 2017 USD (millions);247.57;358.08;79.45
BOL;121;Bolivia;2000;PHC expenditures per capita in 2017 USD;30;43;9
BOL;121;Bolivia;2001;PHC ambulatory expenditures in 2017 USD (millions);119.75;182.29;35.81
BOL;121;Bolivia;2001;PHC ambulatory expenditures per capita in 2017 USD;14;21;4
BOL;121;Bolivia;2001;PHC expenditures in 2017 USD (millions);258.64;373.56;82.91
BOL;121;Bolivia;2001;PHC expenditures per capita in 2017 USD;30;44;10
BOL;121;Bolivia;2002;PHC ambulatory expenditures in 2017 USD (millions);122.48;186.63;36.3
BOL;121;Bolivia;2002;PHC ambulatory expenditures per capita in 2017 USD;14;21;4
BOL;121;Bolivia;2002;PHC expenditures in 2017 USD (millions);264.7;382.06;85.1
BOL;121;Bolivia;2002;PHC expenditures per capita in 2017 USD;30;44;10
BOL;121;Bolivia;2003;PHC ambulatory expenditures in 2017 USD (millions);128.18;195.29;37.92
BOL;121;Bolivia;2003;PHC ambulatory expenditures per capita in 2017 USD;14;22;4
BOL;121;Bolivia;2003;PHC expenditures in 2017 USD (millions);276.88;399.53;88.77
BOL;121;Bolivia;2003;PHC expenditures per capita in 2017 USD;31;45;10
BOL;121;Bolivia;2004;PHC ambulatory expenditures in 2017 USD (millions);131.51;200.49;38.63
BOL;121;Bolivia;2004;PHC ambulatory expenditures per capita in 2017 USD;14;22;4
BOL;121;Bolivia;2004;PHC expenditures in 2017 USD (millions);284.34;410.14;91.65
BOL;121;Bolivia;2004;PHC expenditures per capita in 2017 USD;31;45;10
BOL;121;Bolivia;2005;PHC ambulatory expenditures in 2017 USD (millions);135.74;206.98;39.47
BOL;121;Bolivia;2005;PHC ambulatory expenditures per capita in 2017 USD;15;22;4
BOL;121;Bolivia;2005;PHC expenditures in 2017 USD (millions);293.95;423.58;95.45
BOL;121;Bolivia;2005;PHC expenditures per capita in 2017 USD;32;46;10
BOL;121;Bolivia;2006;PHC ambulatory expenditures in 2017 USD (millions);137;208.89;39.79
BOL;121;Bolivia;2006;PHC ambulatory expenditures per capita in 2017 USD;15;22;4
BOL;121;Bolivia;2006;PHC expenditures in 2017 USD (millions);297.45;430.07;97.11
BOL;121;Bolivia;2006;PHC expenditures per capita in 2017 USD;32;46;10
BOL;121;Bolivia;2007;PHC ambulatory expenditures in 2017 USD (millions);145.61;222.02;42.34
BOL;121;Bolivia;2007;PHC ambulatory expenditures per capita in 2017 USD;15;23;4
BOL;121;Bolivia;2007;PHC expenditures in 2017 USD (millions);316.4;458.08;102.76
BOL;121;Bolivia;2007;PHC expenditures per capita in 2017 USD;33;48;11
BOL;121;Bolivia;2008;PHC ambulatory expenditures in 2017 USD (millions);159.33;242.97;46.54
BOL;121;Bolivia;2008;PHC ambulatory expenditures per capita in 2017 USD;16;25;5
BOL;121;Bolivia;2008;PHC expenditures in 2017 USD (millions);346.07;500.67;111.22
BOL;121;Bolivia;2008;PHC expenditures per capita in 2017 USD;35;51;11
BOL;121;Bolivia;2009;PHC ambulatory expenditures in 2017 USD (millions);168.72;257.32;49.53
BOL;121;Bolivia;2009;PHC ambulatory expenditures per capita in 2017 USD;17;26;5
BOL;121;Bolivia;2009;PHC expenditures in 2017 USD (millions);366.83;530.43;117.76
BOL;121;Bolivia;2009;PHC expenditures per capita in 2017 USD;37;53;12
BOL;121;Bolivia;2010;PHC ambulatory expenditures in 2017 USD (millions);171.13;261.02;50.27
BOL;121;Bolivia;2010;PHC ambulatory expenditures per capita in 2017 USD;17;26;5
BOL;121;Bolivia;2010;PHC expenditures in 2017 USD (millions);372.94;538.66;120.83
BOL;121;Bolivia;2010;PHC expenditures per capita in 2017 USD;37;53;12
BOL;121;Bolivia;2011;PHC ambulatory expenditures in 2017 USD (millions);192.54;293.71;56.89
BOL;121;Bolivia;2011;PHC ambulatory expenditures per capita in 2017 USD;19;28;6
BOL;121;Bolivia;2011;PHC expenditures in 2017 USD (millions);419.03;604.14;135.77
BOL;121;Bolivia;2011;PHC expenditures per capita in 2017 USD;41;59;13
BOL;121;Bolivia;2012;PHC ambulatory expenditures in 2017 USD (millions);203.49;310.4;60.46
BOL;121;Bolivia;2012;PHC ambulatory expenditures per capita in 2017 USD;19;30;6
BOL;121;Bolivia;2012;PHC expenditures in 2017 USD (millions);443.48;638.67;144.21
BOL;121;Bolivia;2012;PHC expenditures per capita in 2017 USD;42;61;14
BOL;121;Bolivia;2013;PHC ambulatory expenditures in 2017 USD (millions);229.06;349.41;68.48
BOL;121;Bolivia;2013;PHC ambulatory expenditures per capita in 2017 USD;21;33;6
BOL;121;Bolivia;2013;PHC expenditures in 2017 USD (millions);498.77;718.45;161.95
BOL;121;Bolivia;2013;PHC expenditures per capita in 2017 USD;47;67;15
BOL;121;Bolivia;2014;PHC ambulatory expenditures in 2017 USD (millions);263.13;401.36;79.34
BOL;121;Bolivia;2014;PHC ambulatory expenditures per capita in 2017 USD;24;37;7
BOL;121;Bolivia;2014;PHC expenditures in 2017 USD (millions);571.61;824.46;185.08
BOL;121;Bolivia;2014;PHC expenditures per capita in 2017 USD;52;76;17
BOL;121;Bolivia;2015;PHC ambulatory expenditures in 2017 USD (millions);288.71;440.41;86.75
BOL;121;Bolivia;2015;PHC ambulatory expenditures per capita in 2017 USD;26;40;8
BOL;121;Bolivia;2015;PHC expenditures in 2017 USD (millions);627.64;906.15;204.1
BOL;121;Bolivia;2015;PHC expenditures per capita in 2017 USD;56;81;18
BOL;121;Bolivia;2016;PHC ambulatory expenditures in 2017 USD (millions);291.28;444.31;87.94
BOL;121;Bolivia;2016;PHC ambulatory expenditures per capita in 2017 USD;26;39;8
BOL;121;Bolivia;2016;PHC expenditures in 2017 USD (millions);635.38;916.29;208.42
BOL;121;Bolivia;2016;PHC expenditures per capita in 2017 USD;56;81;18
BOL;121;Bolivia;2017;PHC ambulatory expenditures in 2017 USD (millions);308.38;470.32;94.16
BOL;121;Bolivia;2017;PHC ambulatory expenditures per capita in 2017 USD;27;41;8
BOL;121;Bolivia;2017;PHC expenditures in 2017 USD (millions);673.27;970.72;221.05
BOL;121;Bolivia;2017;PHC expenditures per capita in 2017 USD;58;84;19
BRA;135;Brazil;2000;PHC ambulatory expenditures in 2017 USD (millions);18385.74;31844.94;1503.94
BRA;135;Brazil;2000;PHC ambulatory expenditures per capita in 2017 USD;106;183;9
BRA;135;Brazil;2000;PHC expenditures in 2017 USD (millions);38867.96;59989.5;14037.13
BRA;135;Brazil;2000;PHC expenditures per capita in 2017 USD;223;345;81
BRA;135;Brazil;2001;PHC ambulatory expenditures in 2017 USD (millions);19182.14;33261.98;1579.33
BRA;135;Brazil;2001;PHC ambulatory expenditures per capita in 2017 USD;109;188;9
BRA;135;Brazil;2001;PHC expenditures in 2017 USD (millions);40663.8;62714.07;14719.28
BRA;135;Brazil;2001;PHC expenditures per capita in 2017 USD;230;355;83
BRA;135;Brazil;2002;PHC ambulatory expenditures in 2017 USD (millions);20112.47;34922.98;1663.9
BRA;135;Brazil;2002;PHC ambulatory expenditures per capita in 2017 USD;112;195;9
BRA;135;Brazil;2002;PHC expenditures in 2017 USD (millions);42726.8;65856.15;15477.67
BRA;135;Brazil;2002;PHC expenditures per capita in 2017 USD;239;368;86
BRA;135;Brazil;2003;PHC ambulatory expenditures in 2017 USD (millions);20470.82;35585.98;1699.01
BRA;135;Brazil;2003;PHC ambulatory expenditures per capita in 2017 USD;113;196;9
BRA;135;Brazil;2003;PHC expenditures in 2017 USD (millions);43558.42;67121.07;15796.35
BRA;135;Brazil;2003;PHC expenditures per capita in 2017 USD;240;370;87
BRA;135;Brazil;2004;PHC ambulatory expenditures in 2017 USD (millions);20389.66;35468.56;1693.78
BRA;135;Brazil;2004;PHC ambulatory expenditures per capita in 2017 USD;111;193;9
BRA;135;Brazil;2004;PHC expenditures in 2017 USD (millions);43435.12;66923.6;15762.44
BRA;135;Brazil;2004;PHC expenditures per capita in 2017 USD;236;364;86
BRA;135;Brazil;2005;PHC ambulatory expenditures in 2017 USD (millions);21292.79;37014.59;1772.64
BRA;135;Brazil;2005;PHC ambulatory expenditures per capita in 2017 USD;114;199;10
BRA;135;Brazil;2005;PHC expenditures in 2017 USD (millions);45393.92;69924.06;16471.68
BRA;135;Brazil;2005;PHC expenditures per capita in 2017 USD;244;375;88
BRA;135;Brazil;2006;PHC ambulatory expenditures in 2017 USD (millions);22181.1;38504.65;1847.76
BRA;135;Brazil;2006;PHC ambulatory expenditures per capita in 2017 USD;118;204;10
BRA;135;Brazil;2006;PHC expenditures in 2017 USD (millions);47298.46;72843.55;17168.24
BRA;135;Brazil;2006;PHC expenditures per capita in 2017 USD;251;386;91
BRA;135;Brazil;2007;PHC ambulatory expenditures in 2017 USD (millions);23061.55;40012.76;1916.81
BRA;135;Brazil;2007;PHC ambulatory expenditures per capita in 2017 USD;121;209;10
BRA;135;Brazil;2007;PHC expenditures in 2017 USD (millions);49121.35;75679.23;17811.44
BRA;135;Brazil;2007;PHC expenditures per capita in 2017 USD;257;396;93
BRA;135;Brazil;2008;PHC ambulatory expenditures in 2017 USD (millions);24188.65;41974.96;2003.65
BRA;135;Brazil;2008;PHC ambulatory expenditures per capita in 2017 USD;125;217;10
BRA;135;Brazil;2008;PHC expenditures in 2017 USD (millions);51442.41;79321.83;18620.34
BRA;135;Brazil;2008;PHC expenditures per capita in 2017 USD;266;410;96
BRA;135;Brazil;2009;PHC ambulatory expenditures in 2017 USD (millions);24391.39;42301.39;2015.93
BRA;135;Brazil;2009;PHC ambulatory expenditures per capita in 2017 USD;125;216;10
BRA;135;Brazil;2009;PHC expenditures in 2017 USD (millions);51827.42;79974.45;18747.02
BRA;135;Brazil;2009;PHC expenditures per capita in 2017 USD;265;409;96
BRA;135;Brazil;2010;PHC ambulatory expenditures in 2017 USD (millions);26348.99;45679.76;2175.62
BRA;135;Brazil;2010;PHC ambulatory expenditures per capita in 2017 USD;133;231;11
BRA;135;Brazil;2010;PHC expenditures in 2017 USD (millions);55924.43;86331.15;20179.86
BRA;135;Brazil;2010;PHC expenditures per capita in 2017 USD;283;436;102
BRA;135;Brazil;2011;PHC ambulatory expenditures in 2017 USD (millions);26642.67;46178.88;2202.98
BRA;135;Brazil;2011;PHC ambulatory expenditures per capita in 2017 USD;133;231;11
BRA;135;Brazil;2011;PHC expenditures in 2017 USD (millions);56565.95;87305.75;20465.62
BRA;135;Brazil;2011;PHC expenditures per capita in 2017 USD;283;436;102
BRA;135;Brazil;2012;PHC ambulatory expenditures in 2017 USD (millions);26984.34;46764.9;2233.73
BRA;135;Brazil;2012;PHC ambulatory expenditures per capita in 2017 USD;133;231;11
BRA;135;Brazil;2012;PHC expenditures in 2017 USD (millions);57294.68;88413.22;20764.09
BRA;135;Brazil;2012;PHC expenditures per capita in 2017 USD;283;437;103
BRA;135;Brazil;2013;PHC ambulatory expenditures in 2017 USD (millions);28297.34;49040.81;2340.9
BRA;135;Brazil;2013;PHC ambulatory expenditures per capita in 2017 USD;138;240;11
BRA;135;Brazil;2013;PHC expenditures in 2017 USD (millions);60045.26;92676.5;21760.33
BRA;135;Brazil;2013;PHC expenditures per capita in 2017 USD;294;454;106
BRA;135;Brazil;2014;PHC ambulatory expenditures in 2017 USD (millions);29642.2;51351.17;2453.74
BRA;135;Brazil;2014;PHC ambulatory expenditures per capita in 2017 USD;144;249;12
BRA;135;Brazil;2014;PHC expenditures in 2017 USD (millions);62874.52;97080.05;22797.7
BRA;135;Brazil;2014;PHC expenditures per capita in 2017 USD;305;470;110
BRA;135;Brazil;2015;PHC ambulatory expenditures in 2017 USD (millions);30301.93;52432.64;2517.19
BRA;135;Brazil;2015;PHC ambulatory expenditures per capita in 2017 USD;145;252;12
BRA;135;Brazil;2015;PHC expenditures in 2017 USD (millions);64353.41;99400.19;23380.77
BRA;135;Brazil;2015;PHC expenditures per capita in 2017 USD;309;477;112
BRA;135;Brazil;2016;PHC ambulatory expenditures in 2017 USD (millions);30681.79;53024.39;2560.6
BRA;135;Brazil;2016;PHC ambulatory expenditures per capita in 2017 USD;146;252;12
BRA;135;Brazil;2016;PHC expenditures in 2017 USD (millions);65264.47;100830.35;23786.11
BRA;135;Brazil;2016;PHC expenditures per capita in 2017 USD;311;480;113
BRA;135;Brazil;2017;PHC ambulatory expenditures in 2017 USD (millions);31279.27;54073.05;2622.51
BRA;135;Brazil;2017;PHC ambulatory expenditures per capita in 2017 USD;148;255;12
BRA;135;Brazil;2017;PHC expenditures in 2017 USD (millions);66661.24;102947.68;24369.49
BRA;135;Brazil;2017;PHC expenditures per capita in 2017 USD;315;486;115
BTN;162;Bhutan;2000;PHC ambulatory expenditures in 2017 USD (millions);0.44;1.19;0.09
BTN;162;Bhutan;2000;PHC ambulatory expenditures per capita in 2017 USD;1;2;0
BTN;162;Bhutan;2000;PHC expenditures in 2017 USD (millions);9.85;15.32;4.66
BTN;162;Bhutan;2000;PHC expenditures per capita in 2017 USD;16;25;8
BTN;162;Bhutan;2001;PHC ambulatory expenditures in 2017 USD (millions);0.48;1.28;0.1
BTN;162;Bhutan;2001;PHC ambulatory expenditures per capita in 2017 USD;1;2;0
BTN;162;Bhutan;2001;PHC expenditures in 2017 USD (millions);10.48;16.17;4.97
BTN;162;Bhutan;2001;PHC expenditures per capita in 2017 USD;17;26;8
BTN;162;Bhutan;2002;PHC ambulatory expenditures in 2017 USD (millions);0.46;1.22;0.1
BTN;162;Bhutan;2002;PHC ambulatory expenditures per capita in 2017 USD;1;2;0
BTN;162;Bhutan;2002;PHC expenditures in 2017 USD (millions);9.99;15.32;4.78
BTN;162;Bhutan;2002;PHC expenditures per capita in 2017 USD;16;24;8
BTN;162;Bhutan;2003;PHC ambulatory expenditures in 2017 USD (millions);0.48;1.29;0.1
BTN;162;Bhutan;2003;PHC ambulatory expenditures per capita in 2017 USD;1;2;0
BTN;162;Bhutan;2003;PHC expenditures in 2017 USD (millions);10.66;16.4;5.12
BTN;162;Bhutan;2003;PHC expenditures per capita in 2017 USD;17;26;8
BTN;162;Bhutan;2004;PHC ambulatory expenditures in 2017 USD (millions);0.48;1.27;0.1
BTN;162;Bhutan;2004;PHC ambulatory expenditures per capita in 2017 USD;1;2;0
BTN;162;Bhutan;2004;PHC expenditures in 2017 USD (millions);10.47;16.06;5.12
BTN;162;Bhutan;2004;PHC expenditures per capita in 2017 USD;16;25;8
BTN;162;Bhutan;2005;PHC ambulatory expenditures in 2017 USD (millions);0.58;1.52;0.13
BTN;162;Bhutan;2005;PHC ambulatory expenditures per capita in 2017 USD;1;2;0
BTN;162;Bhutan;2005;PHC expenditures in 2017 USD (millions);12.56;19.25;6.11
BTN;162;Bhutan;2005;PHC expenditures per capita in 2017 USD;19;29;9
BTN;162;Bhutan;2006;PHC ambulatory expenditures in 2017 USD (millions);0.59;1.53;0.13
BTN;162;Bhutan;2006;PHC ambulatory expenditures per capita in 2017 USD;1;2;0
BTN;162;Bhutan;2006;PHC expenditures in 2017 USD (millions);12.67;19.29;6.24
BTN;162;Bhutan;2006;PHC expenditures per capita in 2017 USD;19;28;9
BTN;162;Bhutan;2007;PHC ambulatory expenditures in 2017 USD (millions);0.62;1.62;0.13
BTN;162;Bhutan;2007;PHC ambulatory expenditures per capita in 2017 USD;1;2;0
BTN;162;Bhutan;2007;PHC expenditures in 2017 USD (millions);13.35;20.14;6.58
BTN;162;Bhutan;2007;PHC expenditures per capita in 2017 USD;19;29;9
BTN;162;Bhutan;2008;PHC ambulatory expenditures in 2017 USD (millions);0.62;1.62;0.13
BTN;162;Bhutan;2008;PHC ambulatory expenditures per capita in 2017 USD;1;2;0
BTN;162;Bhutan;2008;PHC expenditures in 2017 USD (millions);13.35;19.92;6.64
BTN;162;Bhutan;2008;PHC expenditures per capita in 2017 USD;18;27;9
BTN;162;Bhutan;2009;PHC ambulatory expenditures in 2017 USD (millions);0.7;1.81;0.15
BTN;162;Bhutan;2009;PHC ambulatory expenditures per capita in 2017 USD;1;2;0
BTN;162;Bhutan;2009;PHC expenditures in 2017 USD (millions);14.84;22.13;7.39
BTN;162;Bhutan;2009;PHC expenditures per capita in 2017 USD;20;29;10
BTN;162;Bhutan;2010;PHC ambulatory expenditures in 2017 USD (millions);0.82;2.1;0.18
BTN;162;Bhutan;2010;PHC ambulatory expenditures per capita in 2017 USD;1;3;0
BTN;162;Bhutan;2010;PHC expenditures in 2017 USD (millions);17.17;25.6;8.5
BTN;162;Bhutan;2010;PHC expenditures per capita in 2017 USD;22;32;11
BTN;162;Bhutan;2011;PHC ambulatory expenditures in 2017 USD (millions);0.83;2.13;0.18
BTN;162;Bhutan;2011;PHC ambulatory expenditures per capita in 2017 USD;1;3;0
BTN;162;Bhutan;2011;PHC expenditures in 2017 USD (millions);17.43;25.89;8.65
BTN;162;Bhutan;2011;PHC expenditures per capita in 2017 USD;21;31;11
BTN;162;Bhutan;2012;PHC ambulatory expenditures in 2017 USD (millions);0.91;2.34;0.2
BTN;162;Bhutan;2012;PHC ambulatory expenditures per capita in 2017 USD;1;3;0
BTN;162;Bhutan;2012;PHC expenditures in 2017 USD (millions);19.18;28.47;9.49
BTN;162;Bhutan;2012;PHC expenditures per capita in 2017 USD;22;33;11
BTN;162;Bhutan;2013;PHC ambulatory expenditures in 2017 USD (millions);0.96;2.47;0.21
BTN;162;Bhutan;2013;PHC ambulatory expenditures per capita in 2017 USD;1;3;0
BTN;162;Bhutan;2013;PHC expenditures in 2017 USD (millions);20.15;29.72;9.97
BTN;162;Bhutan;2013;PHC expenditures per capita in 2017 USD;23;34;11
BTN;162;Bhutan;2014;PHC ambulatory expenditures in 2017 USD (millions);0.97;2.49;0.21
BTN;162;Bhutan;2014;PHC ambulatory expenditures per capita in 2017 USD;1;3;0
BTN;162;Bhutan;2014;PHC expenditures in 2017 USD (millions);20.36;30.02;10.11
BTN;162;Bhutan;2014;PHC expenditures per capita in 2017 USD;23;33;11
BTN;162;Bhutan;2015;PHC ambulatory expenditures in 2017 USD (millions);1.05;2.68;0.23
BTN;162;Bhutan;2015;PHC ambulatory expenditures per capita in 2017 USD;1;3;0
BTN;162;Bhutan;2015;PHC expenditures in 2017 USD (millions);21.81;32.17;10.86
BTN;162;Bhutan;2015;PHC expenditures per capita in 2017 USD;24;35;12
BTN;162;Bhutan;2016;PHC ambulatory expenditures in 2017 USD (millions);1.18;3.01;0.26
BTN;162;Bhutan;2016;PHC ambulatory expenditures per capita in 2017 USD;1;3;0
BTN;162;Bhutan;2016;PHC expenditures in 2017 USD (millions);24.28;35.76;12.09
BTN;162;Bhutan;2016;PHC expenditures per capita in 2017 USD;26;38;13
BTN;162;Bhutan;2017;PHC ambulatory expenditures in 2017 USD (millions);1.18;3;0.26
BTN;162;Bhutan;2017;PHC ambulatory expenditures per capita in 2017 USD;1;3;0
BTN;162;Bhutan;2017;PHC expenditures in 2017 USD (millions);24.18;35.46;12.11
BTN;162;Bhutan;2017;PHC expenditures per capita in 2017 USD;25;37;13
BWA;193;Botswana;2000;PHC ambulatory expenditures in 2017 USD (millions);83.01;163.05;23.08
BWA;193;Botswana;2000;PHC ambulatory expenditures per capita in 2017 USD;49;96;14
BWA;193;Botswana;2000;PHC expenditures in 2017 USD (millions);189.13;285.48;109.77
BWA;193;Botswana;2000;PHC expenditures per capita in 2017 USD;112;169;65
BWA;193;Botswana;2001;PHC ambulatory expenditures in 2017 USD (millions);89.92;175.24;25.44
BWA;193;Botswana;2001;PHC ambulatory expenditures per capita in 2017 USD;52;102;15
BWA;193;Botswana;2001;PHC expenditures in 2017 USD (millions);205.42;308.72;119.77
BWA;193;Botswana;2001;PHC expenditures per capita in 2017 USD;119;179;69
BWA;193;Botswana;2002;PHC ambulatory expenditures in 2017 USD (millions);103.23;201.04;29.23
BWA;193;Botswana;2002;PHC ambulatory expenditures per capita in 2017 USD;59;115;17
BWA;193;Botswana;2002;PHC expenditures in 2017 USD (millions);234.82;353.65;136.77
BWA;193;Botswana;2002;PHC expenditures per capita in 2017 USD;134;202;78
BWA;193;Botswana;2003;PHC ambulatory expenditures in 2017 USD (millions);107.08;210.51;30.03
BWA;193;Botswana;2003;PHC ambulatory expenditures per capita in 2017 USD;60;118;17
BWA;193;Botswana;2003;PHC expenditures in 2017 USD (millions);242.78;367.06;141.06
BWA;193;Botswana;2003;PHC expenditures per capita in 2017 USD;136;206;79
BWA;193;Botswana;2004;PHC ambulatory expenditures in 2017 USD (millions);108.47;214.54;30.06
BWA;193;Botswana;2004;PHC ambulatory expenditures per capita in 2017 USD;60;118;17
BWA;193;Botswana;2004;PHC expenditures in 2017 USD (millions);245.26;372.11;141.51
BWA;193;Botswana;2004;PHC expenditures per capita in 2017 USD;135;205;78
BWA;193;Botswana;2005;PHC ambulatory expenditures in 2017 USD (millions);100.64;199.4;27.69
BWA;193;Botswana;2005;PHC ambulatory expenditures per capita in 2017 USD;55;108;15
BWA;193;Botswana;2005;PHC expenditures in 2017 USD (millions);228.04;345.47;131.4
BWA;193;Botswana;2005;PHC expenditures per capita in 2017 USD;124;187;71
BWA;193;Botswana;2006;PHC ambulatory expenditures in 2017 USD (millions);108.55;215.88;29.74
BWA;193;Botswana;2006;PHC ambulatory expenditures per capita in 2017 USD;58;115;16
BWA;193;Botswana;2006;PHC expenditures in 2017 USD (millions);245.17;371.69;140.67
BWA;193;Botswana;2006;PHC expenditures per capita in 2017 USD;131;198;75
BWA;193;Botswana;2007;PHC ambulatory expenditures in 2017 USD (millions);122.87;244.25;33.67
BWA;193;Botswana;2007;PHC ambulatory expenditures per capita in 2017 USD;64;128;18
BWA;193;Botswana;2007;PHC expenditures in 2017 USD (millions);276.86;419.74;158.85
BWA;193;Botswana;2007;PHC expenditures per capita in 2017 USD;145;220;83
BWA;193;Botswana;2008;PHC ambulatory expenditures in 2017 USD (millions);195.13;391.18;53.23
BWA;193;Botswana;2008;PHC ambulatory expenditures per capita in 2017 USD;101;202;27
BWA;193;Botswana;2008;PHC expenditures in 2017 USD (millions);432.71;662.09;244.56
BWA;193;Botswana;2008;PHC expenditures per capita in 2017 USD;223;342;126
BWA;193;Botswana;2009;PHC ambulatory expenditures in 2017 USD (millions);202.82;405.55;55.42
BWA;193;Botswana;2009;PHC ambulatory expenditures per capita in 2017 USD;103;206;28
BWA;193;Botswana;2009;PHC expenditures in 2017 USD (millions);450.85;687.91;256.27
BWA;193;Botswana;2009;PHC expenditures per capita in 2017 USD;229;349;130
BWA;193;Botswana;2010;PHC ambulatory expenditures in 2017 USD (millions);170.85;338.29;46.95
BWA;193;Botswana;2010;PHC ambulatory expenditures per capita in 2017 USD;85;168;23
BWA;193;Botswana;2010;PHC expenditures in 2017 USD (millions);384.06;581.97;221.49
BWA;193;Botswana;2010;PHC expenditures per capita in 2017 USD;191;290;110
BWA;193;Botswana;2011;PHC ambulatory expenditures in 2017 USD (millions);174.27;343.12;48.23
BWA;193;Botswana;2011;PHC ambulatory expenditures per capita in 2017 USD;85;168;24
BWA;193;Botswana;2011;PHC expenditures in 2017 USD (millions);393.35;593.98;227.41
BWA;193;Botswana;2011;PHC expenditures per capita in 2017 USD;192;290;111
BWA;193;Botswana;2012;PHC ambulatory expenditures in 2017 USD (millions);181.2;353.47;50.92
BWA;193;Botswana;2012;PHC ambulatory expenditures per capita in 2017 USD;87;170;24
BWA;193;Botswana;2012;PHC expenditures in 2017 USD (millions);411.08;618.5;238.94
BWA;193;Botswana;2012;PHC expenditures per capita in 2017 USD;197;297;115
BWA;193;Botswana;2013;PHC ambulatory expenditures in 2017 USD (millions);185.76;358.9;52.91
BWA;193;Botswana;2013;PHC ambulatory expenditures per capita in 2017 USD;88;169;25
BWA;193;Botswana;2013;PHC expenditures in 2017 USD (millions);423.47;633.92;246.79
BWA;193;Botswana;2013;PHC expenditures per capita in 2017 USD;200;299;116
BWA;193;Botswana;2014;PHC ambulatory expenditures in 2017 USD (millions);193.88;371.61;56.45
BWA;193;Botswana;2014;PHC ambulatory expenditures per capita in 2017 USD;90;172;26
BWA;193;Botswana;2014;PHC expenditures in 2017 USD (millions);444.57;660.78;261.38
BWA;193;Botswana;2014;PHC expenditures per capita in 2017 USD;206;306;121
BWA;193;Botswana;2015;PHC ambulatory expenditures in 2017 USD (millions);194.51;369.79;57.83
BWA;193;Botswana;2015;PHC ambulatory expenditures per capita in 2017 USD;88;168;26
BWA;193;Botswana;2015;PHC expenditures in 2017 USD (millions);449.16;662.91;266.44
BWA;193;Botswana;2015;PHC expenditures per capita in 2017 USD;204;301;121
BWA;193;Botswana;2016;PHC ambulatory expenditures in 2017 USD (millions);197.9;374.92;59.41
BWA;193;Botswana;2016;PHC ambulatory expenditures per capita in 2017 USD;88;167;27
BWA;193;Botswana;2016;PHC expenditures in 2017 USD (millions);458.78;674.83;273.32
BWA;193;Botswana;2016;PHC expenditures per capita in 2017 USD;205;301;122
BWA;193;Botswana;2017;PHC ambulatory expenditures in 2017 USD (millions);203.64;383.26;61.93
BWA;193;Botswana;2017;PHC ambulatory expenditures per capita in 2017 USD;89;168;27
BWA;193;Botswana;2017;PHC expenditures in 2017 USD (millions);474.96;696.9;284.52
BWA;193;Botswana;2017;PHC expenditures per capita in 2017 USD;208;305;125
CAF;169;Central African Republic;2000;PHC ambulatory expenditures in 2017 USD (millions);13.99;19.03;7.72
CAF;169;Central African Republic;2000;PHC ambulatory expenditures per capita in 2017 USD;4;5;2
CAF;169;Central African Republic;2000;PHC expenditures in 2017 USD (millions);31.71;38.92;23.95
CAF;169;Central African Republic;2000;PHC expenditures per capita in 2017 USD;9;11;7
CAF;169;Central African Republic;2001;PHC ambulatory expenditures in 2017 USD (millions);13.91;18.93;7.7
CAF;169;Central African Republic;2001;PHC ambulatory expenditures per capita in 2017 USD;4;5;2
CAF;169;Central African Republic;2001;PHC expenditures in 2017 USD (millions);31.59;38.74;23.88
CAF;169;Central African Republic;2001;PHC expenditures per capita in 2017 USD;9;10;6
CAF;169;Central African Republic;2002;PHC ambulatory expenditures in 2017 USD (millions);15.86;21.58;8.78
CAF;169;Central African Republic;2002;PHC ambulatory expenditures per capita in 2017 USD;4;6;2
CAF;169;Central African Republic;2002;PHC expenditures in 2017 USD (millions);35.94;44.08;27.03
CAF;169;Central African Republic;2002;PHC expenditures per capita in 2017 USD;9;12;7
CAF;169;Central African Republic;2003;PHC ambulatory expenditures in 2017 USD (millions);13.83;18.82;7.66
CAF;169;Central African Republic;2003;PHC ambulatory expenditures per capita in 2017 USD;4;5;2
CAF;169;Central African Republic;2003;PHC expenditures in 2017 USD (millions);31.45;38.54;23.65
CAF;169;Central African Republic;2003;PHC expenditures per capita in 2017 USD;8;10;6
CAF;169;Central African Republic;2004;PHC ambulatory expenditures in 2017 USD (millions);14.9;20.32;8.34
CAF;169;Central African Republic;2004;PHC ambulatory expenditures per capita in 2017 USD;4;5;2
CAF;169;Central African Republic;2004;PHC expenditures in 2017 USD (millions);33.76;41.46;25.37
CAF;169;Central African Republic;2004;PHC expenditures per capita in 2017 USD;9;11;6
CAF;169;Central African Republic;2005;PHC ambulatory expenditures in 2017 USD (millions);16.77;22.85;9.45
CAF;169;Central African Republic;2005;PHC ambulatory expenditures per capita in 2017 USD;4;6;2
CAF;169;Central African Republic;2005;PHC expenditures in 2017 USD (millions);37.81;46.51;28.36
CAF;169;Central African Republic;2005;PHC expenditures per capita in 2017 USD;9;12;7
CAF;169;Central African Republic;2006;PHC ambulatory expenditures in 2017 USD (millions);16.39;22.31;9.39
CAF;169;Central African Republic;2006;PHC ambulatory expenditures per capita in 2017 USD;4;5;2
CAF;169;Central African Republic;2006;PHC expenditures in 2017 USD (millions);36.86;45.39;27.7
CAF;169;Central African Republic;2006;PHC expenditures per capita in 2017 USD;9;11;7
CAF;169;Central African Republic;2007;PHC ambulatory expenditures in 2017 USD (millions);14.45;19.67;8.32
CAF;169;Central African Republic;2007;PHC ambulatory expenditures per capita in 2017 USD;3;5;2
CAF;169;Central African Republic;2007;PHC expenditures in 2017 USD (millions);32.53;40.03;24.52
CAF;169;Central African Republic;2007;PHC expenditures per capita in 2017 USD;8;10;6
CAF;169;Central African Republic;2008;PHC ambulatory expenditures in 2017 USD (millions);18.71;25.5;11.1
CAF;169;Central African Republic;2008;PHC ambulatory expenditures per capita in 2017 USD;4;6;3
CAF;169;Central African Republic;2008;PHC expenditures in 2017 USD (millions);41.6;51.33;31.29
CAF;169;Central African Republic;2008;PHC expenditures per capita in 2017 USD;10;12;7
CAF;169;Central African Republic;2009;PHC ambulatory expenditures in 2017 USD (millions);14.16;19.29;8.43
CAF;169;Central African Republic;2009;PHC ambulatory expenditures per capita in 2017 USD;3;4;2
CAF;169;Central African Republic;2009;PHC expenditures in 2017 USD (millions);31.67;39.13;23.95
CAF;169;Central African Republic;2009;PHC expenditures per capita in 2017 USD;7;9;6
CAF;169;Central African Republic;2010;PHC ambulatory expenditures in 2017 USD (millions);15.93;21.66;9.65
CAF;169;Central African Republic;2010;PHC ambulatory expenditures per capita in 2017 USD;4;5;2
CAF;169;Central African Republic;2010;PHC expenditures in 2017 USD (millions);35.36;43.88;26.7
CAF;169;Central African Republic;2010;PHC expenditures per capita in 2017 USD;8;10;6
CAF;169;Central African Republic;2011;PHC ambulatory expenditures in 2017 USD (millions);15.2;20.65;9.22
CAF;169;Central African Republic;2011;PHC ambulatory expenditures per capita in 2017 USD;3;5;2
CAF;169;Central African Republic;2011;PHC expenditures in 2017 USD (millions);33.68;41.86;25.48
CAF;169;Central African Republic;2011;PHC expenditures per capita in 2017 USD;7;9;6
CAF;169;Central African Republic;2012;PHC ambulatory expenditures in 2017 USD (millions);15.31;20.77;9.29
CAF;169;Central African Republic;2012;PHC ambulatory expenditures per capita in 2017 USD;3;5;2
CAF;169;Central African Republic;2012;PHC expenditures in 2017 USD (millions);33.82;42.06;25.58
CAF;169;Central African Republic;2012;PHC expenditures per capita in 2017 USD;7;9;6
CAF;169;Central African Republic;2013;PHC ambulatory expenditures in 2017 USD (millions);13.4;18.16;8.4
CAF;169;Central African Republic;2013;PHC ambulatory expenditures per capita in 2017 USD;3;4;2
CAF;169;Central African Republic;2013;PHC expenditures in 2017 USD (millions);29.52;36.73;22.35
CAF;169;Central African Republic;2013;PHC expenditures per capita in 2017 USD;7;8;5
CAF;169;Central African Republic;2014;PHC ambulatory expenditures in 2017 USD (millions);16.43;22.31;10.44
CAF;169;Central African Republic;2014;PHC ambulatory expenditures per capita in 2017 USD;4;5;2
CAF;169;Central African Republic;2014;PHC expenditures in 2017 USD (millions);35.76;44.64;27
CAF;169;Central African Republic;2014;PHC expenditures per capita in 2017 USD;8;10;6
CAF;169;Central African Republic;2015;PHC ambulatory expenditures in 2017 USD (millions);12.13;16.49;7.7
CAF;169;Central African Republic;2015;PHC ambulatory expenditures per capita in 2017 USD;3;4;2
CAF;169;Central African Republic;2015;PHC expenditures in 2017 USD (millions);26.5;33.06;20.05
CAF;169;Central African Republic;2015;PHC expenditures per capita in 2017 USD;6;7;4
CAF;169;Central African Republic;2016;PHC ambulatory expenditures in 2017 USD (millions);16.95;23.02;10.9
CAF;169;Central African Republic;2016;PHC ambulatory expenditures per capita in 2017 USD;4;5;2
CAF;169;Central African Republic;2016;PHC expenditures in 2017 USD (millions);36.51;45.84;27.51
CAF;169;Central African Republic;2016;PHC expenditures per capita in 2017 USD;8;10;6
CAF;169;Central African Republic;2017;PHC ambulatory expenditures in 2017 USD (millions);17.55;23.83;11.28
CAF;169;Central African Republic;2017;PHC ambulatory expenditures per capita in 2017 USD;4;5;2
CAF;169;Central African Republic;2017;PHC expenditures in 2017 USD (millions);37.76;47.41;28.45
CAF;169;Central African Republic;2017;PHC expenditures per capita in 2017 USD;8;10;6
CHN;6;China;2000;PHC ambulatory expenditures in 2017 USD (millions);10111.45;15405.41;4847.22
CHN;6;China;2000;PHC ambulatory expenditures per capita in 2017 USD;8;12;4
CHN;6;China;2000;PHC expenditures in 2017 USD (millions);33285.4;45435.2;24446.96
CHN;6;China;2000;PHC expenditures per capita in 2017 USD;26;35;19
CHN;6;China;2001;PHC ambulatory expenditures in 2017 USD (millions);11166.62;17031.57;5373.66
CHN;6;China;2001;PHC ambulatory expenditures per capita in 2017 USD;9;13;4
CHN;6;China;2001;PHC expenditures in 2017 USD (millions);36519.3;49592.45;26872.45
CHN;6;China;2001;PHC expenditures per capita in 2017 USD;28;38;21
CHN;6;China;2002;PHC ambulatory expenditures in 2017 USD (millions);12617.68;19156.99;6110.1
CHN;6;China;2002;PHC ambulatory expenditures per capita in 2017 USD;10;15;5
CHN;6;China;2002;PHC expenditures in 2017 USD (millions);40912.13;55223.24;30158.51
CHN;6;China;2002;PHC expenditures per capita in 2017 USD;31;42;23
CHN;6;China;2003;PHC ambulatory expenditures in 2017 USD (millions);13817.14;20814.59;6628.65
CHN;6;China;2003;PHC ambulatory expenditures per capita in 2017 USD;10;16;5
CHN;6;China;2003;PHC expenditures in 2017 USD (millions);44418.86;59605.36;32936.27
CHN;6;China;2003;PHC expenditures per capita in 2017 USD;34;45;25
CHN;6;China;2004;PHC ambulatory expenditures in 2017 USD (millions);15023.5;22581.72;7146.12
CHN;6;China;2004;PHC ambulatory expenditures per capita in 2017 USD;11;17;5
CHN;6;China;2004;PHC expenditures in 2017 USD (millions);47924.9;63585.19;35715.6
CHN;6;China;2004;PHC expenditures per capita in 2017 USD;36;48;27
CHN;6;China;2005;PHC ambulatory expenditures in 2017 USD (millions);16667.99;24989.41;7868.72
CHN;6;China;2005;PHC ambulatory expenditures per capita in 2017 USD;12;19;6
CHN;6;China;2005;PHC expenditures in 2017 USD (millions);52808.25;69608.35;39473.77
CHN;6;China;2005;PHC expenditures per capita in 2017 USD;40;52;30
CHN;6;China;2006;PHC ambulatory expenditures in 2017 USD (millions);18259.39;27424.66;8551.91
CHN;6;China;2006;PHC ambulatory expenditures per capita in 2017 USD;14;20;6
CHN;6;China;2006;PHC expenditures in 2017 USD (millions);57485;75366.29;43150.85
CHN;6;China;2006;PHC expenditures per capita in 2017 USD;43;56;32
CHN;6;China;2007;PHC ambulatory expenditures in 2017 USD (millions);19990.33;29904.46;9276.54
CHN;6;China;2007;PHC ambulatory expenditures per capita in 2017 USD;15;22;7
CHN;6;China;2007;PHC expenditures in 2017 USD (millions);62505.62;81429.5;47092.92
CHN;6;China;2007;PHC expenditures per capita in 2017 USD;46;60;35
CHN;6;China;2008;PHC ambulatory expenditures in 2017 USD (millions);24109.89;35930.76;11025.67
CHN;6;China;2008;PHC ambulatory expenditures per capita in 2017 USD;18;27;8
CHN;6;China;2008;PHC expenditures in 2017 USD (millions);74665.39;96622.1;56462.46
CHN;6;China;2008;PHC expenditures per capita in 2017 USD;55;71;42
CHN;6;China;2009;PHC ambulatory expenditures in 2017 USD (millions);28543.1;42557.67;12895.17
CHN;6;China;2009;PHC ambulatory expenditures per capita in 2017 USD;21;31;9
CHN;6;China;2009;PHC expenditures in 2017 USD (millions);87729.3;112623.28;66494.94
CHN;6;China;2009;PHC expenditures per capita in 2017 USD;64;83;49
CHN;6;China;2010;PHC ambulatory expenditures in 2017 USD (millions);31651.6;47250.1;14188.09
CHN;6;China;2010;PHC ambulatory expenditures per capita in 2017 USD;23;35;10
CHN;6;China;2010;PHC expenditures in 2017 USD (millions);96828.22;123757.61;73512.39
CHN;6;China;2010;PHC expenditures per capita in 2017 USD;71;91;54
CHN;6;China;2011;PHC ambulatory expenditures in 2017 USD (millions);36625.41;54714.71;16299.17
CHN;6;China;2011;PHC ambulatory expenditures per capita in 2017 USD;27;40;12
CHN;6;China;2011;PHC expenditures in 2017 USD (millions);111568.78;142015.12;84900.06
CHN;6;China;2011;PHC expenditures per capita in 2017 USD;81;103;62
CHN;6;China;2012;PHC ambulatory expenditures in 2017 USD (millions);41294.9;61745.3;18242.99
CHN;6;China;2012;PHC ambulatory expenditures per capita in 2017 USD;30;45;13
CHN;6;China;2012;PHC expenditures in 2017 USD (millions);125257.74;158793.23;95538.88
CHN;6;China;2012;PHC expenditures per capita in 2017 USD;91;115;69
CHN;6;China;2013;PHC ambulatory expenditures in 2017 USD (millions);45997.88;68863.41;20125.41
CHN;6;China;2013;PHC ambulatory expenditures per capita in 2017 USD;33;50;15
CHN;6;China;2013;PHC expenditures in 2017 USD (millions);138936.23;175447.87;106250.53
CHN;6;China;2013;PHC expenditures per capita in 2017 USD;100;127;77
CHN;6;China;2014;PHC ambulatory expenditures in 2017 USD (millions);50624.49;75839.87;22030.55
CHN;6;China;2014;PHC ambulatory expenditures per capita in 2017 USD;36;55;16
CHN;6;China;2014;PHC expenditures in 2017 USD (millions);152400.1;192422.17;116738.91
CHN;6;China;2014;PHC expenditures per capita in 2017 USD;110;138;84
CHN;6;China;2015;PHC ambulatory expenditures in 2017 USD (millions);56942.84;84948.72;24507.57
CHN;6;China;2015;PHC ambulatory expenditures per capita in 2017 USD;41;61;18
CHN;6;China;2015;PHC expenditures in 2017 USD (millions);170655.69;214851.12;131145.11
CHN;6;China;2015;PHC expenditures per capita in 2017 USD;122;154;94
CHN;6;China;2016;PHC ambulatory expenditures in 2017 USD (millions);62706.88;93714.99;26739.03
CHN;6;China;2016;PHC ambulatory expenditures per capita in 2017 USD;45;67;19
CHN;6;China;2016;PHC expenditures in 2017 USD (millions);187290.99;234560.17;144218.57
CHN;6;China;2016;PHC expenditures per capita in 2017 USD;133;167;103
CHN;6;China;2017;PHC ambulatory expenditures in 2017 USD (millions);67918.11;101297.96;28978.98
CHN;6;China;2017;PHC ambulatory expenditures per capita in 2017 USD;48;72;21
CHN;6;China;2017;PHC expenditures in 2017 USD (millions);202719.17;254067.02;155935.54
CHN;6;China;2017;PHC expenditures per capita in 2017 USD;144;180;110
CIV;205;Côte d'Ivoire;2000;PHC ambulatory expenditures in 2017 USD (millions);66.61;156.43;11.31
CIV;205;Côte d'Ivoire;2000;PHC ambulatory expenditures per capita in 2017 USD;4;9;1
CIV;205;Côte d'Ivoire;2000;PHC expenditures in 2017 USD (millions);491.92;690.83;327.81
CIV;205;Côte d'Ivoire;2000;PHC expenditures per capita in 2017 USD;29;40;19
CIV;205;Côte d'Ivoire;2001;PHC ambulatory expenditures in 2017 USD (millions);60.09;141.08;10.19
CIV;205;Côte d'Ivoire;2001;PHC ambulatory expenditures per capita in 2017 USD;3;8;1
CIV;205;Côte d'Ivoire;2001;PHC expenditures in 2017 USD (millions);444.37;624.02;296.89
CIV;205;Côte d'Ivoire;2001;PHC expenditures per capita in 2017 USD;25;36;17
CIV;205;Côte d'Ivoire;2002;PHC ambulatory expenditures in 2017 USD (millions);61.83;145.03;10.52
CIV;205;Côte d'Ivoire;2002;PHC ambulatory expenditures per capita in 2017 USD;3;8;1
CIV;205;Côte d'Ivoire;2002;PHC expenditures in 2017 USD (millions);456.73;641.69;305.64
CIV;205;Côte d'Ivoire;2002;PHC expenditures per capita in 2017 USD;25;36;17
CIV;205;Côte d'Ivoire;2003;PHC ambulatory expenditures in 2017 USD (millions);60.88;142.68;10.38
CIV;205;Côte d'Ivoire;2003;PHC ambulatory expenditures per capita in 2017 USD;3;8;1
CIV;205;Côte d'Ivoire;2003;PHC expenditures in 2017 USD (millions);449.58;631.16;300.25
CIV;205;Côte d'Ivoire;2003;PHC expenditures per capita in 2017 USD;24;34;16
CIV;205;Côte d'Ivoire;2004;PHC ambulatory expenditures in 2017 USD (millions);65.13;152.54;11.11
CIV;205;Côte d'Ivoire;2004;PHC ambulatory expenditures per capita in 2017 USD;3;8;1
CIV;205;Côte d'Ivoire;2004;PHC expenditures in 2017 USD (millions);480.45;674.19;320.33
CIV;205;Côte d'Ivoire;2004;PHC expenditures per capita in 2017 USD;25;36;17
CIV;205;Côte d'Ivoire;2005;PHC ambulatory expenditures in 2017 USD (millions);68.21;159.74;11.62
CIV;205;Côte d'Ivoire;2005;PHC ambulatory expenditures per capita in 2017 USD;4;8;1
CIV;205;Côte d'Ivoire;2005;PHC expenditures in 2017 USD (millions);503.09;706.58;335.42
CIV;205;Côte d'Ivoire;2005;PHC expenditures per capita in 2017 USD;26;36;17
CIV;205;Côte d'Ivoire;2006;PHC ambulatory expenditures in 2017 USD (millions);75.24;176.27;12.79
CIV;205;Côte d'Ivoire;2006;PHC ambulatory expenditures per capita in 2017 USD;4;9;1
CIV;205;Côte d'Ivoire;2006;PHC expenditures in 2017 USD (millions);554.88;780.67;369.82
CIV;205;Côte d'Ivoire;2006;PHC expenditures per capita in 2017 USD;28;39;19
CIV;205;Côte d'Ivoire;2007;PHC ambulatory expenditures in 2017 USD (millions);78.98;185.07;13.41
CIV;205;Côte d'Ivoire;2007;PHC ambulatory expenditures per capita in 2017 USD;4;9;1
CIV;205;Côte d'Ivoire;2007;PHC expenditures in 2017 USD (millions);582.46;820.73;387.68
CIV;205;Côte d'Ivoire;2007;PHC expenditures per capita in 2017 USD;29;40;19
CIV;205;Côte d'Ivoire;2008;PHC ambulatory expenditures in 2017 USD (millions);84.9;199.05;14.35
CIV;205;Côte d'Ivoire;2008;PHC ambulatory expenditures per capita in 2017 USD;4;10;1
CIV;205;Côte d'Ivoire;2008;PHC expenditures in 2017 USD (millions);626.24;882.83;415.59
CIV;205;Côte d'Ivoire;2008;PHC expenditures per capita in 2017 USD;30;43;20
CIV;205;Côte d'Ivoire;2009;PHC ambulatory expenditures in 2017 USD (millions);84.52;198.16;14.28
CIV;205;Côte d'Ivoire;2009;PHC ambulatory expenditures per capita in 2017 USD;4;9;1
CIV;205;Côte d'Ivoire;2009;PHC expenditures in 2017 USD (millions);623.46;879.14;413.14
CIV;205;Côte d'Ivoire;2009;PHC expenditures per capita in 2017 USD;29;42;20
CIV;205;Côte d'Ivoire;2010;PHC ambulatory expenditures in 2017 USD (millions);89.79;210.52;15.11
CIV;205;Côte d'Ivoire;2010;PHC ambulatory expenditures per capita in 2017 USD;4;10;1
CIV;205;Côte d'Ivoire;2010;PHC expenditures in 2017 USD (millions);662.31;934.78;437.91
CIV;205;Côte d'Ivoire;2010;PHC expenditures per capita in 2017 USD;31;43;20
CIV;205;Côte d'Ivoire;2011;PHC ambulatory expenditures in 2017 USD (millions);79.35;185.87;13.37
CIV;205;Côte d'Ivoire;2011;PHC ambulatory expenditures per capita in 2017 USD;4;8;1
CIV;205;Côte d'Ivoire;2011;PHC expenditures in 2017 USD (millions);586.05;826.98;389.24
CIV;205;Côte d'Ivoire;2011;PHC expenditures per capita in 2017 USD;27;37;18
CIV;205;Côte d'Ivoire;2012;PHC ambulatory expenditures in 2017 USD (millions);89.16;208.8;15.04
CIV;205;Côte d'Ivoire;2012;PHC ambulatory expenditures per capita in 2017 USD;4;9;1
CIV;205;Côte d'Ivoire;2012;PHC expenditures in 2017 USD (millions);657.79;929.07;436.06
CIV;205;Côte d'Ivoire;2012;PHC expenditures per capita in 2017 USD;29;41;19
CIV;205;Côte d'Ivoire;2013;PHC ambulatory expenditures in 2017 USD (millions);91.51;214.25;15.42
CIV;205;Côte d'Ivoire;2013;PHC ambulatory expenditures per capita in 2017 USD;4;9;1
CIV;205;Côte d'Ivoire;2013;PHC expenditures in 2017 USD (millions);675.44;954.73;446.77
CIV;205;Côte d'Ivoire;2013;PHC expenditures per capita in 2017 USD;29;42;19
CIV;205;Côte d'Ivoire;2014;PHC ambulatory expenditures in 2017 USD (millions);95.63;223.88;16.09
CIV;205;Côte d'Ivoire;2014;PHC ambulatory expenditures per capita in 2017 USD;4;10;1
CIV;205;Côte d'Ivoire;2014;PHC expenditures in 2017 USD (millions);706.24;998.95;467.21
CIV;205;Côte d'Ivoire;2014;PHC expenditures per capita in 2017 USD;30;43;20
CIV;205;Côte d'Ivoire;2015;PHC ambulatory expenditures in 2017 USD (millions);95.69;223.9;16.18
CIV;205;Côte d'Ivoire;2015;PHC ambulatory expenditures per capita in 2017 USD;4;9;1
CIV;205;Côte d'Ivoire;2015;PHC expenditures in 2017 USD (millions);706.5;997.3;468.35
CIV;205;Côte d'Ivoire;2015;PHC expenditures per capita in 2017 USD;29;42;20
CIV;205;Côte d'Ivoire;2016;PHC ambulatory expenditures in 2017 USD (millions);106.41;249;18.01
CIV;205;Côte d'Ivoire;2016;PHC ambulatory expenditures per capita in 2017 USD;4;10;1
CIV;205;Côte d'Ivoire;2016;PHC expenditures in 2017 USD (millions);784.76;1106.33;520.62
CIV;205;Côte d'Ivoire;2016;PHC expenditures per capita in 2017 USD;32;45;21
CIV;205;Côte d'Ivoire;2017;PHC ambulatory expenditures in 2017 USD (millions);113.76;266.15;19.4
CIV;205;Côte d'Ivoire;2017;PHC ambulatory expenditures per capita in 2017 USD;5;11;1
CIV;205;Côte d'Ivoire;2017;PHC expenditures in 2017 USD (millions);837.09;1176.84;556.56
CIV;205;Côte d'Ivoire;2017;PHC expenditures per capita in 2017 USD;34;47;22
CMR;202;Cameroon;2000;PHC ambulatory expenditures in 2017 USD (millions);50.01;113.84;12.73
CMR;202;Cameroon;2000;PHC ambulatory expenditures per capita in 2017 USD;3;8;1
CMR;202;Cameroon;2000;PHC expenditures in 2017 USD (millions);271.97;352.34;201.91
CMR;202;Cameroon;2000;PHC expenditures per capita in 2017 USD;18;24;13
CMR;202;Cameroon;2001;PHC ambulatory expenditures in 2017 USD (millions);54.73;123.1;14.38
CMR;202;Cameroon;2001;PHC ambulatory expenditures per capita in 2017 USD;4;8;1
CMR;202;Cameroon;2001;PHC expenditures in 2017 USD (millions);295.93;382.68;219.67
CMR;202;Cameroon;2001;PHC expenditures per capita in 2017 USD;19;25;14
CMR;202;Cameroon;2002;PHC ambulatory expenditures in 2017 USD (millions);57.24;127.66;15.42
CMR;202;Cameroon;2002;PHC ambulatory expenditures per capita in 2017 USD;4;8;1
CMR;202;Cameroon;2002;PHC expenditures in 2017 USD (millions);307.88;396.93;229
CMR;202;Cameroon;2002;PHC expenditures per capita in 2017 USD;19;24;14
CMR;202;Cameroon;2003;PHC ambulatory expenditures in 2017 USD (millions);60.97;135.83;16.53
CMR;202;Cameroon;2003;PHC ambulatory expenditures per capita in 2017 USD;4;8;1
CMR;202;Cameroon;2003;PHC expenditures in 2017 USD (millions);326.58;421.4;243.43
CMR;202;Cameroon;2003;PHC expenditures per capita in 2017 USD;19;25;14
CMR;202;Cameroon;2004;PHC ambulatory expenditures in 2017 USD (millions);64.42;143.48;17.53
CMR;202;Cameroon;2004;PHC ambulatory expenditures per capita in 2017 USD;4;8;1
CMR;202;Cameroon;2004;PHC expenditures in 2017 USD (millions);344.4;444.21;256.83
CMR;202;Cameroon;2004;PHC expenditures per capita in 2017 USD;20;25;15
CMR;202;Cameroon;2005;PHC ambulatory expenditures in 2017 USD (millions);64.78;144.23;17.65
CMR;202;Cameroon;2005;PHC ambulatory expenditures per capita in 2017 USD;4;8;1
CMR;202;Cameroon;2005;PHC expenditures in 2017 USD (millions);346.44;446.92;258.56
CMR;202;Cameroon;2005;PHC expenditures per capita in 2017 USD;19;24;14
CMR;202;Cameroon;2006;PHC ambulatory expenditures in 2017 USD (millions);67.62;150.6;18.33
CMR;202;Cameroon;2006;PHC ambulatory expenditures per capita in 2017 USD;4;8;1
CMR;202;Cameroon;2006;PHC expenditures in 2017 USD (millions);362.9;468.41;270.95
CMR;202;Cameroon;2006;PHC expenditures per capita in 2017 USD;19;25;14
CMR;202;Cameroon;2007;PHC ambulatory expenditures in 2017 USD (millions);70.48;157;18.86
CMR;202;Cameroon;2007;PHC ambulatory expenditures per capita in 2017 USD;4;8;1
CMR;202;Cameroon;2007;PHC expenditures in 2017 USD (millions);379.82;490.89;283.25
CMR;202;Cameroon;2007;PHC expenditures per capita in 2017 USD;19;25;14
CMR;202;Cameroon;2008;PHC ambulatory expenditures in 2017 USD (millions);76.23;171.16;20.03
CMR;202;Cameroon;2008;PHC ambulatory expenditures per capita in 2017 USD;4;8;1
CMR;202;Cameroon;2008;PHC expenditures in 2017 USD (millions);411.95;532.9;306.2
CMR;202;Cameroon;2008;PHC expenditures per capita in 2017 USD;20;26;15
CMR;202;Cameroon;2009;PHC ambulatory expenditures in 2017 USD (millions);76.01;171.89;19.66
CMR;202;Cameroon;2009;PHC ambulatory expenditures per capita in 2017 USD;4;8;1
CMR;202;Cameroon;2009;PHC expenditures in 2017 USD (millions);412.32;534.09;305.58
CMR;202;Cameroon;2009;PHC expenditures per capita in 2017 USD;19;25;14
CMR;202;Cameroon;2010;PHC ambulatory expenditures in 2017 USD (millions);75.23;170.79;19.33
CMR;202;Cameroon;2010;PHC ambulatory expenditures per capita in 2017 USD;3;8;1
CMR;202;Cameroon;2010;PHC expenditures in 2017 USD (millions);409.2;530.55;303.49
CMR;202;Cameroon;2010;PHC expenditures per capita in 2017 USD;18;24;14
CMR;202;Cameroon;2011;PHC ambulatory expenditures in 2017 USD (millions);83;188.91;21.23
CMR;202;Cameroon;2011;PHC ambulatory expenditures per capita in 2017 USD;4;8;1
CMR;202;Cameroon;2011;PHC expenditures in 2017 USD (millions);451.36;585.51;334.09
CMR;202;Cameroon;2011;PHC expenditures per capita in 2017 USD;20;25;15
CMR;202;Cameroon;2012;PHC ambulatory expenditures in 2017 USD (millions);82.68;189.53;20.76
CMR;202;Cameroon;2012;PHC ambulatory expenditures per capita in 2017 USD;3;8;1
CMR;202;Cameroon;2012;PHC expenditures in 2017 USD (millions);451.91;586.46;334
CMR;202;Cameroon;2012;PHC expenditures per capita in 2017 USD;19;25;14
CMR;202;Cameroon;2013;PHC ambulatory expenditures in 2017 USD (millions);91.95;211.69;22.9
CMR;202;Cameroon;2013;PHC ambulatory expenditures per capita in 2017 USD;4;9;1
CMR;202;Cameroon;2013;PHC expenditures in 2017 USD (millions);503.78;654.11;372.4
CMR;202;Cameroon;2013;PHC expenditures per capita in 2017 USD;20;27;15
CMR;202;Cameroon;2014;PHC ambulatory expenditures in 2017 USD (millions);94.85;218.82;23.49
CMR;202;Cameroon;2014;PHC ambulatory expenditures per capita in 2017 USD;4;9;1
CMR;202;Cameroon;2014;PHC expenditures in 2017 USD (millions);521.29;676.75;385.21
CMR;202;Cameroon;2014;PHC expenditures per capita in 2017 USD;21;27;15
CMR;202;Cameroon;2015;PHC ambulatory expenditures in 2017 USD (millions);103.76;239.69;25.52
CMR;202;Cameroon;2015;PHC ambulatory expenditures per capita in 2017 USD;4;9;1
CMR;202;Cameroon;2015;PHC expenditures in 2017 USD (millions);570.82;741.03;420.66
CMR;202;Cameroon;2015;PHC expenditures per capita in 2017 USD;22;28;16
CMR;202;Cameroon;2016;PHC ambulatory expenditures in 2017 USD (millions);105.95;244.52;26.16
CMR;202;Cameroon;2016;PHC ambulatory expenditures per capita in 2017 USD;4;9;1
CMR;202;Cameroon;2016;PHC expenditures in 2017 USD (millions);582.97;756.79;430
CMR;202;Cameroon;2016;PHC expenditures per capita in 2017 USD;22;28;16
CMR;202;Cameroon;2017;PHC ambulatory expenditures in 2017 USD (millions);116.79;269.4;28.94
CMR;202;Cameroon;2017;PHC ambulatory expenditures per capita in 2017 USD;4;10;1
CMR;202;Cameroon;2017;PHC expenditures in 2017 USD (millions);641.22;833.85;472.96
CMR;202;Cameroon;2017;PHC expenditures per capita in 2017 USD;23;30;17
COD;171;DR Congo;2000;PHC ambulatory expenditures in 2017 USD (millions);72.76;112.41;40.71
COD;171;DR Congo;2000;PHC ambulatory expenditures per capita in 2017 USD;1;2;1
COD;171;DR Congo;2000;PHC expenditures in 2017 USD (millions);194.27;231.45;157.97
COD;171;DR Congo;2000;PHC expenditures per capita in 2017 USD;4;5;3
COD;171;DR Congo;2001;PHC ambulatory expenditures in 2017 USD (millions);85.12;131.21;47.64
COD;171;DR Congo;2001;PHC ambulatory expenditures per capita in 2017 USD;2;3;1
COD;171;DR Congo;2001;PHC expenditures in 2017 USD (millions);225.87;269.22;183.12
COD;171;DR Congo;2001;PHC expenditures per capita in 2017 USD;4;5;4
COD;171;DR Congo;2002;PHC ambulatory expenditures in 2017 USD (millions);85.05;130.88;47.61
COD;171;DR Congo;2002;PHC ambulatory expenditures per capita in 2017 USD;2;2;1
COD;171;DR Congo;2002;PHC expenditures in 2017 USD (millions);225.44;268.62;182.71
COD;171;DR Congo;2002;PHC expenditures per capita in 2017 USD;4;5;3
COD;171;DR Congo;2003;PHC ambulatory expenditures in 2017 USD (millions);122.55;187.38;68.63
COD;171;DR Congo;2003;PHC ambulatory expenditures per capita in 2017 USD;2;3;1
COD;171;DR Congo;2003;PHC expenditures in 2017 USD (millions);322.69;384.85;262.43
COD;171;DR Congo;2003;PHC expenditures per capita in 2017 USD;6;7;5
COD;171;DR Congo;2004;PHC ambulatory expenditures in 2017 USD (millions);128.55;196.23;72
COD;171;DR Congo;2004;PHC ambulatory expenditures per capita in 2017 USD;2;4;1
COD;171;DR Congo;2004;PHC expenditures in 2017 USD (millions);338.32;403.81;274.8
COD;171;DR Congo;2004;PHC expenditures per capita in 2017 USD;6;7;5
COD;171;DR Congo;2005;PHC ambulatory expenditures in 2017 USD (millions);147.78;225.47;82.77
COD;171;DR Congo;2005;PHC ambulatory expenditures per capita in 2017 USD;3;4;1
COD;171;DR Congo;2005;PHC expenditures in 2017 USD (millions);388.25;463.7;315.45
COD;171;DR Congo;2005;PHC expenditures per capita in 2017 USD;7;8;5
COD;171;DR Congo;2006;PHC ambulatory expenditures in 2017 USD (millions);150.18;228.87;84.12
COD;171;DR Congo;2006;PHC ambulatory expenditures per capita in 2017 USD;3;4;1
COD;171;DR Congo;2006;PHC expenditures in 2017 USD (millions);394.57;471.28;320.69
COD;171;DR Congo;2006;PHC expenditures per capita in 2017 USD;7;8;5
COD;171;DR Congo;2007;PHC ambulatory expenditures in 2017 USD (millions);153.34;233.63;85.88
COD;171;DR Congo;2007;PHC ambulatory expenditures per capita in 2017 USD;3;4;1
COD;171;DR Congo;2007;PHC expenditures in 2017 USD (millions);402.67;480.31;326.92
COD;171;DR Congo;2007;PHC expenditures per capita in 2017 USD;7;8;5
COD;171;DR Congo;2008;PHC ambulatory expenditures in 2017 USD (millions);191.94;293.02;107.47
COD;171;DR Congo;2008;PHC ambulatory expenditures per capita in 2017 USD;3;5;2
COD;171;DR Congo;2008;PHC expenditures in 2017 USD (millions);502.28;599.55;407.72
COD;171;DR Congo;2008;PHC expenditures per capita in 2017 USD;8;10;6
COD;171;DR Congo;2009;PHC ambulatory expenditures in 2017 USD (millions);177.17;270.24;99.19
COD;171;DR Congo;2009;PHC ambulatory expenditures per capita in 2017 USD;3;4;2
COD;171;DR Congo;2009;PHC expenditures in 2017 USD (millions);464.54;553.73;376.83
COD;171;DR Congo;2009;PHC expenditures per capita in 2017 USD;7;9;6
COD;171;DR Congo;2010;PHC ambulatory expenditures in 2017 USD (millions);193.14;294.82;108.12
COD;171;DR Congo;2010;PHC ambulatory expenditures per capita in 2017 USD;3;4;2
COD;171;DR Congo;2010;PHC expenditures in 2017 USD (millions);506.02;603.03;410.98
COD;171;DR Congo;2010;PHC expenditures per capita in 2017 USD;8;9;6
COD;171;DR Congo;2011;PHC ambulatory expenditures in 2017 USD (millions);187.78;287.11;105.1
COD;171;DR Congo;2011;PHC ambulatory expenditures per capita in 2017 USD;3;4;2
COD;171;DR Congo;2011;PHC expenditures in 2017 USD (millions);492.37;587.15;400
COD;171;DR Congo;2011;PHC expenditures per capita in 2017 USD;7;9;6
COD;171;DR Congo;2012;PHC ambulatory expenditures in 2017 USD (millions);207.02;317.06;115.85
COD;171;DR Congo;2012;PHC ambulatory expenditures per capita in 2017 USD;3;4;2
COD;171;DR Congo;2012;PHC expenditures in 2017 USD (millions);542.58;647.92;440.33
COD;171;DR Congo;2012;PHC expenditures per capita in 2017 USD;8;9;6
COD;171;DR Congo;2013;PHC ambulatory expenditures in 2017 USD (millions);214.89;330.08;120.24
COD;171;DR Congo;2013;PHC ambulatory expenditures per capita in 2017 USD;3;5;2
COD;171;DR Congo;2013;PHC expenditures in 2017 USD (millions);563.35;673.34;455.87
COD;171;DR Congo;2013;PHC expenditures per capita in 2017 USD;8;9;6
COD;171;DR Congo;2014;PHC ambulatory expenditures in 2017 USD (millions);251.62;385.62;140.8
COD;171;DR Congo;2014;PHC ambulatory expenditures per capita in 2017 USD;3;5;2
COD;171;DR Congo;2014;PHC expenditures in 2017 USD (millions);660.1;788.57;534.83
COD;171;DR Congo;2014;PHC expenditures per capita in 2017 USD;9;11;7
COD;171;DR Congo;2015;PHC ambulatory expenditures in 2017 USD (millions);263.73;404.08;147.58
COD;171;DR Congo;2015;PHC ambulatory expenditures per capita in 2017 USD;3;5;2
COD;171;DR Congo;2015;PHC expenditures in 2017 USD (millions);693.1;827.08;562.82
COD;171;DR Congo;2015;PHC expenditures per capita in 2017 USD;9;11;7
COD;171;DR Congo;2016;PHC ambulatory expenditures in 2017 USD (millions);257.66;394.7;144.18
COD;171;DR Congo;2016;PHC ambulatory expenditures per capita in 2017 USD;3;5;2
COD;171;DR Congo;2016;PHC expenditures in 2017 USD (millions);678.92;809.92;550.43
COD;171;DR Congo;2016;PHC expenditures per capita in 2017 USD;9;10;7
COD;171;DR Congo;2017;PHC ambulatory expenditures in 2017 USD (millions);265.7;406.57;148.69
COD;171;DR Congo;2017;PHC ambulatory expenditures per capita in 2017 USD;3;5;2
COD;171;DR Congo;2017;PHC expenditures in 2017 USD (millions);701.4;836.51;570.83
COD;171;DR Congo;2017;PHC expenditures per capita in 2017 USD;9;10;7
COG;170;Congo (Brazzaville);2000;PHC ambulatory expenditures in 2017 USD (millions);15.14;21.45;5.9
COG;170;Congo (Brazzaville);2000;PHC ambulatory expenditures per capita in 2017 USD;5;7;2
COG;170;Congo (Brazzaville);2000;PHC expenditures in 2017 USD (millions);41.26;58.87;25.58
COG;170;Congo (Brazzaville);2000;PHC expenditures per capita in 2017 USD;13;19;8
COG;170;Congo (Brazzaville);2001;PHC ambulatory expenditures in 2017 USD (millions);16.75;23.74;6.52
COG;170;Congo (Brazzaville);2001;PHC ambulatory expenditures per capita in 2017 USD;5;7;2
COG;170;Congo (Brazzaville);2001;PHC expenditures in 2017 USD (millions);45.33;64.96;27.78
COG;170;Congo (Brazzaville);2001;PHC expenditures per capita in 2017 USD;14;20;9
COG;170;Congo (Brazzaville);2002;PHC ambulatory expenditures in 2017 USD (millions);17.25;24.46;6.72
COG;170;Congo (Brazzaville);2002;PHC ambulatory expenditures per capita in 2017 USD;5;7;2
COG;170;Congo (Brazzaville);2002;PHC expenditures in 2017 USD (millions);46.73;67.05;28.46
COG;170;Congo (Brazzaville);2002;PHC expenditures per capita in 2017 USD;14;20;8
COG;170;Congo (Brazzaville);2003;PHC ambulatory expenditures in 2017 USD (millions);16.22;22.99;6.33
COG;170;Congo (Brazzaville);2003;PHC ambulatory expenditures per capita in 2017 USD;5;7;2
COG;170;Congo (Brazzaville);2003;PHC expenditures in 2017 USD (millions);44.51;63.7;27.41
COG;170;Congo (Brazzaville);2003;PHC expenditures per capita in 2017 USD;13;18;8
COG;170;Congo (Brazzaville);2004;PHC ambulatory expenditures in 2017 USD (millions);16.59;23.52;6.48
COG;170;Congo (Brazzaville);2004;PHC ambulatory expenditures per capita in 2017 USD;5;7;2
COG;170;Congo (Brazzaville);2004;PHC expenditures in 2017 USD (millions);45.7;64.87;28.18
COG;170;Congo (Brazzaville);2004;PHC expenditures per capita in 2017 USD;13;18;8
COG;170;Congo (Brazzaville);2005;PHC ambulatory expenditures in 2017 USD (millions);16.73;23.69;6.55
COG;170;Congo (Brazzaville);2005;PHC ambulatory expenditures per capita in 2017 USD;5;7;2
COG;170;Congo (Brazzaville);2005;PHC expenditures in 2017 USD (millions);46.36;65.35;28.62
COG;170;Congo (Brazzaville);2005;PHC expenditures per capita in 2017 USD;13;18;8
COG;170;Congo (Brazzaville);2006;PHC ambulatory expenditures in 2017 USD (millions);19.03;26.93;7.45
COG;170;Congo (Brazzaville);2006;PHC ambulatory expenditures per capita in 2017 USD;5;7;2
COG;170;Congo (Brazzaville);2006;PHC expenditures in 2017 USD (millions);52.22;73.74;32.19
COG;170;Congo (Brazzaville);2006;PHC expenditures per capita in 2017 USD;14;20;9
COG;170;Congo (Brazzaville);2007;PHC ambulatory expenditures in 2017 USD (millions);21.13;29.92;8.28
COG;170;Congo (Brazzaville);2007;PHC ambulatory expenditures per capita in 2017 USD;5;8;2
COG;170;Congo (Brazzaville);2007;PHC expenditures in 2017 USD (millions);57.49;81.31;35.35
COG;170;Congo (Brazzaville);2007;PHC expenditures per capita in 2017 USD;15;21;9
COG;170;Congo (Brazzaville);2008;PHC ambulatory expenditures in 2017 USD (millions);23.23;32.88;9.09
COG;170;Congo (Brazzaville);2008;PHC ambulatory expenditures per capita in 2017 USD;6;8;2
COG;170;Congo (Brazzaville);2008;PHC expenditures in 2017 USD (millions);62.7;88.93;38.43
COG;170;Congo (Brazzaville);2008;PHC expenditures per capita in 2017 USD;16;22;10
COG;170;Congo (Brazzaville);2009;PHC ambulatory expenditures in 2017 USD (millions);21.61;30.61;8.45
COG;170;Congo (Brazzaville);2009;PHC ambulatory expenditures per capita in 2017 USD;5;8;2
COG;170;Congo (Brazzaville);2009;PHC expenditures in 2017 USD (millions);58.93;83.58;36.36
COG;170;Congo (Brazzaville);2009;PHC expenditures per capita in 2017 USD;14;21;9
COG;170;Congo (Brazzaville);2010;PHC ambulatory expenditures in 2017 USD (millions);25.71;36.45;10.03
COG;170;Congo (Brazzaville);2010;PHC ambulatory expenditures per capita in 2017 USD;6;9;2
COG;170;Congo (Brazzaville);2010;PHC expenditures in 2017 USD (millions);68.88;98.34;42.44
COG;170;Congo (Brazzaville);2010;PHC expenditures per capita in 2017 USD;16;23;10
COG;170;Congo (Brazzaville);2011;PHC ambulatory expenditures in 2017 USD (millions);27.21;38.56;10.63
COG;170;Congo (Brazzaville);2011;PHC ambulatory expenditures per capita in 2017 USD;6;9;2
COG;170;Congo (Brazzaville);2011;PHC expenditures in 2017 USD (millions);72.82;103.76;44.6
COG;170;Congo (Brazzaville);2011;PHC expenditures per capita in 2017 USD;17;24;10
COG;170;Congo (Brazzaville);2012;PHC ambulatory expenditures in 2017 USD (millions);31.72;44.9;12.42
COG;170;Congo (Brazzaville);2012;PHC ambulatory expenditures per capita in 2017 USD;7;10;3
COG;170;Congo (Brazzaville);2012;PHC expenditures in 2017 USD (millions);84.09;119.8;51.22
COG;170;Congo (Brazzaville);2012;PHC expenditures per capita in 2017 USD;19;27;12
COG;170;Congo (Brazzaville);2013;PHC ambulatory expenditures in 2017 USD (millions);36.15;51.17;14.1
COG;170;Congo (Brazzaville);2013;PHC ambulatory expenditures per capita in 2017 USD;8;11;3
COG;170;Congo (Brazzaville);2013;PHC expenditures in 2017 USD (millions);95.19;135.85;57.82
COG;170;Congo (Brazzaville);2013;PHC expenditures per capita in 2017 USD;21;30;13
COG;170;Congo (Brazzaville);2014;PHC ambulatory expenditures in 2017 USD (millions);39.25;55.61;15.34
COG;170;Congo (Brazzaville);2014;PHC ambulatory expenditures per capita in 2017 USD;9;12;3
COG;170;Congo (Brazzaville);2014;PHC expenditures in 2017 USD (millions);103.21;147.5;62.79
COG;170;Congo (Brazzaville);2014;PHC expenditures per capita in 2017 USD;22;32;14
COG;170;Congo (Brazzaville);2015;PHC ambulatory expenditures in 2017 USD (millions);42.5;60.19;16.63
COG;170;Congo (Brazzaville);2015;PHC ambulatory expenditures per capita in 2017 USD;9;13;4
COG;170;Congo (Brazzaville);2015;PHC expenditures in 2017 USD (millions);111.58;159.61;67.78
COG;170;Congo (Brazzaville);2015;PHC expenditures per capita in 2017 USD;24;34;14
COG;170;Congo (Brazzaville);2016;PHC ambulatory expenditures in 2017 USD (millions);46.11;65.29;18.08
COG;170;Congo (Brazzaville);2016;PHC ambulatory expenditures per capita in 2017 USD;10;14;4
COG;170;Congo (Brazzaville);2016;PHC expenditures in 2017 USD (millions);120.48;173.12;72.65
COG;170;Congo (Brazzaville);2016;PHC expenditures per capita in 2017 USD;25;36;15
COG;170;Congo (Brazzaville);2017;PHC ambulatory expenditures in 2017 USD (millions);41.04;58.09;16.07
COG;170;Congo (Brazzaville);2017;PHC ambulatory expenditures per capita in 2017 USD;8;12;3
COG;170;Congo (Brazzaville);2017;PHC expenditures in 2017 USD (millions);108.84;155.44;66.38
COG;170;Congo (Brazzaville);2017;PHC expenditures per capita in 2017 USD;22;32;14
COL;125;Colombia;2000;PHC ambulatory expenditures in 2017 USD (millions);1805.08;2472.74;1098.44
COL;125;Colombia;2000;PHC ambulatory expenditures per capita in 2017 USD;45;62;28
COL;125;Colombia;2000;PHC expenditures in 2017 USD (millions);4032.41;4945.33;3031.05
COL;125;Colombia;2000;PHC expenditures per capita in 2017 USD;101;124;76
COL;125;Colombia;2001;PHC ambulatory expenditures in 2017 USD (millions);1754.16;2404.28;1066.39
COL;125;Colombia;2001;PHC ambulatory expenditures per capita in 2017 USD;43;59;26
COL;125;Colombia;2001;PHC expenditures in 2017 USD (millions);3925.25;4809.74;2949.51
COL;125;Colombia;2001;PHC expenditures per capita in 2017 USD;97;119;73
COL;125;Colombia;2002;PHC ambulatory expenditures in 2017 USD (millions);1744.91;2392.61;1059.91
COL;125;Colombia;2002;PHC ambulatory expenditures per capita in 2017 USD;42;58;26
COL;125;Colombia;2002;PHC expenditures in 2017 USD (millions);3909.04;4787.06;2935.58
COL;125;Colombia;2002;PHC expenditures per capita in 2017 USD;95;116;71
COL;125;Colombia;2003;PHC ambulatory expenditures in 2017 USD (millions);1786.22;2450.25;1084.38
COL;125;Colombia;2003;PHC ambulatory expenditures per capita in 2017 USD;43;59;26
COL;125;Colombia;2003;PHC expenditures in 2017 USD (millions);4004.86;4905.83;3006.46
COL;125;Colombia;2003;PHC expenditures per capita in 2017 USD;96;117;72
COL;125;Colombia;2004;PHC ambulatory expenditures in 2017 USD (millions);1892.7;2595.86;1149.61
COL;125;Colombia;2004;PHC ambulatory expenditures per capita in 2017 USD;45;61;27
COL;125;Colombia;2004;PHC expenditures in 2017 USD (millions);4239.24;5197.57;3182.81
COL;125;Colombia;2004;PHC expenditures per capita in 2017 USD;100;122;75
COL;125;Colombia;2005;PHC ambulatory expenditures in 2017 USD (millions);1972.18;2705.87;1197.58
COL;125;Colombia;2005;PHC ambulatory expenditures per capita in 2017 USD;46;63;28
COL;125;Colombia;2005;PHC expenditures in 2017 USD (millions);4420.07;5420.03;3319.41
COL;125;Colombia;2005;PHC expenditures per capita in 2017 USD;102;126;77
COL;125;Colombia;2006;PHC ambulatory expenditures in 2017 USD (millions);2246.52;3082.26;1364.41
COL;125;Colombia;2006;PHC ambulatory expenditures per capita in 2017 USD;51;70;31
COL;125;Colombia;2006;PHC expenditures in 2017 USD (millions);5029.01;6170.22;3775.19
COL;125;Colombia;2006;PHC expenditures per capita in 2017 USD;115;141;86
COL;125;Colombia;2007;PHC ambulatory expenditures in 2017 USD (millions);2454.58;3366.52;1491.82
COL;125;Colombia;2007;PHC ambulatory expenditures per capita in 2017 USD;55;76;34
COL;125;Colombia;2007;PHC expenditures in 2017 USD (millions);5487;6735.84;4119.28
COL;125;Colombia;2007;PHC expenditures per capita in 2017 USD;123;152;93
COL;125;Colombia;2008;PHC ambulatory expenditures in 2017 USD (millions);2564.24;3516.27;1558.92
COL;125;Colombia;2008;PHC ambulatory expenditures per capita in 2017 USD;57;78;35
COL;125;Colombia;2008;PHC expenditures in 2017 USD (millions);5729.78;7036.1;4302.1
COL;125;Colombia;2008;PHC expenditures per capita in 2017 USD;127;156;95
COL;125;Colombia;2009;PHC ambulatory expenditures in 2017 USD (millions);2834;3885.66;1722.62
COL;125;Colombia;2009;PHC ambulatory expenditures per capita in 2017 USD;62;85;38
COL;125;Colombia;2009;PHC expenditures in 2017 USD (millions);6327.16;7772.36;4748.85
COL;125;Colombia;2009;PHC expenditures per capita in 2017 USD;138;170;104
COL;125;Colombia;2010;PHC ambulatory expenditures in 2017 USD (millions);2970.06;4072.02;1805.01
COL;125;Colombia;2010;PHC ambulatory expenditures per capita in 2017 USD;64;88;39
COL;125;Colombia;2010;PHC expenditures in 2017 USD (millions);6630.7;8146.9;4975.73
COL;125;Colombia;2010;PHC expenditures per capita in 2017 USD;143;176;107
COL;125;Colombia;2011;PHC ambulatory expenditures in 2017 USD (millions);3087.81;4234.89;1875.46
COL;125;Colombia;2011;PHC ambulatory expenditures per capita in 2017 USD;66;90;40
COL;125;Colombia;2011;PHC expenditures in 2017 USD (millions);6901.83;8481.04;5178.1
COL;125;Colombia;2011;PHC expenditures per capita in 2017 USD;147;180;110
COL;125;Colombia;2012;PHC ambulatory expenditures in 2017 USD (millions);3178.93;4360.43;1930.63
COL;125;Colombia;2012;PHC ambulatory expenditures per capita in 2017 USD;67;92;41
COL;125;Colombia;2012;PHC expenditures in 2017 USD (millions);7110.19;8736.03;5331.7
COL;125;Colombia;2012;PHC expenditures per capita in 2017 USD;149;183;112
COL;125;Colombia;2013;PHC ambulatory expenditures in 2017 USD (millions);3454.41;4738.13;2098.5
COL;125;Colombia;2013;PHC ambulatory expenditures per capita in 2017 USD;72;98;43
COL;125;Colombia;2013;PHC expenditures in 2017 USD (millions);7723.25;9491.66;5787.56
COL;125;Colombia;2013;PHC expenditures per capita in 2017 USD;160;197;120
COL;125;Colombia;2014;PHC ambulatory expenditures in 2017 USD (millions);3730.25;5116.47;2266.4
COL;125;Colombia;2014;PHC ambulatory expenditures per capita in 2017 USD;76;105;46
COL;125;Colombia;2014;PHC expenditures in 2017 USD (millions);8337.29;10248.29;6243.77
COL;125;Colombia;2014;PHC expenditures per capita in 2017 USD;171;210;128
COL;125;Colombia;2015;PHC ambulatory expenditures in 2017 USD (millions);3750.66;5147.79;2274.97
COL;125;Colombia;2015;PHC ambulatory expenditures per capita in 2017 USD;76;104;46
COL;125;Colombia;2015;PHC expenditures in 2017 USD (millions);8403.61;10310.21;6288.54
COL;125;Colombia;2015;PHC expenditures per capita in 2017 USD;170;208;127
COL;125;Colombia;2016;PHC ambulatory expenditures in 2017 USD (millions);3739.13;5133.32;2261.65
COL;125;Colombia;2016;PHC ambulatory expenditures per capita in 2017 USD;75;103;45
COL;125;Colombia;2016;PHC expenditures in 2017 USD (millions);8389.25;10287.92;6278.87
COL;125;Colombia;2016;PHC expenditures per capita in 2017 USD;168;206;125
COL;125;Colombia;2017;PHC ambulatory expenditures in 2017 USD (millions);3889.45;5342.34;2343.05
COL;125;Colombia;2017;PHC ambulatory expenditures per capita in 2017 USD;77;106;46
COL;125;Colombia;2017;PHC expenditures in 2017 USD (millions);8737.77;10702.37;6540.47
COL;125;Colombia;2017;PHC expenditures per capita in 2017 USD;173;211;129
COM;176;Comoros;2000;PHC ambulatory expenditures in 2017 USD (millions);5.79;9.79;0.45
COM;176;Comoros;2000;PHC ambulatory expenditures per capita in 2017 USD;11;18;1
COM;176;Comoros;2000;PHC expenditures in 2017 USD (millions);13.68;21.28;2.14
COM;176;Comoros;2000;PHC expenditures per capita in 2017 USD;25;39;4
COM;176;Comoros;2001;PHC ambulatory expenditures in 2017 USD (millions);6.39;10.79;0.5
COM;176;Comoros;2001;PHC ambulatory expenditures per capita in 2017 USD;11;19;1
COM;176;Comoros;2001;PHC expenditures in 2017 USD (millions);15.1;23.42;2.36
COM;176;Comoros;2001;PHC expenditures per capita in 2017 USD;27;42;4
COM;176;Comoros;2002;PHC ambulatory expenditures in 2017 USD (millions);7.01;11.84;0.55
COM;176;Comoros;2002;PHC ambulatory expenditures per capita in 2017 USD;12;21;1
COM;176;Comoros;2002;PHC expenditures in 2017 USD (millions);16.57;25.69;2.59
COM;176;Comoros;2002;PHC expenditures per capita in 2017 USD;29;45;5
COM;176;Comoros;2003;PHC ambulatory expenditures in 2017 USD (millions);6.97;11.76;0.55
COM;176;Comoros;2003;PHC ambulatory expenditures per capita in 2017 USD;12;20;1
COM;176;Comoros;2003;PHC expenditures in 2017 USD (millions);16.47;25.55;2.57
COM;176;Comoros;2003;PHC expenditures per capita in 2017 USD;28;44;4
COM;176;Comoros;2004;PHC ambulatory expenditures in 2017 USD (millions);6.55;11.04;0.51
COM;176;Comoros;2004;PHC ambulatory expenditures per capita in 2017 USD;11;19;1
COM;176;Comoros;2004;PHC expenditures in 2017 USD (millions);15.49;24.05;2.42
COM;176;Comoros;2004;PHC expenditures per capita in 2017 USD;26;41;4
COM;176;Comoros;2005;PHC ambulatory expenditures in 2017 USD (millions);6.35;10.71;0.5
COM;176;Comoros;2005;PHC ambulatory expenditures per capita in 2017 USD;11;18;1
COM;176;Comoros;2005;PHC expenditures in 2017 USD (millions);15.02;23.33;2.36
COM;176;Comoros;2005;PHC expenditures per capita in 2017 USD;25;39;4
COM;176;Comoros;2006;PHC ambulatory expenditures in 2017 USD (millions);6.22;10.49;0.49
COM;176;Comoros;2006;PHC ambulatory expenditures per capita in 2017 USD;10;17;1
COM;176;Comoros;2006;PHC expenditures in 2017 USD (millions);14.72;22.85;2.33
COM;176;Comoros;2006;PHC expenditures per capita in 2017 USD;24;37;4
COM;176;Comoros;2007;PHC ambulatory expenditures in 2017 USD (millions);5.92;9.99;0.46
COM;176;Comoros;2007;PHC ambulatory expenditures per capita in 2017 USD;10;16;1
COM;176;Comoros;2007;PHC expenditures in 2017 USD (millions);14.01;21.77;2.22
COM;176;Comoros;2007;PHC expenditures per capita in 2017 USD;23;35;4
COM;176;Comoros;2008;PHC ambulatory expenditures in 2017 USD (millions);6.04;10.19;0.47
COM;176;Comoros;2008;PHC ambulatory expenditures per capita in 2017 USD;10;16;1
COM;176;Comoros;2008;PHC expenditures in 2017 USD (millions);14.29;22.23;2.25
COM;176;Comoros;2008;PHC expenditures per capita in 2017 USD;23;35;4
COM;176;Comoros;2009;PHC ambulatory expenditures in 2017 USD (millions);6.08;10.26;0.48
COM;176;Comoros;2009;PHC ambulatory expenditures per capita in 2017 USD;10;16;1
COM;176;Comoros;2009;PHC expenditures in 2017 USD (millions);14.36;22.35;2.25
COM;176;Comoros;2009;PHC expenditures per capita in 2017 USD;22;35;4
COM;176;Comoros;2010;PHC ambulatory expenditures in 2017 USD (millions);7.07;11.95;0.55
COM;176;Comoros;2010;PHC ambulatory expenditures per capita in 2017 USD;11;18;1
COM;176;Comoros;2010;PHC expenditures in 2017 USD (millions);16.65;25.91;2.6
COM;176;Comoros;2010;PHC expenditures per capita in 2017 USD;26;40;4
COM;176;Comoros;2011;PHC ambulatory expenditures in 2017 USD (millions);6.64;11.22;0.52
COM;176;Comoros;2011;PHC ambulatory expenditures per capita in 2017 USD;10;17;1
COM;176;Comoros;2011;PHC expenditures in 2017 USD (millions);15.65;24.35;2.44
COM;176;Comoros;2011;PHC expenditures per capita in 2017 USD;24;37;4
COM;176;Comoros;2012;PHC ambulatory expenditures in 2017 USD (millions);7.57;12.81;0.59
COM;176;Comoros;2012;PHC ambulatory expenditures per capita in 2017 USD;11;19;1
COM;176;Comoros;2012;PHC expenditures in 2017 USD (millions);17.79;27.68;2.76
COM;176;Comoros;2012;PHC expenditures per capita in 2017 USD;27;41;4
COM;176;Comoros;2013;PHC ambulatory expenditures in 2017 USD (millions);7.39;12.53;0.58
COM;176;Comoros;2013;PHC ambulatory expenditures per capita in 2017 USD;11;18;1
COM;176;Comoros;2013;PHC expenditures in 2017 USD (millions);17.38;27.04;2.71
COM;176;Comoros;2013;PHC expenditures per capita in 2017 USD;26;40;4
COM;176;Comoros;2014;PHC ambulatory expenditures in 2017 USD (millions);6.74;11.42;0.53
COM;176;Comoros;2014;PHC ambulatory expenditures per capita in 2017 USD;10;17;1
COM;176;Comoros;2014;PHC expenditures in 2017 USD (millions);15.85;24.65;2.49
COM;176;Comoros;2014;PHC expenditures per capita in 2017 USD;23;36;4
COM;176;Comoros;2015;PHC ambulatory expenditures in 2017 USD (millions);6.64;11.25;0.52
COM;176;Comoros;2015;PHC ambulatory expenditures per capita in 2017 USD;9;16;1
COM;176;Comoros;2015;PHC expenditures in 2017 USD (millions);15.63;24.3;2.46
COM;176;Comoros;2015;PHC expenditures per capita in 2017 USD;22;35;4
COM;176;Comoros;2016;PHC ambulatory expenditures in 2017 USD (millions);7.58;12.84;0.59
COM;176;Comoros;2016;PHC ambulatory expenditures per capita in 2017 USD;11;18;1
COM;176;Comoros;2016;PHC expenditures in 2017 USD (millions);17.82;27.71;2.78
COM;176;Comoros;2016;PHC expenditures per capita in 2017 USD;25;39;4
COM;176;Comoros;2017;PHC ambulatory expenditures in 2017 USD (millions);6.81;11.52;0.53
COM;176;Comoros;2017;PHC ambulatory expenditures per capita in 2017 USD;9;16;1
COM;176;Comoros;2017;PHC expenditures in 2017 USD (millions);16.03;24.94;2.52
COM;176;Comoros;2017;PHC expenditures per capita in 2017 USD;22;35;4
CPV;203;Cape Verde;2000;PHC ambulatory expenditures in 2017 USD (millions);6.62;12.04;2.2
CPV;203;Cape Verde;2000;PHC ambulatory expenditures per capita in 2017 USD;15;27;5
CPV;203;Cape Verde;2000;PHC expenditures in 2017 USD (millions);17.57;24.37;11.07
CPV;203;Cape Verde;2000;PHC expenditures per capita in 2017 USD;39;54;25
CPV;203;Cape Verde;2001;PHC ambulatory expenditures in 2017 USD (millions);7.11;13;2.35
CPV;203;Cape Verde;2001;PHC ambulatory expenditures per capita in 2017 USD;16;29;5
CPV;203;Cape Verde;2001;PHC expenditures in 2017 USD (millions);18.78;26.19;11.7
CPV;203;Cape Verde;2001;PHC expenditures per capita in 2017 USD;41;57;26
CPV;203;Cape Verde;2002;PHC ambulatory expenditures in 2017 USD (millions);7.2;13.09;2.39
CPV;203;Cape Verde;2002;PHC ambulatory expenditures per capita in 2017 USD;16;28;5
CPV;203;Cape Verde;2002;PHC expenditures in 2017 USD (millions);19.09;26.49;11.99
CPV;203;Cape Verde;2002;PHC expenditures per capita in 2017 USD;41;57;26
CPV;203;Cape Verde;2003;PHC ambulatory expenditures in 2017 USD (millions);7.72;14.12;2.56
CPV;203;Cape Verde;2003;PHC ambulatory expenditures per capita in 2017 USD;16;30;5
CPV;203;Cape Verde;2003;PHC expenditures in 2017 USD (millions);20.4;28.45;12.67
CPV;203;Cape Verde;2003;PHC expenditures per capita in 2017 USD;43;61;27
CPV;203;Cape Verde;2004;PHC ambulatory expenditures in 2017 USD (millions);8.56;15.67;2.83
CPV;203;Cape Verde;2004;PHC ambulatory expenditures per capita in 2017 USD;18;33;6
CPV;203;Cape Verde;2004;PHC expenditures in 2017 USD (millions);22.6;31.53;14.02
CPV;203;Cape Verde;2004;PHC expenditures per capita in 2017 USD;47;66;29
CPV;203;Cape Verde;2005;PHC ambulatory expenditures in 2017 USD (millions);9.29;17.04;3.07
CPV;203;Cape Verde;2005;PHC ambulatory expenditures per capita in 2017 USD;19;35;6
CPV;203;Cape Verde;2005;PHC expenditures in 2017 USD (millions);24.51;34.23;15.18
CPV;203;Cape Verde;2005;PHC expenditures per capita in 2017 USD;51;71;31
CPV;203;Cape Verde;2006;PHC ambulatory expenditures in 2017 USD (millions);9.57;17.54;3.16
CPV;203;Cape Verde;2006;PHC ambulatory expenditures per capita in 2017 USD;20;36;6
CPV;203;Cape Verde;2006;PHC expenditures in 2017 USD (millions);25.24;35.25;15.65
CPV;203;Cape Verde;2006;PHC expenditures per capita in 2017 USD;52;72;32
CPV;203;Cape Verde;2007;PHC ambulatory expenditures in 2017 USD (millions);9.43;17.29;3.12
CPV;203;Cape Verde;2007;PHC ambulatory expenditures per capita in 2017 USD;19;35;6
CPV;203;Cape Verde;2007;PHC expenditures in 2017 USD (millions);24.89;34.76;15.45
CPV;203;Cape Verde;2007;PHC expenditures per capita in 2017 USD;50;71;31
CPV;203;Cape Verde;2008;PHC ambulatory expenditures in 2017 USD (millions);9.82;18.02;3.25
CPV;203;Cape Verde;2008;PHC ambulatory expenditures per capita in 2017 USD;20;36;7
CPV;203;Cape Verde;2008;PHC expenditures in 2017 USD (millions);25.9;36.2;16.07
CPV;203;Cape Verde;2008;PHC expenditures per capita in 2017 USD;52;73;32
CPV;203;Cape Verde;2009;PHC ambulatory expenditures in 2017 USD (millions);9.32;17.06;3.09
CPV;203;Cape Verde;2009;PHC ambulatory expenditures per capita in 2017 USD;19;34;6
CPV;203;Cape Verde;2009;PHC expenditures in 2017 USD (millions);24.69;34.41;15.38
CPV;203;Cape Verde;2009;PHC expenditures per capita in 2017 USD;49;68;31
CPV;203;Cape Verde;2010;PHC ambulatory expenditures in 2017 USD (millions);11.38;20.87;3.77
CPV;203;Cape Verde;2010;PHC ambulatory expenditures per capita in 2017 USD;22;41;7
CPV;203;Cape Verde;2010;PHC expenditures in 2017 USD (millions);30.04;41.94;18.66
CPV;203;Cape Verde;2010;PHC expenditures per capita in 2017 USD;59;82;37
CPV;203;Cape Verde;2011;PHC ambulatory expenditures in 2017 USD (millions);12.6;23.18;4.16
CPV;203;Cape Verde;2011;PHC ambulatory expenditures per capita in 2017 USD;25;45;8
CPV;203;Cape Verde;2011;PHC expenditures in 2017 USD (millions);33.17;46.36;20.55
CPV;203;Cape Verde;2011;PHC expenditures per capita in 2017 USD;65;90;40
CPV;203;Cape Verde;2012;PHC ambulatory expenditures in 2017 USD (millions);12.27;22.49;4.06
CPV;203;Cape Verde;2012;PHC ambulatory expenditures per capita in 2017 USD;24;43;8
CPV;203;Cape Verde;2012;PHC expenditures in 2017 USD (millions);32.39;45.13;20.1
CPV;203;Cape Verde;2012;PHC expenditures per capita in 2017 USD;62;87;39
CPV;203;Cape Verde;2013;PHC ambulatory expenditures in 2017 USD (millions);13.46;24.7;4.45
CPV;203;Cape Verde;2013;PHC ambulatory expenditures per capita in 2017 USD;26;47;8
CPV;203;Cape Verde;2013;PHC expenditures in 2017 USD (millions);35.48;49.45;21.96
CPV;203;Cape Verde;2013;PHC expenditures per capita in 2017 USD;68;94;42
CPV;203;Cape Verde;2014;PHC ambulatory expenditures in 2017 USD (millions);12.73;23.33;4.22
CPV;203;Cape Verde;2014;PHC ambulatory expenditures per capita in 2017 USD;24;44;8
CPV;203;Cape Verde;2014;PHC expenditures in 2017 USD (millions);33.64;46.79;20.87
CPV;203;Cape Verde;2014;PHC expenditures per capita in 2017 USD;63;88;39
CPV;203;Cape Verde;2015;PHC ambulatory expenditures in 2017 USD (millions);12.62;23.06;4.21
CPV;203;Cape Verde;2015;PHC ambulatory expenditures per capita in 2017 USD;24;43;8
CPV;203;Cape Verde;2015;PHC expenditures in 2017 USD (millions);33.42;46.36;20.8
CPV;203;Cape Verde;2015;PHC expenditures per capita in 2017 USD;62;87;39
CPV;203;Cape Verde;2016;PHC ambulatory expenditures in 2017 USD (millions);11.87;21.58;3.98
CPV;203;Cape Verde;2016;PHC ambulatory expenditures per capita in 2017 USD;22;40;7
CPV;203;Cape Verde;2016;PHC expenditures in 2017 USD (millions);31.55;43.7;19.74
CPV;203;Cape Verde;2016;PHC expenditures per capita in 2017 USD;58;81;37
CPV;203;Cape Verde;2017;PHC ambulatory expenditures in 2017 USD (millions);12.62;22.81;4.25
CPV;203;Cape Verde;2017;PHC ambulatory expenditures per capita in 2017 USD;23;42;8
CPV;203;Cape Verde;2017;PHC expenditures in 2017 USD (millions);33.6;46.46;21.1
CPV;203;Cape Verde;2017;PHC expenditures per capita in 2017 USD;62;85;39
CRI;126;Costa Rica;2000;PHC ambulatory expenditures in 2017 USD (millions);399.73;561.65;257.94
CRI;126;Costa Rica;2000;PHC ambulatory expenditures per capita in 2017 USD;102;143;66
CRI;126;Costa Rica;2000;PHC expenditures in 2017 USD (millions);646.91;814.25;494.33
CRI;126;Costa Rica;2000;PHC expenditures per capita in 2017 USD;165;208;126
CRI;126;Costa Rica;2001;PHC ambulatory expenditures in 2017 USD (millions);418.03;586.31;270.33
CRI;126;Costa Rica;2001;PHC ambulatory expenditures per capita in 2017 USD;105;147;68
CRI;126;Costa Rica;2001;PHC expenditures in 2017 USD (millions);677.16;850.78;519.77
CRI;126;Costa Rica;2001;PHC expenditures per capita in 2017 USD;170;214;131
CRI;126;Costa Rica;2002;PHC ambulatory expenditures in 2017 USD (millions);456.12;639.15;295.35
CRI;126;Costa Rica;2002;PHC ambulatory expenditures per capita in 2017 USD;113;158;73
CRI;126;Costa Rica;2002;PHC expenditures in 2017 USD (millions);738.99;926.98;566.83
CRI;126;Costa Rica;2002;PHC expenditures per capita in 2017 USD;183;229;140
CRI;126;Costa Rica;2003;PHC ambulatory expenditures in 2017 USD (millions);470.51;659.02;304.99
CRI;126;Costa Rica;2003;PHC ambulatory expenditures per capita in 2017 USD;115;161;75
CRI;126;Costa Rica;2003;PHC expenditures in 2017 USD (millions);762.67;955.47;584.94
CRI;126;Costa Rica;2003;PHC expenditures per capita in 2017 USD;186;233;143
CRI;126;Costa Rica;2004;PHC ambulatory expenditures in 2017 USD (millions);488.26;683.5;317
CRI;126;Costa Rica;2004;PHC ambulatory expenditures per capita in 2017 USD;118;165;77
CRI;126;Costa Rica;2004;PHC expenditures in 2017 USD (millions);791.84;991.47;608.41
CRI;126;Costa Rica;2004;PHC expenditures per capita in 2017 USD;191;239;147
CRI;126;Costa Rica;2005;PHC ambulatory expenditures in 2017 USD (millions);515.74;721.74;335.24
CRI;126;Costa Rica;2005;PHC ambulatory expenditures per capita in 2017 USD;123;172;80
CRI;126;Costa Rica;2005;PHC expenditures in 2017 USD (millions);836.46;1047.45;643.33
CRI;126;Costa Rica;2005;PHC expenditures per capita in 2017 USD;200;250;154
CRI;126;Costa Rica;2006;PHC ambulatory expenditures in 2017 USD (millions);551;771.27;358.23
CRI;126;Costa Rica;2006;PHC ambulatory expenditures per capita in 2017 USD;130;182;85
CRI;126;Costa Rica;2006;PHC expenditures in 2017 USD (millions);893.24;1119.1;685.95
CRI;126;Costa Rica;2006;PHC expenditures per capita in 2017 USD;211;264;162
CRI;126;Costa Rica;2007;PHC ambulatory expenditures in 2017 USD (millions);597.19;836.1;388.13
CRI;126;Costa Rica;2007;PHC ambulatory expenditures per capita in 2017 USD;140;196;91
CRI;126;Costa Rica;2007;PHC expenditures in 2017 USD (millions);967.73;1212.72;741.49
CRI;126;Costa Rica;2007;PHC expenditures per capita in 2017 USD;226;284;173
CRI;126;Costa Rica;2008;PHC ambulatory expenditures in 2017 USD (millions);663.01;927.75;431.13
CRI;126;Costa Rica;2008;PHC ambulatory expenditures per capita in 2017 USD;154;215;100
CRI;126;Costa Rica;2008;PHC expenditures in 2017 USD (millions);1074.23;1345.41;823.29
CRI;126;Costa Rica;2008;PHC expenditures per capita in 2017 USD;249;312;191
CRI;126;Costa Rica;2009;PHC ambulatory expenditures in 2017 USD (millions);716.06;1000.83;466.21
CRI;126;Costa Rica;2009;PHC ambulatory expenditures per capita in 2017 USD;164;230;107
CRI;126;Costa Rica;2009;PHC expenditures in 2017 USD (millions);1160.81;1452.4;892.27
CRI;126;Costa Rica;2009;PHC expenditures per capita in 2017 USD;266;333;205
CRI;126;Costa Rica;2010;PHC ambulatory expenditures in 2017 USD (millions);778.08;1086.87;506.89
CRI;126;Costa Rica;2010;PHC ambulatory expenditures per capita in 2017 USD;177;247;115
CRI;126;Costa Rica;2010;PHC expenditures in 2017 USD (millions);1261.36;1577.77;971.42
CRI;126;Costa Rica;2010;PHC expenditures per capita in 2017 USD;287;359;221
CRI;126;Costa Rica;2011;PHC ambulatory expenditures in 2017 USD (millions);788;1100.83;513.18
CRI;126;Costa Rica;2011;PHC ambulatory expenditures per capita in 2017 USD;178;248;116
CRI;126;Costa Rica;2011;PHC expenditures in 2017 USD (millions);1277.49;1597.9;984.44
CRI;126;Costa Rica;2011;PHC expenditures per capita in 2017 USD;288;360;222
CRI;126;Costa Rica;2012;PHC ambulatory expenditures in 2017 USD (millions);808.77;1129.55;526.74
CRI;126;Costa Rica;2012;PHC ambulatory expenditures per capita in 2017 USD;181;252;118
CRI;126;Costa Rica;2012;PHC expenditures in 2017 USD (millions);1311.54;1639.88;1011.31
CRI;126;Costa Rica;2012;PHC expenditures per capita in 2017 USD;293;367;226
CRI;126;Costa Rica;2013;PHC ambulatory expenditures in 2017 USD (millions);839.15;1171.32;546.89
CRI;126;Costa Rica;2013;PHC ambulatory expenditures per capita in 2017 USD;186;260;121
CRI;126;Costa Rica;2013;PHC expenditures in 2017 USD (millions);1361.43;1701.8;1051.07
CRI;126;Costa Rica;2013;PHC expenditures per capita in 2017 USD;302;377;233
CRI;126;Costa Rica;2014;PHC ambulatory expenditures in 2017 USD (millions);855.93;1193.36;558.4
CRI;126;Costa Rica;2014;PHC ambulatory expenditures per capita in 2017 USD;188;262;123
CRI;126;Costa Rica;2014;PHC expenditures in 2017 USD (millions);1389.71;1736.72;1074.06
CRI;126;Costa Rica;2014;PHC expenditures per capita in 2017 USD;306;382;236
CRI;126;Costa Rica;2015;PHC ambulatory expenditures in 2017 USD (millions);874.87;1218.86;571.66
CRI;126;Costa Rica;2015;PHC ambulatory expenditures per capita in 2017 USD;191;266;125
CRI;126;Costa Rica;2015;PHC expenditures in 2017 USD (millions);1422.53;1776.34;1100.47
CRI;126;Costa Rica;2015;PHC expenditures per capita in 2017 USD;310;387;240
CRI;126;Costa Rica;2016;PHC ambulatory expenditures in 2017 USD (millions);911.47;1269.6;596
CRI;126;Costa Rica;2016;PHC ambulatory expenditures per capita in 2017 USD;197;275;129
CRI;126;Costa Rica;2016;PHC expenditures in 2017 USD (millions);1482.92;1849.46;1147.04
CRI;126;Costa Rica;2016;PHC expenditures per capita in 2017 USD;321;400;248
CRI;126;Costa Rica;2017;PHC ambulatory expenditures in 2017 USD (millions);918.31;1276.39;602.03
CRI;126;Costa Rica;2017;PHC ambulatory expenditures per capita in 2017 USD;197;274;129
CRI;126;Costa Rica;2017;PHC expenditures in 2017 USD (millions);1497.07;1862.68;1161.09
CRI;126;Costa Rica;2017;PHC expenditures per capita in 2017 USD;322;400;249
CUB;109;Cuba;2000;PHC ambulatory expenditures in 2017 USD (millions);610.95;842.31;271.19
CUB;109;Cuba;2000;PHC ambulatory expenditures per capita in 2017 USD;54;74;24
CUB;109;Cuba;2000;PHC expenditures in 2017 USD (millions);1428.6;1735.28;1083.32
CUB;109;Cuba;2000;PHC expenditures per capita in 2017 USD;126;153;95
CUB;109;Cuba;2001;PHC ambulatory expenditures in 2017 USD (millions);649.56;895.16;285.92
CUB;109;Cuba;2001;PHC ambulatory expenditures per capita in 2017 USD;57;78;25
CUB;109;Cuba;2001;PHC expenditures in 2017 USD (millions);1519.79;1842.82;1152.29
CUB;109;Cuba;2001;PHC expenditures per capita in 2017 USD;133;161;101
CUB;109;Cuba;2002;PHC ambulatory expenditures in 2017 USD (millions);697.91;961.02;303.95
CUB;109;Cuba;2002;PHC ambulatory expenditures per capita in 2017 USD;61;84;27
CUB;109;Cuba;2002;PHC expenditures in 2017 USD (millions);1634.29;1979.78;1238.96
CUB;109;Cuba;2002;PHC expenditures per capita in 2017 USD;143;173;108
CUB;109;Cuba;2003;PHC ambulatory expenditures in 2017 USD (millions);750.24;1032.37;324.62
CUB;109;Cuba;2003;PHC ambulatory expenditures per capita in 2017 USD;65;90;28
CUB;109;Cuba;2003;PHC expenditures in 2017 USD (millions);1757.77;2129.69;1332.32
CUB;109;Cuba;2003;PHC expenditures per capita in 2017 USD;153;186;116
CUB;109;Cuba;2004;PHC ambulatory expenditures in 2017 USD (millions);812.53;1117.31;349.93
CUB;109;Cuba;2004;PHC ambulatory expenditures per capita in 2017 USD;71;97;30
CUB;109;Cuba;2004;PHC expenditures in 2017 USD (millions);1904.99;2305.85;1443.51
CUB;109;Cuba;2004;PHC expenditures per capita in 2017 USD;166;201;126
CUB;109;Cuba;2005;PHC ambulatory expenditures in 2017 USD (millions);1015.88;1395.94;433.61
CUB;109;Cuba;2005;PHC ambulatory expenditures per capita in 2017 USD;88;122;38
CUB;109;Cuba;2005;PHC expenditures in 2017 USD (millions);2383.57;2880.63;1805.31
CUB;109;Cuba;2005;PHC expenditures per capita in 2017 USD;208;251;157
CUB;109;Cuba;2006;PHC ambulatory expenditures in 2017 USD (millions);1202.5;1651.68;509.68
CUB;109;Cuba;2006;PHC ambulatory expenditures per capita in 2017 USD;105;144;44
CUB;109;Cuba;2006;PHC expenditures in 2017 USD (millions);2824.16;3409.6;2138.9
CUB;109;Cuba;2006;PHC expenditures per capita in 2017 USD;246;297;186
CUB;109;Cuba;2007;PHC ambulatory expenditures in 2017 USD (millions);1438.45;1974.81;607.39
CUB;109;Cuba;2007;PHC ambulatory expenditures per capita in 2017 USD;126;172;53
CUB;109;Cuba;2007;PHC expenditures in 2017 USD (millions);3381.92;4082.83;2561.51
CUB;109;Cuba;2007;PHC expenditures per capita in 2017 USD;295;356;224
CUB;109;Cuba;2008;PHC ambulatory expenditures in 2017 USD (millions);1705.83;2340.78;719.82
CUB;109;Cuba;2008;PHC ambulatory expenditures per capita in 2017 USD;149;204;63
CUB;109;Cuba;2008;PHC expenditures in 2017 USD (millions);4013.69;4845.57;3040.37
CUB;109;Cuba;2008;PHC expenditures per capita in 2017 USD;351;423;266
CUB;109;Cuba;2009;PHC ambulatory expenditures in 2017 USD (millions);1764.16;2420.64;744.18
CUB;109;Cuba;2009;PHC ambulatory expenditures per capita in 2017 USD;154;212;65
CUB;109;Cuba;2009;PHC expenditures in 2017 USD (millions);4151.45;5011.49;3145.39
CUB;109;Cuba;2009;PHC expenditures per capita in 2017 USD;363;438;275
CUB;109;Cuba;2010;PHC ambulatory expenditures in 2017 USD (millions);1717.68;2357.05;724.97
CUB;109;Cuba;2010;PHC ambulatory expenditures per capita in 2017 USD;150;206;63
CUB;109;Cuba;2010;PHC expenditures in 2017 USD (millions);4041.21;4877.5;3062.54
CUB;109;Cuba;2010;PHC expenditures per capita in 2017 USD;353;427;268
CUB;109;Cuba;2011;PHC ambulatory expenditures in 2017 USD (millions);1707.84;2343.6;722.02
CUB;109;Cuba;2011;PHC ambulatory expenditures per capita in 2017 USD;149;205;63
CUB;109;Cuba;2011;PHC expenditures in 2017 USD (millions);4016.4;4844.04;3043.76
CUB;109;Cuba;2011;PHC expenditures per capita in 2017 USD;351;424;266
CUB;109;Cuba;2012;PHC ambulatory expenditures in 2017 USD (millions);1768.52;2425.61;748.6
CUB;109;Cuba;2012;PHC ambulatory expenditures per capita in 2017 USD;155;212;65
CUB;109;Cuba;2012;PHC expenditures in 2017 USD (millions);4159.68;5016.91;3152.24
CUB;109;Cuba;2012;PHC expenditures per capita in 2017 USD;364;439;276
CUB;109;Cuba;2013;PHC ambulatory expenditures in 2017 USD (millions);1822.19;2496.96;771.72
CUB;109;Cuba;2013;PHC ambulatory expenditures per capita in 2017 USD;159;218;68
CUB;109;Cuba;2013;PHC expenditures in 2017 USD (millions);4289.16;5175.84;3250.46
CUB;109;Cuba;2013;PHC expenditures per capita in 2017 USD;375;453;284
CUB;109;Cuba;2014;PHC ambulatory expenditures in 2017 USD (millions);1945.78;2661.73;821.02
CUB;109;Cuba;2014;PHC ambulatory expenditures per capita in 2017 USD;170;233;72
CUB;109;Cuba;2014;PHC expenditures in 2017 USD (millions);4587.22;5542.61;3476.66
CUB;109;Cuba;2014;PHC expenditures per capita in 2017 USD;402;485;304
CUB;109;Cuba;2015;PHC ambulatory expenditures in 2017 USD (millions);2146.71;2932.08;899.21
CUB;109;Cuba;2015;PHC ambulatory expenditures per capita in 2017 USD;188;257;79
CUB;109;Cuba;2015;PHC expenditures in 2017 USD (millions);5069.01;6128.84;3841.06
CUB;109;Cuba;2015;PHC expenditures per capita in 2017 USD;444;537;337
CUB;109;Cuba;2016;PHC ambulatory expenditures in 2017 USD (millions);2154.83;2943.28;893.07
CUB;109;Cuba;2016;PHC ambulatory expenditures per capita in 2017 USD;189;258;78
CUB;109;Cuba;2016;PHC expenditures in 2017 USD (millions);5097.29;6162.8;3853.16
CUB;109;Cuba;2016;PHC expenditures per capita in 2017 USD;447;541;338
CUB;109;Cuba;2017;PHC ambulatory expenditures in 2017 USD (millions);2196.58;3000.06;903.48
CUB;109;Cuba;2017;PHC ambulatory expenditures per capita in 2017 USD;193;264;79
CUB;109;Cuba;2017;PHC expenditures in 2017 USD (millions);5202.29;6286.45;3931.57
CUB;109;Cuba;2017;PHC expenditures per capita in 2017 USD;457;553;346
DJI;177;Djibouti;2000;PHC ambulatory expenditures in 2017 USD (millions);7.22;9.87;4.26
DJI;177;Djibouti;2000;PHC ambulatory expenditures per capita in 2017 USD;11;15;7
DJI;177;Djibouti;2000;PHC expenditures in 2017 USD (millions);15.84;19.62;11.89
DJI;177;Djibouti;2000;PHC expenditures per capita in 2017 USD;24;30;18
DJI;177;Djibouti;2001;PHC ambulatory expenditures in 2017 USD (millions);6.44;8.78;3.74
DJI;177;Djibouti;2001;PHC ambulatory expenditures per capita in 2017 USD;10;13;6
DJI;177;Djibouti;2001;PHC expenditures in 2017 USD (millions);14.18;17.57;10.65
DJI;177;Djibouti;2001;PHC expenditures per capita in 2017 USD;21;26;16
DJI;177;Djibouti;2002;PHC ambulatory expenditures in 2017 USD (millions);7.07;9.64;4.09
DJI;177;Djibouti;2002;PHC ambulatory expenditures per capita in 2017 USD;10;14;6
DJI;177;Djibouti;2002;PHC expenditures in 2017 USD (millions);15.56;19.29;11.69
DJI;177;Djibouti;2002;PHC expenditures per capita in 2017 USD;22;27;17
DJI;177;Djibouti;2003;PHC ambulatory expenditures in 2017 USD (millions);7.51;10.23;4.33
DJI;177;Djibouti;2003;PHC ambulatory expenditures per capita in 2017 USD;10;14;6
DJI;177;Djibouti;2003;PHC expenditures in 2017 USD (millions);16.52;20.46;12.42
DJI;177;Djibouti;2003;PHC expenditures per capita in 2017 USD;23;28;17
DJI;177;Djibouti;2004;PHC ambulatory expenditures in 2017 USD (millions);8.68;11.83;5.01
DJI;177;Djibouti;2004;PHC ambulatory expenditures per capita in 2017 USD;12;16;7
DJI;177;Djibouti;2004;PHC expenditures in 2017 USD (millions);19.02;23.55;14.3
DJI;177;Djibouti;2004;PHC expenditures per capita in 2017 USD;25;31;19
DJI;177;Djibouti;2005;PHC ambulatory expenditures in 2017 USD (millions);9.65;13.18;5.63
DJI;177;Djibouti;2005;PHC ambulatory expenditures per capita in 2017 USD;13;17;7
DJI;177;Djibouti;2005;PHC expenditures in 2017 USD (millions);21.1;26.1;15.88
DJI;177;Djibouti;2005;PHC expenditures per capita in 2017 USD;28;34;21
DJI;177;Djibouti;2006;PHC ambulatory expenditures in 2017 USD (millions);10.01;13.66;5.85
DJI;177;Djibouti;2006;PHC ambulatory expenditures per capita in 2017 USD;13;17;7
DJI;177;Djibouti;2006;PHC expenditures in 2017 USD (millions);21.87;27.06;16.44
DJI;177;Djibouti;2006;PHC expenditures per capita in 2017 USD;28;34;21
DJI;177;Djibouti;2007;PHC ambulatory expenditures in 2017 USD (millions);11.24;15.34;6.6
DJI;177;Djibouti;2007;PHC ambulatory expenditures per capita in 2017 USD;14;19;8
DJI;177;Djibouti;2007;PHC expenditures in 2017 USD (millions);24.53;30.36;18.42
DJI;177;Djibouti;2007;PHC expenditures per capita in 2017 USD;30;37;23
DJI;177;Djibouti;2008;PHC ambulatory expenditures in 2017 USD (millions);11.78;16.08;6.9
DJI;177;Djibouti;2008;PHC ambulatory expenditures per capita in 2017 USD;14;19;8
DJI;177;Djibouti;2008;PHC expenditures in 2017 USD (millions);25.7;31.81;19.29
DJI;177;Djibouti;2008;PHC expenditures per capita in 2017 USD;31;38;23
DJI;177;Djibouti;2009;PHC ambulatory expenditures in 2017 USD (millions);11.51;15.7;6.7
DJI;177;Djibouti;2009;PHC ambulatory expenditures per capita in 2017 USD;13;18;8
DJI;177;Djibouti;2009;PHC expenditures in 2017 USD (millions);25.12;31.11;18.85
DJI;177;Djibouti;2009;PHC expenditures per capita in 2017 USD;29;36;22
DJI;177;Djibouti;2010;PHC ambulatory expenditures in 2017 USD (millions);9.89;13.49;5.7
DJI;177;Djibouti;2010;PHC ambulatory expenditures per capita in 2017 USD;11;15;6
DJI;177;Djibouti;2010;PHC expenditures in 2017 USD (millions);21.65;26.8;16.25
DJI;177;Djibouti;2010;PHC expenditures per capita in 2017 USD;24;30;18
DJI;177;Djibouti;2011;PHC ambulatory expenditures in 2017 USD (millions);10.57;14.42;6.12
DJI;177;Djibouti;2011;PHC ambulatory expenditures per capita in 2017 USD;11;15;7
DJI;177;Djibouti;2011;PHC expenditures in 2017 USD (millions);23.13;28.65;17.37
DJI;177;Djibouti;2011;PHC expenditures per capita in 2017 USD;25;31;19
DJI;177;Djibouti;2012;PHC ambulatory expenditures in 2017 USD (millions);12.07;16.45;7.11
DJI;177;Djibouti;2012;PHC ambulatory expenditures per capita in 2017 USD;13;17;7
DJI;177;Djibouti;2012;PHC expenditures in 2017 USD (millions);26.31;32.61;19.77
DJI;177;Djibouti;2012;PHC expenditures per capita in 2017 USD;27;34;21
DJI;177;Djibouti;2013;PHC ambulatory expenditures in 2017 USD (millions);11.13;15.17;6.52
DJI;177;Djibouti;2013;PHC ambulatory expenditures per capita in 2017 USD;11;15;7
DJI;177;Djibouti;2013;PHC expenditures in 2017 USD (millions);24.32;30.13;18.28
DJI;177;Djibouti;2013;PHC expenditures per capita in 2017 USD;24;30;18
DJI;177;Djibouti;2014;PHC ambulatory expenditures in 2017 USD (millions);11.24;15.32;6.58
DJI;177;Djibouti;2014;PHC ambulatory expenditures per capita in 2017 USD;11;15;6
DJI;177;Djibouti;2014;PHC expenditures in 2017 USD (millions);24.58;30.43;18.49
DJI;177;Djibouti;2014;PHC expenditures per capita in 2017 USD;24;30;18
DJI;177;Djibouti;2015;PHC ambulatory expenditures in 2017 USD (millions);13.44;18.33;7.85
DJI;177;Djibouti;2015;PHC ambulatory expenditures per capita in 2017 USD;13;17;7
DJI;177;Djibouti;2015;PHC expenditures in 2017 USD (millions);29.37;36.34;22.1
DJI;177;Djibouti;2015;PHC expenditures per capita in 2017 USD;28;35;21
DJI;177;Djibouti;2016;PHC ambulatory expenditures in 2017 USD (millions);12.37;16.86;7.18
DJI;177;Djibouti;2016;PHC ambulatory expenditures per capita in 2017 USD;11;16;7
DJI;177;Djibouti;2016;PHC expenditures in 2017 USD (millions);27.08;33.5;20.38
DJI;177;Djibouti;2016;PHC expenditures per capita in 2017 USD;25;31;19
DJI;177;Djibouti;2017;PHC ambulatory expenditures in 2017 USD (millions);11.02;15.04;6.34
DJI;177;Djibouti;2017;PHC ambulatory expenditures per capita in 2017 USD;10;14;6
DJI;177;Djibouti;2017;PHC expenditures in 2017 USD (millions);24.25;30.01;18.25
DJI;177;Djibouti;2017;PHC expenditures per capita in 2017 USD;22;27;16
DMA;110;Dominica;2000;PHC ambulatory expenditures in 2017 USD (millions);4.28;7.14;0.42
DMA;110;Dominica;2000;PHC ambulatory expenditures per capita in 2017 USD;61;101;6
DMA;110;Dominica;2000;PHC expenditures in 2017 USD (millions);10.94;22.02;4.53
DMA;110;Dominica;2000;PHC expenditures per capita in 2017 USD;155;312;64
DMA;110;Dominica;2001;PHC ambulatory expenditures in 2017 USD (millions);3.63;6.05;0.36
DMA;110;Dominica;2001;PHC ambulatory expenditures per capita in 2017 USD;52;86;5
DMA;110;Dominica;2001;PHC expenditures in 2017 USD (millions);9.3;18.68;3.87
DMA;110;Dominica;2001;PHC expenditures per capita in 2017 USD;132;266;55
DMA;110;Dominica;2002;PHC ambulatory expenditures in 2017 USD (millions);3.59;5.99;0.35
DMA;110;Dominica;2002;PHC ambulatory expenditures per capita in 2017 USD;51;85;5
DMA;110;Dominica;2002;PHC expenditures in 2017 USD (millions);9.22;18.51;3.82
DMA;110;Dominica;2002;PHC expenditures per capita in 2017 USD;131;264;54
DMA;110;Dominica;2003;PHC ambulatory expenditures in 2017 USD (millions);3.8;6.35;0.37
DMA;110;Dominica;2003;PHC ambulatory expenditures per capita in 2017 USD;54;91;5
DMA;110;Dominica;2003;PHC expenditures in 2017 USD (millions);9.73;19.56;4.03
DMA;110;Dominica;2003;PHC expenditures per capita in 2017 USD;139;279;58
DMA;110;Dominica;2004;PHC ambulatory expenditures in 2017 USD (millions);3.84;6.42;0.38
DMA;110;Dominica;2004;PHC ambulatory expenditures per capita in 2017 USD;55;92;5
DMA;110;Dominica;2004;PHC expenditures in 2017 USD (millions);9.82;19.74;4.08
DMA;110;Dominica;2004;PHC expenditures per capita in 2017 USD;140;282;58
DMA;110;Dominica;2005;PHC ambulatory expenditures in 2017 USD (millions);3.96;6.62;0.39
DMA;110;Dominica;2005;PHC ambulatory expenditures per capita in 2017 USD;57;95;6
DMA;110;Dominica;2005;PHC expenditures in 2017 USD (millions);10.12;20.35;4.2
DMA;110;Dominica;2005;PHC expenditures per capita in 2017 USD;145;291;60
DMA;110;Dominica;2006;PHC ambulatory expenditures in 2017 USD (millions);4.09;6.82;0.4
DMA;110;Dominica;2006;PHC ambulatory expenditures per capita in 2017 USD;59;98;6
DMA;110;Dominica;2006;PHC expenditures in 2017 USD (millions);10.41;20.95;4.34
DMA;110;Dominica;2006;PHC expenditures per capita in 2017 USD;149;300;62
DMA;110;Dominica;2007;PHC ambulatory expenditures in 2017 USD (millions);4.54;7.57;0.44
DMA;110;Dominica;2007;PHC ambulatory expenditures per capita in 2017 USD;65;109;6
DMA;110;Dominica;2007;PHC expenditures in 2017 USD (millions);11.52;23.19;4.8
DMA;110;Dominica;2007;PHC expenditures per capita in 2017 USD;165;333;69
DMA;110;Dominica;2008;PHC ambulatory expenditures in 2017 USD (millions);4.97;8.31;0.48
DMA;110;Dominica;2008;PHC ambulatory expenditures per capita in 2017 USD;71;119;7
DMA;110;Dominica;2008;PHC expenditures in 2017 USD (millions);12.55;25.32;5.25
DMA;110;Dominica;2008;PHC expenditures per capita in 2017 USD;180;363;75
DMA;110;Dominica;2009;PHC ambulatory expenditures in 2017 USD (millions);5.01;8.38;0.48
DMA;110;Dominica;2009;PHC ambulatory expenditures per capita in 2017 USD;72;120;7
DMA;110;Dominica;2009;PHC expenditures in 2017 USD (millions);12.63;25.47;5.3
DMA;110;Dominica;2009;PHC expenditures per capita in 2017 USD;181;365;76
DMA;110;Dominica;2010;PHC ambulatory expenditures in 2017 USD (millions);5.32;8.91;0.51
DMA;110;Dominica;2010;PHC ambulatory expenditures per capita in 2017 USD;76;128;7
DMA;110;Dominica;2010;PHC expenditures in 2017 USD (millions);13.4;27.04;5.62
DMA;110;Dominica;2010;PHC expenditures per capita in 2017 USD;192;388;81
DMA;110;Dominica;2011;PHC ambulatory expenditures in 2017 USD (millions);5;8.37;0.48
DMA;110;Dominica;2011;PHC ambulatory expenditures per capita in 2017 USD;72;120;7
DMA;110;Dominica;2011;PHC expenditures in 2017 USD (millions);12.61;25.43;5.3
DMA;110;Dominica;2011;PHC expenditures per capita in 2017 USD;181;365;76
DMA;110;Dominica;2012;PHC ambulatory expenditures in 2017 USD (millions);5.07;8.47;0.49
DMA;110;Dominica;2012;PHC ambulatory expenditures per capita in 2017 USD;73;122;7
DMA;110;Dominica;2012;PHC expenditures in 2017 USD (millions);12.77;25.75;5.36
DMA;110;Dominica;2012;PHC expenditures per capita in 2017 USD;184;370;77
DMA;110;Dominica;2013;PHC ambulatory expenditures in 2017 USD (millions);4.87;8.16;0.47
DMA;110;Dominica;2013;PHC ambulatory expenditures per capita in 2017 USD;70;118;7
DMA;110;Dominica;2013;PHC expenditures in 2017 USD (millions);12.29;24.78;5.17
DMA;110;Dominica;2013;PHC expenditures per capita in 2017 USD;177;357;74
DMA;110;Dominica;2014;PHC ambulatory expenditures in 2017 USD (millions);4.77;7.99;0.46
DMA;110;Dominica;2014;PHC ambulatory expenditures per capita in 2017 USD;69;115;7
DMA;110;Dominica;2014;PHC expenditures in 2017 USD (millions);12.04;24.29;5.06
DMA;110;Dominica;2014;PHC expenditures per capita in 2017 USD;174;350;73
DMA;110;Dominica;2015;PHC ambulatory expenditures in 2017 USD (millions);4.73;7.91;0.45
DMA;110;Dominica;2015;PHC ambulatory expenditures per capita in 2017 USD;68;114;7
DMA;110;Dominica;2015;PHC expenditures in 2017 USD (millions);11.96;24.11;5.01
DMA;110;Dominica;2015;PHC expenditures per capita in 2017 USD;173;348;72
DMA;110;Dominica;2016;PHC ambulatory expenditures in 2017 USD (millions);5.2;8.67;0.5
DMA;110;Dominica;2016;PHC ambulatory expenditures per capita in 2017 USD;75;126;7
DMA;110;Dominica;2016;PHC expenditures in 2017 USD (millions);13.17;26.54;5.48
DMA;110;Dominica;2016;PHC expenditures per capita in 2017 USD;191;384;79
DMA;110;Dominica;2017;PHC ambulatory expenditures in 2017 USD (millions);5.37;8.96;0.52
DMA;110;Dominica;2017;PHC ambulatory expenditures per capita in 2017 USD;78;130;8
DMA;110;Dominica;2017;PHC expenditures in 2017 USD (millions);13.62;27.44;5.65
DMA;110;Dominica;2017;PHC expenditures per capita in 2017 USD;198;398;82
DOM;111;Dominican Republic;2000;PHC ambulatory expenditures in 2017 USD (millions);16.99;61.18;1.95
DOM;111;Dominican Republic;2000;PHC ambulatory expenditures per capita in 2017 USD;2;7;0
DOM;111;Dominican Republic;2000;PHC expenditures in 2017 USD (millions);368.86;638.39;204.73
DOM;111;Dominican Republic;2000;PHC expenditures per capita in 2017 USD;43;74;24
DOM;111;Dominican Republic;2001;PHC ambulatory expenditures in 2017 USD (millions);17.64;63.42;2.05
DOM;111;Dominican Republic;2001;PHC ambulatory expenditures per capita in 2017 USD;2;7;0
DOM;111;Dominican Republic;2001;PHC expenditures in 2017 USD (millions);382.18;659.99;213.08
DOM;111;Dominican Republic;2001;PHC expenditures per capita in 2017 USD;43;75;24
DOM;111;Dominican Republic;2002;PHC ambulatory expenditures in 2017 USD (millions);17.56;63.07;2.03
DOM;111;Dominican Republic;2002;PHC ambulatory expenditures per capita in 2017 USD;2;7;0
DOM;111;Dominican Republic;2002;PHC expenditures in 2017 USD (millions);381.32;656.72;212.43
DOM;111;Dominican Republic;2002;PHC expenditures per capita in 2017 USD;43;74;24
DOM;111;Dominican Republic;2003;PHC ambulatory expenditures in 2017 USD (millions);17.99;64.53;2.08
DOM;111;Dominican Republic;2003;PHC ambulatory expenditures per capita in 2017 USD;2;7;0
DOM;111;Dominican Republic;2003;PHC expenditures in 2017 USD (millions);390.35;671.12;216.4
DOM;111;Dominican Republic;2003;PHC expenditures per capita in 2017 USD;43;74;24
DOM;111;Dominican Republic;2004;PHC ambulatory expenditures in 2017 USD (millions);17.53;62.86;2.02
DOM;111;Dominican Republic;2004;PHC ambulatory expenditures per capita in 2017 USD;2;7;0
DOM;111;Dominican Republic;2004;PHC expenditures in 2017 USD (millions);381.61;656.01;211.64
DOM;111;Dominican Republic;2004;PHC expenditures per capita in 2017 USD;42;71;23
DOM;111;Dominican Republic;2005;PHC ambulatory expenditures in 2017 USD (millions);18.02;64.52;2.08
DOM;111;Dominican Republic;2005;PHC ambulatory expenditures per capita in 2017 USD;2;7;0
DOM;111;Dominican Republic;2005;PHC expenditures in 2017 USD (millions);391.42;673.35;216.76
DOM;111;Dominican Republic;2005;PHC expenditures per capita in 2017 USD;42;73;23
DOM;111;Dominican Republic;2006;PHC ambulatory expenditures in 2017 USD (millions);19.62;70.11;2.28
DOM;111;Dominican Republic;2006;PHC ambulatory expenditures per capita in 2017 USD;2;7;0
DOM;111;Dominican Republic;2006;PHC expenditures in 2017 USD (millions);423.38;728.09;234.42
DOM;111;Dominican Republic;2006;PHC expenditures per capita in 2017 USD;45;78;25
DOM;111;Dominican Republic;2007;PHC ambulatory expenditures in 2017 USD (millions);21.74;77.6;2.54
DOM;111;Dominican Republic;2007;PHC ambulatory expenditures per capita in 2017 USD;2;8;0
DOM;111;Dominican Republic;2007;PHC expenditures in 2017 USD (millions);466.32;803.34;256.74
DOM;111;Dominican Republic;2007;PHC expenditures per capita in 2017 USD;49;85;27
DOM;111;Dominican Republic;2008;PHC ambulatory expenditures in 2017 USD (millions);25.16;89.79;2.93
DOM;111;Dominican Republic;2008;PHC ambulatory expenditures per capita in 2017 USD;3;9;0
DOM;111;Dominican Republic;2008;PHC expenditures in 2017 USD (millions);535.97;925.89;293.53
DOM;111;Dominican Republic;2008;PHC expenditures per capita in 2017 USD;56;97;31
DOM;111;Dominican Republic;2009;PHC ambulatory expenditures in 2017 USD (millions);26.95;96.27;3.12
DOM;111;Dominican Republic;2009;PHC ambulatory expenditures per capita in 2017 USD;3;10;0
DOM;111;Dominican Republic;2009;PHC expenditures in 2017 USD (millions);574.23;993.95;313.47
DOM;111;Dominican Republic;2009;PHC expenditures per capita in 2017 USD;59;103;32
DOM;111;Dominican Republic;2010;PHC ambulatory expenditures in 2017 USD (millions);29.77;106.3;3.44
DOM;111;Dominican Republic;2010;PHC ambulatory expenditures per capita in 2017 USD;3;11;0
DOM;111;Dominican Republic;2010;PHC expenditures in 2017 USD (millions);632.72;1096.15;344.3
DOM;111;Dominican Republic;2010;PHC expenditures per capita in 2017 USD;65;112;35
DOM;111;Dominican Republic;2011;PHC ambulatory expenditures in 2017 USD (millions);31.43;111.96;3.64
DOM;111;Dominican Republic;2011;PHC ambulatory expenditures per capita in 2017 USD;3;11;0
DOM;111;Dominican Republic;2011;PHC expenditures in 2017 USD (millions);664.6;1149.2;362.33
DOM;111;Dominican Republic;2011;PHC expenditures per capita in 2017 USD;68;117;37
DOM;111;Dominican Republic;2012;PHC ambulatory expenditures in 2017 USD (millions);36.85;131.02;4.28
DOM;111;Dominican Republic;2012;PHC ambulatory expenditures per capita in 2017 USD;4;13;0
DOM;111;Dominican Republic;2012;PHC expenditures in 2017 USD (millions);774.38;1336.21;422.63
DOM;111;Dominican Republic;2012;PHC expenditures per capita in 2017 USD;78;134;43
DOM;111;Dominican Republic;2013;PHC ambulatory expenditures in 2017 USD (millions);36.51;129.76;4.25
DOM;111;Dominican Republic;2013;PHC ambulatory expenditures per capita in 2017 USD;4;13;0
DOM;111;Dominican Republic;2013;PHC expenditures in 2017 USD (millions);767.63;1322.79;420.56
DOM;111;Dominican Republic;2013;PHC expenditures per capita in 2017 USD;76;132;42
DOM;111;Dominican Republic;2014;PHC ambulatory expenditures in 2017 USD (millions);38.6;137.15;4.51
DOM;111;Dominican Republic;2014;PHC ambulatory expenditures per capita in 2017 USD;4;14;0
DOM;111;Dominican Republic;2014;PHC expenditures in 2017 USD (millions);810.45;1396.37;443.67
DOM;111;Dominican Republic;2014;PHC expenditures per capita in 2017 USD;80;138;44
DOM;111;Dominican Republic;2015;PHC ambulatory expenditures in 2017 USD (millions);42.86;152.37;5.02
DOM;111;Dominican Republic;2015;PHC ambulatory expenditures per capita in 2017 USD;4;15;0
DOM;111;Dominican Republic;2015;PHC expenditures in 2017 USD (millions);899.91;1554.64;492.03
DOM;111;Dominican Republic;2015;PHC expenditures per capita in 2017 USD;88;152;48
DOM;111;Dominican Republic;2016;PHC ambulatory expenditures in 2017 USD (millions);44.43;157.55;5.22
DOM;111;Dominican Republic;2016;PHC ambulatory expenditures per capita in 2017 USD;4;15;1
DOM;111;Dominican Republic;2016;PHC expenditures in 2017 USD (millions);929.78;1597.81;510.78
DOM;111;Dominican Republic;2016;PHC expenditures per capita in 2017 USD;90;154;49
DOM;111;Dominican Republic;2017;PHC ambulatory expenditures in 2017 USD (millions);47.75;168.96;5.64
DOM;111;Dominican Republic;2017;PHC ambulatory expenditures per capita in 2017 USD;5;16;1
DOM;111;Dominican Republic;2017;PHC expenditures in 2017 USD (millions);994.52;1701.54;546.43
DOM;111;Dominican Republic;2017;PHC expenditures per capita in 2017 USD;95;163;52
DZA;139;Algeria;2000;PHC ambulatory expenditures in 2017 USD (millions);559.74;768.77;286.76
DZA;139;Algeria;2000;PHC ambulatory expenditures per capita in 2017 USD;18;24;9
DZA;139;Algeria;2000;PHC expenditures in 2017 USD (millions);1267.08;1552.17;949.54
DZA;139;Algeria;2000;PHC expenditures per capita in 2017 USD;40;49;30
DZA;139;Algeria;2001;PHC ambulatory expenditures in 2017 USD (millions);601.04;824.55;304.08
DZA;139;Algeria;2001;PHC ambulatory expenditures per capita in 2017 USD;19;26;10
DZA;139;Algeria;2001;PHC expenditures in 2017 USD (millions);1363.39;1666.62;1022.09
DZA;139;Algeria;2001;PHC expenditures per capita in 2017 USD;43;52;32
DZA;139;Algeria;2002;PHC ambulatory expenditures in 2017 USD (millions);650.52;891.75;326.58
DZA;139;Algeria;2002;PHC ambulatory expenditures per capita in 2017 USD;20;27;10
DZA;139;Algeria;2002;PHC expenditures in 2017 USD (millions);1476.58;1802.6;1108.42
DZA;139;Algeria;2002;PHC expenditures per capita in 2017 USD;45;56;34
DZA;139;Algeria;2003;PHC ambulatory expenditures in 2017 USD (millions);663.4;909.03;332.34
DZA;139;Algeria;2003;PHC ambulatory expenditures per capita in 2017 USD;20;28;10
DZA;139;Algeria;2003;PHC expenditures in 2017 USD (millions);1506.85;1839.61;1132.21
DZA;139;Algeria;2003;PHC expenditures per capita in 2017 USD;46;56;34
DZA;139;Algeria;2004;PHC ambulatory expenditures in 2017 USD (millions);673.81;922.83;337.32
DZA;139;Algeria;2004;PHC ambulatory expenditures per capita in 2017 USD;20;28;10
DZA;139;Algeria;2004;PHC expenditures in 2017 USD (millions);1531.37;1870.68;1151.07
DZA;139;Algeria;2004;PHC expenditures per capita in 2017 USD;46;56;34
DZA;139;Algeria;2005;PHC ambulatory expenditures in 2017 USD (millions);672.98;921.29;337.83
DZA;139;Algeria;2005;PHC ambulatory expenditures per capita in 2017 USD;20;27;10
DZA;139;Algeria;2005;PHC expenditures in 2017 USD (millions);1531.03;1870.05;1150.51
DZA;139;Algeria;2005;PHC expenditures per capita in 2017 USD;45;55;34
DZA;139;Algeria;2006;PHC ambulatory expenditures in 2017 USD (millions);735.42;1006.84;369.36
DZA;139;Algeria;2006;PHC ambulatory expenditures per capita in 2017 USD;21;29;11
DZA;139;Algeria;2006;PHC expenditures in 2017 USD (millions);1672.43;2043.02;1257.23
DZA;139;Algeria;2006;PHC expenditures per capita in 2017 USD;49;60;37
DZA;139;Algeria;2007;PHC ambulatory expenditures in 2017 USD (millions);845.82;1157.87;425.02
DZA;139;Algeria;2007;PHC ambulatory expenditures per capita in 2017 USD;24;33;12
DZA;139;Algeria;2007;PHC expenditures in 2017 USD (millions);1920.32;2346.67;1443.1
DZA;139;Algeria;2007;PHC expenditures per capita in 2017 USD;55;67;42
DZA;139;Algeria;2008;PHC ambulatory expenditures in 2017 USD (millions);993.8;1360.16;499.67
DZA;139;Algeria;2008;PHC ambulatory expenditures per capita in 2017 USD;28;39;14
DZA;139;Algeria;2008;PHC expenditures in 2017 USD (millions);2251.79;2754.24;1690.92
DZA;139;Algeria;2008;PHC expenditures per capita in 2017 USD;64;78;48
DZA;139;Algeria;2009;PHC ambulatory expenditures in 2017 USD (millions);1125.47;1540.47;563.42
DZA;139;Algeria;2009;PHC ambulatory expenditures per capita in 2017 USD;31;43;16
DZA;139;Algeria;2009;PHC expenditures in 2017 USD (millions);2546.96;3112.09;1911.99
DZA;139;Algeria;2009;PHC expenditures per capita in 2017 USD;71;87;53
DZA;139;Algeria;2010;PHC ambulatory expenditures in 2017 USD (millions);1165.25;1595.78;584.68
DZA;139;Algeria;2010;PHC ambulatory expenditures per capita in 2017 USD;32;44;16
DZA;139;Algeria;2010;PHC expenditures in 2017 USD (millions);2635.59;3219.39;1979.82
DZA;139;Algeria;2010;PHC expenditures per capita in 2017 USD;73;89;55
DZA;139;Algeria;2011;PHC ambulatory expenditures in 2017 USD (millions);1317.42;1803.25;656.73
DZA;139;Algeria;2011;PHC ambulatory expenditures per capita in 2017 USD;36;49;18
DZA;139;Algeria;2011;PHC expenditures in 2017 USD (millions);2980.19;3638.15;2238.63
DZA;139;Algeria;2011;PHC expenditures per capita in 2017 USD;81;99;61
DZA;139;Algeria;2012;PHC ambulatory expenditures in 2017 USD (millions);1498.33;2052.85;742.2
DZA;139;Algeria;2012;PHC ambulatory expenditures per capita in 2017 USD;40;55;20
DZA;139;Algeria;2012;PHC expenditures in 2017 USD (millions);3391.23;4136.8;2545.67
DZA;139;Algeria;2012;PHC expenditures per capita in 2017 USD;91;111;68
DZA;139;Algeria;2013;PHC ambulatory expenditures in 2017 USD (millions);1466.63;2010.07;726.13
DZA;139;Algeria;2013;PHC ambulatory expenditures per capita in 2017 USD;39;53;19
DZA;139;Algeria;2013;PHC expenditures in 2017 USD (millions);3324.17;4056.06;2497.3
DZA;139;Algeria;2013;PHC expenditures per capita in 2017 USD;87;107;66
DZA;139;Algeria;2014;PHC ambulatory expenditures in 2017 USD (millions);1663.85;2282.13;818.26
DZA;139;Algeria;2014;PHC ambulatory expenditures per capita in 2017 USD;43;59;21
DZA;139;Algeria;2014;PHC expenditures in 2017 USD (millions);3771.22;4602.07;2835.6
DZA;139;Algeria;2014;PHC expenditures per capita in 2017 USD;98;119;73
DZA;139;Algeria;2015;PHC ambulatory expenditures in 2017 USD (millions);1854.21;2544.59;904.43
DZA;139;Algeria;2015;PHC ambulatory expenditures per capita in 2017 USD;47;65;23
DZA;139;Algeria;2015;PHC expenditures in 2017 USD (millions);4201.83;5124.28;3161.5
DZA;139;Algeria;2015;PHC expenditures per capita in 2017 USD;107;131;81
DZA;139;Algeria;2016;PHC ambulatory expenditures in 2017 USD (millions);1836.62;2520.89;888.18
DZA;139;Algeria;2016;PHC ambulatory expenditures per capita in 2017 USD;46;63;22
DZA;139;Algeria;2016;PHC expenditures in 2017 USD (millions);4163.91;5077.31;3134.26
DZA;139;Algeria;2016;PHC expenditures per capita in 2017 USD;104;127;79
DZA;139;Algeria;2017;PHC ambulatory expenditures in 2017 USD (millions);1828.75;2511.45;871.38
DZA;139;Algeria;2017;PHC ambulatory expenditures per capita in 2017 USD;45;62;22
DZA;139;Algeria;2017;PHC expenditures in 2017 USD (millions);4151.47;5059.36;3126.65
DZA;139;Algeria;2017;PHC expenditures per capita in 2017 USD;103;125;77
ECU;122;Ecuador;2000;PHC ambulatory expenditures in 2017 USD (millions);327.9;712.18;10.76
ECU;122;Ecuador;2000;PHC ambulatory expenditures per capita in 2017 USD;26;58;1
ECU;122;Ecuador;2000;PHC expenditures in 2017 USD (millions);657.56;1090.42;272.26
ECU;122;Ecuador;2000;PHC expenditures per capita in 2017 USD;53;88;22
ECU;122;Ecuador;2001;PHC ambulatory expenditures in 2017 USD (millions);342.73;743.08;11.24
ECU;122;Ecuador;2001;PHC ambulatory expenditures per capita in 2017 USD;27;59;1
ECU;122;Ecuador;2001;PHC expenditures in 2017 USD (millions);685.82;1139.79;283.77
ECU;122;Ecuador;2001;PHC expenditures per capita in 2017 USD;54;90;22
ECU;122;Ecuador;2002;PHC ambulatory expenditures in 2017 USD (millions);403.77;872.27;13.31
ECU;122;Ecuador;2002;PHC ambulatory expenditures per capita in 2017 USD;31;68;1
ECU;122;Ecuador;2002;PHC expenditures in 2017 USD (millions);804.99;1340.08;330.67
ECU;122;Ecuador;2002;PHC expenditures per capita in 2017 USD;62;104;26
ECU;122;Ecuador;2003;PHC ambulatory expenditures in 2017 USD (millions);454.7;980.91;15.05
ECU;122;Ecuador;2003;PHC ambulatory expenditures per capita in 2017 USD;35;75;1
ECU;122;Ecuador;2003;PHC expenditures in 2017 USD (millions);905.24;1508.21;371.5
ECU;122;Ecuador;2003;PHC expenditures per capita in 2017 USD;69;115;28
ECU;122;Ecuador;2004;PHC ambulatory expenditures in 2017 USD (millions);512.27;1102.42;17.05
ECU;122;Ecuador;2004;PHC ambulatory expenditures per capita in 2017 USD;38;82;1
ECU;122;Ecuador;2004;PHC expenditures in 2017 USD (millions);1019.89;1698.15;418.56
ECU;122;Ecuador;2004;PHC expenditures per capita in 2017 USD;76;127;31
ECU;122;Ecuador;2005;PHC ambulatory expenditures in 2017 USD (millions);563.62;1210.25;18.89
ECU;122;Ecuador;2005;PHC ambulatory expenditures per capita in 2017 USD;41;89;1
ECU;122;Ecuador;2005;PHC expenditures in 2017 USD (millions);1123.16;1869.52;461.35
ECU;122;Ecuador;2005;PHC expenditures per capita in 2017 USD;82;137;34
ECU;122;Ecuador;2006;PHC ambulatory expenditures in 2017 USD (millions);589.19;1262.63;19.84
ECU;122;Ecuador;2006;PHC ambulatory expenditures per capita in 2017 USD;42;91;1
ECU;122;Ecuador;2006;PHC expenditures in 2017 USD (millions);1176.08;1956.4;483.45
ECU;122;Ecuador;2006;PHC expenditures per capita in 2017 USD;85;141;35
ECU;122;Ecuador;2007;PHC ambulatory expenditures in 2017 USD (millions);630.51;1347.41;21.43
ECU;122;Ecuador;2007;PHC ambulatory expenditures per capita in 2017 USD;45;95;2
ECU;122;Ecuador;2007;PHC expenditures in 2017 USD (millions);1261.42;2092.58;518.35
ECU;122;Ecuador;2007;PHC expenditures per capita in 2017 USD;89;148;37
ECU;122;Ecuador;2008;PHC ambulatory expenditures in 2017 USD (millions);766.06;1632.24;26.33
ECU;122;Ecuador;2008;PHC ambulatory expenditures per capita in 2017 USD;53;114;2
ECU;122;Ecuador;2008;PHC expenditures in 2017 USD (millions);1533.25;2538.23;627.8
ECU;122;Ecuador;2008;PHC expenditures per capita in 2017 USD;107;177;44
ECU;122;Ecuador;2009;PHC ambulatory expenditures in 2017 USD (millions);771.81;1642.17;26.75
ECU;122;Ecuador;2009;PHC ambulatory expenditures per capita in 2017 USD;53;112;2
ECU;122;Ecuador;2009;PHC expenditures in 2017 USD (millions);1550.87;2557.57;637.24
ECU;122;Ecuador;2009;PHC expenditures per capita in 2017 USD;106;175;44
ECU;122;Ecuador;2010;PHC ambulatory expenditures in 2017 USD (millions);858.37;1823.9;30.05
ECU;122;Ecuador;2010;PHC ambulatory expenditures per capita in 2017 USD;58;122;2
ECU;122;Ecuador;2010;PHC expenditures in 2017 USD (millions);1727.5;2842.48;709.9
ECU;122;Ecuador;2010;PHC expenditures per capita in 2017 USD;116;191;48
ECU;122;Ecuador;2011;PHC ambulatory expenditures in 2017 USD (millions);1012.05;2149.27;35.62
ECU;122;Ecuador;2011;PHC ambulatory expenditures per capita in 2017 USD;67;142;2
ECU;122;Ecuador;2011;PHC expenditures in 2017 USD (millions);2034.91;3350.16;832.34
ECU;122;Ecuador;2011;PHC expenditures per capita in 2017 USD;134;221;55
ECU;122;Ecuador;2012;PHC ambulatory expenditures in 2017 USD (millions);1105.83;2343.67;39.02
ECU;122;Ecuador;2012;PHC ambulatory expenditures per capita in 2017 USD;72;152;3
ECU;122;Ecuador;2012;PHC expenditures in 2017 USD (millions);2223.95;3665.74;908.93
ECU;122;Ecuador;2012;PHC expenditures per capita in 2017 USD;144;237;59
ECU;122;Ecuador;2013;PHC ambulatory expenditures in 2017 USD (millions);1222.69;2583.21;43.42
ECU;122;Ecuador;2013;PHC ambulatory expenditures per capita in 2017 USD;78;165;3
ECU;122;Ecuador;2013;PHC expenditures in 2017 USD (millions);2460.84;4050.34;1006.65
ECU;122;Ecuador;2013;PHC expenditures per capita in 2017 USD;157;258;64
ECU;122;Ecuador;2014;PHC ambulatory expenditures in 2017 USD (millions);1288.19;2714.04;46.1
ECU;122;Ecuador;2014;PHC ambulatory expenditures per capita in 2017 USD;81;170;3
ECU;122;Ecuador;2014;PHC expenditures in 2017 USD (millions);2596.98;4264.54;1064.46
ECU;122;Ecuador;2014;PHC expenditures per capita in 2017 USD;163;267;67
ECU;122;Ecuador;2015;PHC ambulatory expenditures in 2017 USD (millions);1247.18;2617.49;45.13
ECU;122;Ecuador;2015;PHC ambulatory expenditures per capita in 2017 USD;77;162;3
ECU;122;Ecuador;2015;PHC expenditures in 2017 USD (millions);2524.12;4132.51;1038.64
ECU;122;Ecuador;2015;PHC expenditures per capita in 2017 USD;156;255;64
ECU;122;Ecuador;2016;PHC ambulatory expenditures in 2017 USD (millions);1228.55;2563.67;45.1
ECU;122;Ecuador;2016;PHC ambulatory expenditures per capita in 2017 USD;75;156;3
ECU;122;Ecuador;2016;PHC expenditures in 2017 USD (millions);2497.62;4065.74;1030.86
ECU;122;Ecuador;2016;PHC expenditures per capita in 2017 USD;152;247;63
ECU;122;Ecuador;2017;PHC ambulatory expenditures in 2017 USD (millions);1233.11;2557.54;45.79
ECU;122;Ecuador;2017;PHC ambulatory expenditures per capita in 2017 USD;74;153;3
ECU;122;Ecuador;2017;PHC expenditures in 2017 USD (millions);2517.4;4089.02;1046.94
ECU;122;Ecuador;2017;PHC expenditures per capita in 2017 USD;151;245;63
EGY;141;Egypt;2000;PHC ambulatory expenditures in 2017 USD (millions);903.3;1875.33;259.11
EGY;141;Egypt;2000;PHC ambulatory expenditures per capita in 2017 USD;14;28;4
EGY;141;Egypt;2000;PHC expenditures in 2017 USD (millions);2269.12;3262.59;1466.7
EGY;141;Egypt;2000;PHC expenditures per capita in 2017 USD;34;49;22
EGY;141;Egypt;2001;PHC ambulatory expenditures in 2017 USD (millions);974.83;2015.5;282.19
EGY;141;Egypt;2001;PHC ambulatory expenditures per capita in 2017 USD;14;29;4
EGY;141;Egypt;2001;PHC expenditures in 2017 USD (millions);2454.19;3521.05;1587.91
EGY;141;Egypt;2001;PHC expenditures per capita in 2017 USD;36;52;23
EGY;141;Egypt;2002;PHC ambulatory expenditures in 2017 USD (millions);1040.08;2140.07;304.4
EGY;141;Egypt;2002;PHC ambulatory expenditures per capita in 2017 USD;15;31;4
EGY;141;Egypt;2002;PHC expenditures in 2017 USD (millions);2625.35;3755.99;1704.56
EGY;141;Egypt;2002;PHC expenditures per capita in 2017 USD;38;54;24
EGY;141;Egypt;2003;PHC ambulatory expenditures in 2017 USD (millions);1036.78;2128.24;305.51
EGY;141;Egypt;2003;PHC ambulatory expenditures per capita in 2017 USD;15;30;4
EGY;141;Egypt;2003;PHC expenditures in 2017 USD (millions);2623.01;3746.23;1708.69
EGY;141;Egypt;2003;PHC expenditures per capita in 2017 USD;37;52;24
EGY;141;Egypt;2004;PHC ambulatory expenditures in 2017 USD (millions);1028.78;2107.09;304.72
EGY;141;Egypt;2004;PHC ambulatory expenditures per capita in 2017 USD;14;29;4
EGY;141;Egypt;2004;PHC expenditures in 2017 USD (millions);2608.41;3721.13;1700.06
EGY;141;Egypt;2004;PHC expenditures per capita in 2017 USD;36;51;23
EGY;141;Egypt;2005;PHC ambulatory expenditures in 2017 USD (millions);1042.5;2131.12;310.15
EGY;141;Egypt;2005;PHC ambulatory expenditures per capita in 2017 USD;14;29;4
EGY;141;Egypt;2005;PHC expenditures in 2017 USD (millions);2646.86;3772.3;1722.21
EGY;141;Egypt;2005;PHC expenditures per capita in 2017 USD;36;51;23
EGY;141;Egypt;2006;PHC ambulatory expenditures in 2017 USD (millions);1129.5;2305.94;337.64
EGY;141;Egypt;2006;PHC ambulatory expenditures per capita in 2017 USD;15;30;4
EGY;141;Egypt;2006;PHC expenditures in 2017 USD (millions);2869.94;4085.02;1870.5
EGY;141;Egypt;2006;PHC expenditures per capita in 2017 USD;38;54;25
EGY;141;Egypt;2007;PHC ambulatory expenditures in 2017 USD (millions);1119.27;2289.22;332.77
EGY;141;Egypt;2007;PHC ambulatory expenditures per capita in 2017 USD;14;29;4
EGY;141;Egypt;2007;PHC expenditures in 2017 USD (millions);2841.51;4045.26;1848.52
EGY;141;Egypt;2007;PHC expenditures per capita in 2017 USD;36;52;24
EGY;141;Egypt;2008;PHC ambulatory expenditures in 2017 USD (millions);1204.79;2468.65;356.72
EGY;141;Egypt;2008;PHC ambulatory expenditures per capita in 2017 USD;15;31;4
EGY;141;Egypt;2008;PHC expenditures in 2017 USD (millions);3054.99;4354.02;1985.14
EGY;141;Egypt;2008;PHC expenditures per capita in 2017 USD;38;55;25
EGY;141;Egypt;2009;PHC ambulatory expenditures in 2017 USD (millions);1214.48;2491.79;359.06
EGY;141;Egypt;2009;PHC ambulatory expenditures per capita in 2017 USD;15;31;4
EGY;141;Egypt;2009;PHC expenditures in 2017 USD (millions);3077.33;4388.71;2000.76
EGY;141;Egypt;2009;PHC expenditures per capita in 2017 USD;38;54;25
EGY;141;Egypt;2010;PHC ambulatory expenditures in 2017 USD (millions);1255.89;2579.12;371.66
EGY;141;Egypt;2010;PHC ambulatory expenditures per capita in 2017 USD;15;31;4
EGY;141;Egypt;2010;PHC expenditures in 2017 USD (millions);3180.95;4537.56;2070.24
EGY;141;Egypt;2010;PHC expenditures per capita in 2017 USD;38;55;25
EGY;141;Egypt;2011;PHC ambulatory expenditures in 2017 USD (millions);1310.24;2684.63;390.98
EGY;141;Egypt;2011;PHC ambulatory expenditures per capita in 2017 USD;15;32;5
EGY;141;Egypt;2011;PHC expenditures in 2017 USD (millions);3323.4;4735.83;2165.72
EGY;141;Egypt;2011;PHC expenditures per capita in 2017 USD;39;56;26
EGY;141;Egypt;2012;PHC ambulatory expenditures in 2017 USD (millions);1363.96;2785.44;408.92
EGY;141;Egypt;2012;PHC ambulatory expenditures per capita in 2017 USD;16;32;5
EGY;141;Egypt;2012;PHC expenditures in 2017 USD (millions);3466.38;4925.54;2259.62
EGY;141;Egypt;2012;PHC expenditures per capita in 2017 USD;40;57;26
EGY;141;Egypt;2013;PHC ambulatory expenditures in 2017 USD (millions);1517.97;3090.29;456.81
EGY;141;Egypt;2013;PHC ambulatory expenditures per capita in 2017 USD;17;35;5
EGY;141;Egypt;2013;PHC expenditures in 2017 USD (millions);3863.01;5480.21;2519.71
EGY;141;Egypt;2013;PHC expenditures per capita in 2017 USD;43;62;28
EGY;141;Egypt;2014;PHC ambulatory expenditures in 2017 USD (millions);1627.05;3304.51;490.87
EGY;141;Egypt;2014;PHC ambulatory expenditures per capita in 2017 USD;18;36;5
EGY;141;Egypt;2014;PHC expenditures in 2017 USD (millions);4144.3;5874.69;2703.76
EGY;141;Egypt;2014;PHC expenditures per capita in 2017 USD;46;65;30
EGY;141;Egypt;2015;PHC ambulatory expenditures in 2017 USD (millions);1701.42;3450.99;513.81
EGY;141;Egypt;2015;PHC ambulatory expenditures per capita in 2017 USD;18;37;6
EGY;141;Egypt;2015;PHC expenditures in 2017 USD (millions);4334.9;6143.9;2827.32
EGY;141;Egypt;2015;PHC expenditures per capita in 2017 USD;47;66;30
EGY;141;Egypt;2016;PHC ambulatory expenditures in 2017 USD (millions);1813.71;3669.33;549.53
EGY;141;Egypt;2016;PHC ambulatory expenditures per capita in 2017 USD;19;39;6
EGY;141;Egypt;2016;PHC expenditures in 2017 USD (millions);4627.55;6550.55;3022.04
EGY;141;Egypt;2016;PHC expenditures per capita in 2017 USD;49;69;32
EGY;141;Egypt;2017;PHC ambulatory expenditures in 2017 USD (millions);1890.12;3814.03;575.64
EGY;141;Egypt;2017;PHC ambulatory expenditures per capita in 2017 USD;20;40;6
EGY;141;Egypt;2017;PHC expenditures in 2017 USD (millions);4832.79;6826.27;3162.19
EGY;141;Egypt;2017;PHC expenditures per capita in 2017 USD;50;71;33
ERI;178;Eritrea;2000;PHC ambulatory expenditures in 2017 USD (millions);19.95;27.33;10.6
ERI;178;Eritrea;2000;PHC ambulatory expenditures per capita in 2017 USD;6;8;3
ERI;178;Eritrea;2000;PHC expenditures in 2017 USD (millions);45.41;55.8;34.25
ERI;178;Eritrea;2000;PHC expenditures per capita in 2017 USD;13;16;10
ERI;178;Eritrea;2001;PHC ambulatory expenditures in 2017 USD (millions);17.75;24.34;9.28
ERI;178;Eritrea;2001;PHC ambulatory expenditures per capita in 2017 USD;5;7;3
ERI;178;Eritrea;2001;PHC expenditures in 2017 USD (millions);40.66;49.9;30.58
ERI;178;Eritrea;2001;PHC expenditures per capita in 2017 USD;11;14;8
ERI;178;Eritrea;2002;PHC ambulatory expenditures in 2017 USD (millions);19.19;26.3;10.12
ERI;178;Eritrea;2002;PHC ambulatory expenditures per capita in 2017 USD;5;7;3
ERI;178;Eritrea;2002;PHC expenditures in 2017 USD (millions);44;53.98;33.1
ERI;178;Eritrea;2002;PHC expenditures per capita in 2017 USD;11;13;8
ERI;178;Eritrea;2003;PHC ambulatory expenditures in 2017 USD (millions);21.72;29.75;11.59
ERI;178;Eritrea;2003;PHC ambulatory expenditures per capita in 2017 USD;5;7;3
ERI;178;Eritrea;2003;PHC expenditures in 2017 USD (millions);49.67;60.95;37.32
ERI;178;Eritrea;2003;PHC expenditures per capita in 2017 USD;12;14;9
ERI;178;Eritrea;2004;PHC ambulatory expenditures in 2017 USD (millions);19.56;26.76;10.51
ERI;178;Eritrea;2004;PHC ambulatory expenditures per capita in 2017 USD;4;6;2
ERI;178;Eritrea;2004;PHC expenditures in 2017 USD (millions);44.78;54.95;33.68
ERI;178;Eritrea;2004;PHC expenditures per capita in 2017 USD;10;12;8
ERI;178;Eritrea;2005;PHC ambulatory expenditures in 2017 USD (millions);18.81;25.71;10.17
ERI;178;Eritrea;2005;PHC ambulatory expenditures per capita in 2017 USD;4;6;2
ERI;178;Eritrea;2005;PHC expenditures in 2017 USD (millions);43.06;52.82;32.44
ERI;178;Eritrea;2005;PHC expenditures per capita in 2017 USD;9;12;7
ERI;178;Eritrea;2006;PHC ambulatory expenditures in 2017 USD (millions);13.5;18.45;7.3
ERI;178;Eritrea;2006;PHC ambulatory expenditures per capita in 2017 USD;3;4;2
ERI;178;Eritrea;2006;PHC expenditures in 2017 USD (millions);31.28;38.33;23.7
ERI;178;Eritrea;2006;PHC expenditures per capita in 2017 USD;7;8;5
ERI;178;Eritrea;2007;PHC ambulatory expenditures in 2017 USD (millions);14.75;20.13;8.08
ERI;178;Eritrea;2007;PHC ambulatory expenditures per capita in 2017 USD;3;4;2
ERI;178;Eritrea;2007;PHC expenditures in 2017 USD (millions);33.95;41.67;25.63
ERI;178;Eritrea;2007;PHC expenditures per capita in 2017 USD;7;9;5
ERI;178;Eritrea;2008;PHC ambulatory expenditures in 2017 USD (millions);15.2;20.73;8.43
ERI;178;Eritrea;2008;PHC ambulatory expenditures per capita in 2017 USD;3;4;2
ERI;178;Eritrea;2008;PHC expenditures in 2017 USD (millions);34.83;42.78;26.25
ERI;178;Eritrea;2008;PHC expenditures per capita in 2017 USD;7;9;5
ERI;178;Eritrea;2009;PHC ambulatory expenditures in 2017 USD (millions);13.77;18.77;7.66
ERI;178;Eritrea;2009;PHC ambulatory expenditures per capita in 2017 USD;3;4;2
ERI;178;Eritrea;2009;PHC expenditures in 2017 USD (millions);31.59;38.84;23.9
ERI;178;Eritrea;2009;PHC expenditures per capita in 2017 USD;6;8;5
ERI;178;Eritrea;2010;PHC ambulatory expenditures in 2017 USD (millions);20.57;28.01;11.79
ERI;178;Eritrea;2010;PHC ambulatory expenditures per capita in 2017 USD;4;5;2
ERI;178;Eritrea;2010;PHC expenditures in 2017 USD (millions);46.26;57.19;34.87
ERI;178;Eritrea;2010;PHC expenditures per capita in 2017 USD;9;11;7
ERI;178;Eritrea;2011;PHC ambulatory expenditures in 2017 USD (millions);15.14;20.62;8.56
ERI;178;Eritrea;2011;PHC ambulatory expenditures per capita in 2017 USD;3;4;2
ERI;178;Eritrea;2011;PHC expenditures in 2017 USD (millions);34.44;42.46;25.94
ERI;178;Eritrea;2011;PHC expenditures per capita in 2017 USD;7;8;5
ERI;178;Eritrea;2012;PHC ambulatory expenditures in 2017 USD (millions);18.13;24.68;10.39
ERI;178;Eritrea;2012;PHC ambulatory expenditures per capita in 2017 USD;3;5;2
ERI;178;Eritrea;2012;PHC expenditures in 2017 USD (millions);40.92;50.46;30.86
ERI;178;Eritrea;2012;PHC expenditures per capita in 2017 USD;8;9;6
ERI;178;Eritrea;2013;PHC ambulatory expenditures in 2017 USD (millions);18.58;25.28;10.73
ERI;178;Eritrea;2013;PHC ambulatory expenditures per capita in 2017 USD;3;5;2
ERI;178;Eritrea;2013;PHC expenditures in 2017 USD (millions);41.85;51.7;31.61
ERI;178;Eritrea;2013;PHC expenditures per capita in 2017 USD;8;9;6
ERI;178;Eritrea;2014;PHC ambulatory expenditures in 2017 USD (millions);20.61;28.04;11.91
ERI;178;Eritrea;2014;PHC ambulatory expenditures per capita in 2017 USD;4;5;2
ERI;178;Eritrea;2014;PHC expenditures in 2017 USD (millions);46.26;57.13;34.97
ERI;178;Eritrea;2014;PHC expenditures per capita in 2017 USD;8;10;6
ERI;178;Eritrea;2015;PHC ambulatory expenditures in 2017 USD (millions);18.65;25.39;10.62
ERI;178;Eritrea;2015;PHC ambulatory expenditures per capita in 2017 USD;3;5;2
ERI;178;Eritrea;2015;PHC expenditures in 2017 USD (millions);42.12;51.89;31.86
ERI;178;Eritrea;2015;PHC expenditures per capita in 2017 USD;7;9;6
ERI;178;Eritrea;2016;PHC ambulatory expenditures in 2017 USD (millions);22.82;31.09;12.84
ERI;178;Eritrea;2016;PHC ambulatory expenditures per capita in 2017 USD;4;5;2
ERI;178;Eritrea;2016;PHC expenditures in 2017 USD (millions);51.29;63.24;38.82
ERI;178;Eritrea;2016;PHC expenditures per capita in 2017 USD;9;11;7
ERI;178;Eritrea;2017;PHC ambulatory expenditures in 2017 USD (millions);28.37;38.66;15.89
ERI;178;Eritrea;2017;PHC ambulatory expenditures per capita in 2017 USD;5;7;3
ERI;178;Eritrea;2017;PHC expenditures in 2017 USD (millions);63.48;78.23;47.9
ERI;178;Eritrea;2017;PHC expenditures per capita in 2017 USD;11;13;8
ETH;179;Ethiopia;2000;PHC ambulatory expenditures in 2017 USD (millions);82.87;202.34;13.98
ETH;179;Ethiopia;2000;PHC ambulatory expenditures per capita in 2017 USD;1;3;0
ETH;179;Ethiopia;2000;PHC expenditures in 2017 USD (millions);446.73;590.4;288.81
ETH;179;Ethiopia;2000;PHC expenditures per capita in 2017 USD;7;9;4
ETH;179;Ethiopia;2001;PHC ambulatory expenditures in 2017 USD (millions);86.21;210.36;14.52
ETH;179;Ethiopia;2001;PHC ambulatory expenditures per capita in 2017 USD;1;3;0
ETH;179;Ethiopia;2001;PHC expenditures in 2017 USD (millions);464.85;614.71;300.2
ETH;179;Ethiopia;2001;PHC expenditures per capita in 2017 USD;7;9;4
ETH;179;Ethiopia;2002;PHC ambulatory expenditures in 2017 USD (millions);92.41;225.21;15.54
ETH;179;Ethiopia;2002;PHC ambulatory expenditures per capita in 2017 USD;1;3;0
ETH;179;Ethiopia;2002;PHC expenditures in 2017 USD (millions);498.36;658.76;321.85
ETH;179;Ethiopia;2002;PHC expenditures per capita in 2017 USD;7;9;4
ETH;179;Ethiopia;2003;PHC ambulatory expenditures in 2017 USD (millions);102.33;249.78;17.14
ETH;179;Ethiopia;2003;PHC ambulatory expenditures per capita in 2017 USD;1;3;0
ETH;179;Ethiopia;2003;PHC expenditures in 2017 USD (millions);551.76;730.13;355.34
ETH;179;Ethiopia;2003;PHC expenditures per capita in 2017 USD;8;10;5
ETH;179;Ethiopia;2004;PHC ambulatory expenditures in 2017 USD (millions);98.94;241.83;16.57
ETH;179;Ethiopia;2004;PHC ambulatory expenditures per capita in 2017 USD;1;3;0
ETH;179;Ethiopia;2004;PHC expenditures in 2017 USD (millions);533.67;706.83;342.68
ETH;179;Ethiopia;2004;PHC expenditures per capita in 2017 USD;7;9;5
ETH;179;Ethiopia;2005;PHC ambulatory expenditures in 2017 USD (millions);109.65;268.51;18.35
ETH;179;Ethiopia;2005;PHC ambulatory expenditures per capita in 2017 USD;1;4;0
ETH;179;Ethiopia;2005;PHC expenditures in 2017 USD (millions);591.37;783.68;378.75
ETH;179;Ethiopia;2005;PHC expenditures per capita in 2017 USD;8;10;5
ETH;179;Ethiopia;2006;PHC ambulatory expenditures in 2017 USD (millions);131.69;325.98;22
ETH;179;Ethiopia;2006;PHC ambulatory expenditures per capita in 2017 USD;2;4;0
ETH;179;Ethiopia;2006;PHC expenditures in 2017 USD (millions);710.04;943.22;451.67
ETH;179;Ethiopia;2006;PHC expenditures per capita in 2017 USD;9;12;6
ETH;179;Ethiopia;2007;PHC ambulatory expenditures in 2017 USD (millions);153.61;384.65;25.62
ETH;179;Ethiopia;2007;PHC ambulatory expenditures per capita in 2017 USD;2;5;0
ETH;179;Ethiopia;2007;PHC expenditures in 2017 USD (millions);828.01;1101.63;525.32
ETH;179;Ethiopia;2007;PHC expenditures per capita in 2017 USD;10;14;7
ETH;179;Ethiopia;2008;PHC ambulatory expenditures in 2017 USD (millions);157.64;398.65;25.6
ETH;179;Ethiopia;2008;PHC ambulatory expenditures per capita in 2017 USD;2;5;0
ETH;179;Ethiopia;2008;PHC expenditures in 2017 USD (millions);849.96;1132.88;537.93
ETH;179;Ethiopia;2008;PHC expenditures per capita in 2017 USD;10;14;7
ETH;179;Ethiopia;2009;PHC ambulatory expenditures in 2017 USD (millions);173.96;441.8;28.1
ETH;179;Ethiopia;2009;PHC ambulatory expenditures per capita in 2017 USD;2;5;0
ETH;179;Ethiopia;2009;PHC expenditures in 2017 USD (millions);938.06;1251.6;593.46
ETH;179;Ethiopia;2009;PHC expenditures per capita in 2017 USD;11;15;7
ETH;179;Ethiopia;2010;PHC ambulatory expenditures in 2017 USD (millions);207.27;528.2;33.17
ETH;179;Ethiopia;2010;PHC ambulatory expenditures per capita in 2017 USD;2;6;0
ETH;179;Ethiopia;2010;PHC expenditures in 2017 USD (millions);1117.7;1492.25;706.98
ETH;179;Ethiopia;2010;PHC expenditures per capita in 2017 USD;13;17;8
ETH;179;Ethiopia;2011;PHC ambulatory expenditures in 2017 USD (millions);230.05;588.54;36.45
ETH;179;Ethiopia;2011;PHC ambulatory expenditures per capita in 2017 USD;3;7;0
ETH;179;Ethiopia;2011;PHC expenditures in 2017 USD (millions);1240.93;1657.77;784.85
ETH;179;Ethiopia;2011;PHC expenditures per capita in 2017 USD;14;19;9
ETH;179;Ethiopia;2012;PHC ambulatory expenditures in 2017 USD (millions);235.01;599.69;37.52
ETH;179;Ethiopia;2012;PHC ambulatory expenditures per capita in 2017 USD;3;7;0
ETH;179;Ethiopia;2012;PHC expenditures in 2017 USD (millions);1268.24;1692.24;803.61
ETH;179;Ethiopia;2012;PHC expenditures per capita in 2017 USD;14;19;9
ETH;179;Ethiopia;2013;PHC ambulatory expenditures in 2017 USD (millions);283.09;723.17;45.15
ETH;179;Ethiopia;2013;PHC ambulatory expenditures per capita in 2017 USD;3;8;0
ETH;179;Ethiopia;2013;PHC expenditures in 2017 USD (millions);1527.53;2039.46;967.6
ETH;179;Ethiopia;2013;PHC expenditures per capita in 2017 USD;16;22;10
ETH;179;Ethiopia;2014;PHC ambulatory expenditures in 2017 USD (millions);270.21;688.21;43.41
ETH;179;Ethiopia;2014;PHC ambulatory expenditures per capita in 2017 USD;3;7;0
ETH;179;Ethiopia;2014;PHC expenditures in 2017 USD (millions);1459.13;1947.67;925.9
ETH;179;Ethiopia;2014;PHC expenditures per capita in 2017 USD;15;20;10
ETH;179;Ethiopia;2015;PHC ambulatory expenditures in 2017 USD (millions);281.92;715.22;45.6
ETH;179;Ethiopia;2015;PHC ambulatory expenditures per capita in 2017 USD;3;7;0
ETH;179;Ethiopia;2015;PHC expenditures in 2017 USD (millions);1522.89;2031.83;966.02
ETH;179;Ethiopia;2015;PHC expenditures per capita in 2017 USD;16;21;10
ETH;179;Ethiopia;2016;PHC ambulatory expenditures in 2017 USD (millions);300.47;758.19;48.83
ETH;179;Ethiopia;2016;PHC ambulatory expenditures per capita in 2017 USD;3;8;0
ETH;179;Ethiopia;2016;PHC expenditures in 2017 USD (millions);1623.63;2163.47;1028.57
ETH;179;Ethiopia;2016;PHC expenditures per capita in 2017 USD;16;22;10
ETH;179;Ethiopia;2017;PHC ambulatory expenditures in 2017 USD (millions);319.8;802.22;52.29
ETH;179;Ethiopia;2017;PHC ambulatory expenditures per capita in 2017 USD;3;8;1
ETH;179;Ethiopia;2017;PHC expenditures in 2017 USD (millions);1728.81;2299.49;1094.76
ETH;179;Ethiopia;2017;PHC expenditures per capita in 2017 USD;17;22;11
FJI;22;Fiji;2000;PHC ambulatory expenditures in 2017 USD (millions);14.78;25.44;1.65
FJI;22;Fiji;2000;PHC ambulatory expenditures per capita in 2017 USD;18;31;2
FJI;22;Fiji;2000;PHC expenditures in 2017 USD (millions);45.65;61.72;30.81
FJI;22;Fiji;2000;PHC expenditures per capita in 2017 USD;56;75;38
FJI;22;Fiji;2001;PHC ambulatory expenditures in 2017 USD (millions);14.4;24.77;1.62
FJI;22;Fiji;2001;PHC ambulatory expenditures per capita in 2017 USD;17;30;2
FJI;22;Fiji;2001;PHC expenditures in 2017 USD (millions);44.69;60.28;30.22
FJI;22;Fiji;2001;PHC expenditures per capita in 2017 USD;54;73;37
FJI;22;Fiji;2002;PHC ambulatory expenditures in 2017 USD (millions);15.34;26.4;1.73
FJI;22;Fiji;2002;PHC ambulatory expenditures per capita in 2017 USD;18;32;2
FJI;22;Fiji;2002;PHC expenditures in 2017 USD (millions);47.5;64.01;32.17
FJI;22;Fiji;2002;PHC expenditures per capita in 2017 USD;57;77;39
FJI;22;Fiji;2003;PHC ambulatory expenditures in 2017 USD (millions);16.83;28.99;1.88
FJI;22;Fiji;2003;PHC ambulatory expenditures per capita in 2017 USD;20;35;2
FJI;22;Fiji;2003;PHC expenditures in 2017 USD (millions);51.72;69.83;34.95
FJI;22;Fiji;2003;PHC expenditures per capita in 2017 USD;62;83;42
FJI;22;Fiji;2004;PHC ambulatory expenditures in 2017 USD (millions);16.39;28.21;1.83
FJI;22;Fiji;2004;PHC ambulatory expenditures per capita in 2017 USD;19;33;2
FJI;22;Fiji;2004;PHC expenditures in 2017 USD (millions);50.55;68.23;34.19
FJI;22;Fiji;2004;PHC expenditures per capita in 2017 USD;60;81;41
FJI;22;Fiji;2005;PHC ambulatory expenditures in 2017 USD (millions);16.25;27.97;1.82
FJI;22;Fiji;2005;PHC ambulatory expenditures per capita in 2017 USD;19;33;2
FJI;22;Fiji;2005;PHC expenditures in 2017 USD (millions);50.26;67.9;34
FJI;22;Fiji;2005;PHC expenditures per capita in 2017 USD;59;80;40
FJI;22;Fiji;2006;PHC ambulatory expenditures in 2017 USD (millions);18;31.02;2.01
FJI;22;Fiji;2006;PHC ambulatory expenditures per capita in 2017 USD;21;36;2
FJI;22;Fiji;2006;PHC expenditures in 2017 USD (millions);55.5;75.14;37.52
FJI;22;Fiji;2006;PHC expenditures per capita in 2017 USD;65;88;44
FJI;22;Fiji;2007;PHC ambulatory expenditures in 2017 USD (millions);18.02;31.08;2
FJI;22;Fiji;2007;PHC ambulatory expenditures per capita in 2017 USD;21;36;2
FJI;22;Fiji;2007;PHC expenditures in 2017 USD (millions);55.4;74.93;37.48
FJI;22;Fiji;2007;PHC expenditures per capita in 2017 USD;64;87;44
FJI;22;Fiji;2008;PHC ambulatory expenditures in 2017 USD (millions);17.34;29.94;1.92
FJI;22;Fiji;2008;PHC ambulatory expenditures per capita in 2017 USD;20;35;2
FJI;22;Fiji;2008;PHC expenditures in 2017 USD (millions);53.35;72.09;36.14
FJI;22;Fiji;2008;PHC expenditures per capita in 2017 USD;62;83;42
FJI;22;Fiji;2009;PHC ambulatory expenditures in 2017 USD (millions);18.54;32.03;2.04
FJI;22;Fiji;2009;PHC ambulatory expenditures per capita in 2017 USD;21;37;2
FJI;22;Fiji;2009;PHC expenditures in 2017 USD (millions);56.83;76.98;38.49
FJI;22;Fiji;2009;PHC expenditures per capita in 2017 USD;65;88;44
FJI;22;Fiji;2010;PHC ambulatory expenditures in 2017 USD (millions);19.15;33.1;2.1
FJI;22;Fiji;2010;PHC ambulatory expenditures per capita in 2017 USD;22;38;2
FJI;22;Fiji;2010;PHC expenditures in 2017 USD (millions);58.51;79.41;39.54
FJI;22;Fiji;2010;PHC expenditures per capita in 2017 USD;67;91;45
FJI;22;Fiji;2011;PHC ambulatory expenditures in 2017 USD (millions);19.49;33.68;2.14
FJI;22;Fiji;2011;PHC ambulatory expenditures per capita in 2017 USD;22;38;2
FJI;22;Fiji;2011;PHC expenditures in 2017 USD (millions);59.5;80.75;40.14
FJI;22;Fiji;2011;PHC expenditures per capita in 2017 USD;68;92;46
FJI;22;Fiji;2012;PHC ambulatory expenditures in 2017 USD (millions);18.78;32.46;2.07
FJI;22;Fiji;2012;PHC ambulatory expenditures per capita in 2017 USD;21;37;2
FJI;22;Fiji;2012;PHC expenditures in 2017 USD (millions);57.5;77.99;38.75
FJI;22;Fiji;2012;PHC expenditures per capita in 2017 USD;65;88;44
FJI;22;Fiji;2013;PHC ambulatory expenditures in 2017 USD (millions);19.43;33.57;2.13
FJI;22;Fiji;2013;PHC ambulatory expenditures per capita in 2017 USD;22;38;2
FJI;22;Fiji;2013;PHC expenditures in 2017 USD (millions);59.42;80.62;40.01
FJI;22;Fiji;2013;PHC expenditures per capita in 2017 USD;67;91;45
FJI;22;Fiji;2014;PHC ambulatory expenditures in 2017 USD (millions);21.9;37.83;2.41
FJI;22;Fiji;2014;PHC ambulatory expenditures per capita in 2017 USD;24;42;3
FJI;22;Fiji;2014;PHC expenditures in 2017 USD (millions);66.85;90.63;44.96
FJI;22;Fiji;2014;PHC expenditures per capita in 2017 USD;75;101;50
FJI;22;Fiji;2015;PHC ambulatory expenditures in 2017 USD (millions);22.72;39.22;2.51
FJI;22;Fiji;2015;PHC ambulatory expenditures per capita in 2017 USD;25;44;3
FJI;22;Fiji;2015;PHC expenditures in 2017 USD (millions);69.44;93.98;46.72
FJI;22;Fiji;2015;PHC expenditures per capita in 2017 USD;77;105;52
FJI;22;Fiji;2016;PHC ambulatory expenditures in 2017 USD (millions);22.26;38.42;2.47
FJI;22;Fiji;2016;PHC ambulatory expenditures per capita in 2017 USD;25;43;3
FJI;22;Fiji;2016;PHC expenditures in 2017 USD (millions);68.2;92.22;45.98
FJI;22;Fiji;2016;PHC expenditures per capita in 2017 USD;76;102;51
FJI;22;Fiji;2017;PHC ambulatory expenditures in 2017 USD (millions);23.67;40.73;2.65
FJI;22;Fiji;2017;PHC ambulatory expenditures per capita in 2017 USD;26;45;3
FJI;22;Fiji;2017;PHC expenditures in 2017 USD (millions);72.67;98.33;49.02
FJI;22;Fiji;2017;PHC expenditures per capita in 2017 USD;80;108;54
FSM;25;Federated States of Micronesia;2000;PHC ambulatory expenditures in 2017 USD (millions);1.15;2.7;0.21
FSM;25;Federated States of Micronesia;2000;PHC ambulatory expenditures per capita in 2017 USD;11;25;2
FSM;25;Federated States of Micronesia;2000;PHC expenditures in 2017 USD (millions);3.6;5.26;2.2
FSM;25;Federated States of Micronesia;2000;PHC expenditures per capita in 2017 USD;33;48;20
FSM;25;Federated States of Micronesia;2001;PHC ambulatory expenditures in 2017 USD (millions);1.16;2.71;0.21
FSM;25;Federated States of Micronesia;2001;PHC ambulatory expenditures per capita in 2017 USD;11;25;2
FSM;25;Federated States of Micronesia;2001;PHC expenditures in 2017 USD (millions);3.61;5.28;2.22
FSM;25;Federated States of Micronesia;2001;PHC expenditures per capita in 2017 USD;33;48;20
FSM;25;Federated States of Micronesia;2002;PHC ambulatory expenditures in 2017 USD (millions);1.1;2.57;0.2
FSM;25;Federated States of Micronesia;2002;PHC ambulatory expenditures per capita in 2017 USD;10;24;2
FSM;25;Federated States of Micronesia;2002;PHC expenditures in 2017 USD (millions);3.45;5.02;2.12
FSM;25;Federated States of Micronesia;2002;PHC expenditures per capita in 2017 USD;32;46;19
FSM;25;Federated States of Micronesia;2003;PHC ambulatory expenditures in 2017 USD (millions);1.92;4.58;0.33
FSM;25;Federated States of Micronesia;2003;PHC ambulatory expenditures per capita in 2017 USD;18;42;3
FSM;25;Federated States of Micronesia;2003;PHC expenditures in 2017 USD (millions);5.9;8.73;3.55
FSM;25;Federated States of Micronesia;2003;PHC expenditures per capita in 2017 USD;54;80;33
FSM;25;Federated States of Micronesia;2004;PHC ambulatory expenditures in 2017 USD (millions);4.18;10.15;0.69
FSM;25;Federated States of Micronesia;2004;PHC ambulatory expenditures per capita in 2017 USD;39;94;6
FSM;25;Federated States of Micronesia;2004;PHC expenditures in 2017 USD (millions);12.66;19.12;7.37
FSM;25;Federated States of Micronesia;2004;PHC expenditures per capita in 2017 USD;117;177;68
FSM;25;Federated States of Micronesia;2005;PHC ambulatory expenditures in 2017 USD (millions);4.52;10.92;0.75
FSM;25;Federated States of Micronesia;2005;PHC ambulatory expenditures per capita in 2017 USD;42;101;7
FSM;25;Federated States of Micronesia;2005;PHC expenditures in 2017 USD (millions);13.68;20.62;7.97
FSM;25;Federated States of Micronesia;2005;PHC expenditures per capita in 2017 USD;127;191;74
FSM;25;Federated States of Micronesia;2006;PHC ambulatory expenditures in 2017 USD (millions);4.06;9.78;0.68
FSM;25;Federated States of Micronesia;2006;PHC ambulatory expenditures per capita in 2017 USD;38;91;6
FSM;25;Federated States of Micronesia;2006;PHC expenditures in 2017 USD (millions);12.3;18.47;7.19
FSM;25;Federated States of Micronesia;2006;PHC expenditures per capita in 2017 USD;115;172;67
FSM;25;Federated States of Micronesia;2007;PHC ambulatory expenditures in 2017 USD (millions);4.03;9.73;0.67
FSM;25;Federated States of Micronesia;2007;PHC ambulatory expenditures per capita in 2017 USD;38;91;6
FSM;25;Federated States of Micronesia;2007;PHC expenditures in 2017 USD (millions);12.22;18.39;7.13
FSM;25;Federated States of Micronesia;2007;PHC expenditures per capita in 2017 USD;114;172;67
FSM;25;Federated States of Micronesia;2008;PHC ambulatory expenditures in 2017 USD (millions);4.25;10.27;0.7
FSM;25;Federated States of Micronesia;2008;PHC ambulatory expenditures per capita in 2017 USD;40;97;7
FSM;25;Federated States of Micronesia;2008;PHC expenditures in 2017 USD (millions);12.86;19.41;7.48
FSM;25;Federated States of Micronesia;2008;PHC expenditures per capita in 2017 USD;121;183;70
FSM;25;Federated States of Micronesia;2009;PHC ambulatory expenditures in 2017 USD (millions);4.96;12.16;0.81
FSM;25;Federated States of Micronesia;2009;PHC ambulatory expenditures per capita in 2017 USD;47;115;8
FSM;25;Federated States of Micronesia;2009;PHC expenditures in 2017 USD (millions);14.96;22.71;8.69
FSM;25;Federated States of Micronesia;2009;PHC expenditures per capita in 2017 USD;141;215;82
FSM;25;Federated States of Micronesia;2010;PHC ambulatory expenditures in 2017 USD (millions);1.69;3.94;0.3
FSM;25;Federated States of Micronesia;2010;PHC ambulatory expenditures per capita in 2017 USD;16;37;3
FSM;25;Federated States of Micronesia;2010;PHC expenditures in 2017 USD (millions);5.21;7.61;3.17
FSM;25;Federated States of Micronesia;2010;PHC expenditures per capita in 2017 USD;49;72;30
FSM;25;Federated States of Micronesia;2011;PHC ambulatory expenditures in 2017 USD (millions);1.81;4.23;0.32
FSM;25;Federated States of Micronesia;2011;PHC ambulatory expenditures per capita in 2017 USD;17;40;3
FSM;25;Federated States of Micronesia;2011;PHC expenditures in 2017 USD (millions);5.59;8.17;3.4
FSM;25;Federated States of Micronesia;2011;PHC expenditures per capita in 2017 USD;53;78;32
FSM;25;Federated States of Micronesia;2012;PHC ambulatory expenditures in 2017 USD (millions);4.68;11.37;0.77
FSM;25;Federated States of Micronesia;2012;PHC ambulatory expenditures per capita in 2017 USD;45;109;7
FSM;25;Federated States of Micronesia;2012;PHC expenditures in 2017 USD (millions);14.15;21.4;8.22
FSM;25;Federated States of Micronesia;2012;PHC expenditures per capita in 2017 USD;135;204;78
FSM;25;Federated States of Micronesia;2013;PHC ambulatory expenditures in 2017 USD (millions);1.64;3.81;0.3
FSM;25;Federated States of Micronesia;2013;PHC ambulatory expenditures per capita in 2017 USD;16;36;3
FSM;25;Federated States of Micronesia;2013;PHC expenditures in 2017 USD (millions);5.1;7.39;3.14
FSM;25;Federated States of Micronesia;2013;PHC expenditures per capita in 2017 USD;49;71;30
FSM;25;Federated States of Micronesia;2014;PHC ambulatory expenditures in 2017 USD (millions);5.21;12.57;0.86
FSM;25;Federated States of Micronesia;2014;PHC ambulatory expenditures per capita in 2017 USD;50;121;8
FSM;25;Federated States of Micronesia;2014;PHC expenditures in 2017 USD (millions);15.74;23.75;9.18
FSM;25;Federated States of Micronesia;2014;PHC expenditures per capita in 2017 USD;151;228;88
FSM;25;Federated States of Micronesia;2015;PHC ambulatory expenditures in 2017 USD (millions);2.73;6.48;0.48
FSM;25;Federated States of Micronesia;2015;PHC ambulatory expenditures per capita in 2017 USD;26;62;5
FSM;25;Federated States of Micronesia;2015;PHC expenditures in 2017 USD (millions);8.37;12.35;5.03
FSM;25;Federated States of Micronesia;2015;PHC expenditures per capita in 2017 USD;80;119;48
FSM;25;Federated States of Micronesia;2016;PHC ambulatory expenditures in 2017 USD (millions);1.8;4.11;0.33
FSM;25;Federated States of Micronesia;2016;PHC ambulatory expenditures per capita in 2017 USD;17;40;3
FSM;25;Federated States of Micronesia;2016;PHC expenditures in 2017 USD (millions);5.63;8.03;3.5
FSM;25;Federated States of Micronesia;2016;PHC expenditures per capita in 2017 USD;54;77;34
FSM;25;Federated States of Micronesia;2017;PHC ambulatory expenditures in 2017 USD (millions);1.84;4.17;0.33
FSM;25;Federated States of Micronesia;2017;PHC ambulatory expenditures per capita in 2017 USD;18;40;3
FSM;25;Federated States of Micronesia;2017;PHC expenditures in 2017 USD (millions);5.75;8.2;3.57
FSM;25;Federated States of Micronesia;2017;PHC expenditures per capita in 2017 USD;55;79;34
GAB;173;Gabon;2000;PHC ambulatory expenditures in 2017 USD (millions);21.43;47.2;4.76
GAB;173;Gabon;2000;PHC ambulatory expenditures per capita in 2017 USD;17;38;4
GAB;173;Gabon;2000;PHC expenditures in 2017 USD (millions);112.44;161.94;77.63
GAB;173;Gabon;2000;PHC expenditures per capita in 2017 USD;91;131;63
GAB;173;Gabon;2001;PHC ambulatory expenditures in 2017 USD (millions);24.08;52.7;5.37
GAB;173;Gabon;2001;PHC ambulatory expenditures per capita in 2017 USD;19;42;4
GAB;173;Gabon;2001;PHC expenditures in 2017 USD (millions);125.7;180.7;86.67
GAB;173;Gabon;2001;PHC expenditures per capita in 2017 USD;100;143;69
GAB;173;Gabon;2002;PHC ambulatory expenditures in 2017 USD (millions);23.92;52.25;5.33
GAB;173;Gabon;2002;PHC ambulatory expenditures per capita in 2017 USD;19;41;4
GAB;173;Gabon;2002;PHC expenditures in 2017 USD (millions);125.05;179.44;86.3
GAB;173;Gabon;2002;PHC expenditures per capita in 2017 USD;97;140;67
GAB;173;Gabon;2003;PHC ambulatory expenditures in 2017 USD (millions);22.9;50.02;5.1
GAB;173;Gabon;2003;PHC ambulatory expenditures per capita in 2017 USD;17;38;4
GAB;173;Gabon;2003;PHC expenditures in 2017 USD (millions);120.18;172.18;82.93
GAB;173;Gabon;2003;PHC expenditures per capita in 2017 USD;92;131;63
GAB;173;Gabon;2004;PHC ambulatory expenditures in 2017 USD (millions);23.22;50.79;5.17
GAB;173;Gabon;2004;PHC ambulatory expenditures per capita in 2017 USD;17;38;4
GAB;173;Gabon;2004;PHC expenditures in 2017 USD (millions);122.05;175.59;84.19
GAB;173;Gabon;2004;PHC expenditures per capita in 2017 USD;91;131;63
GAB;173;Gabon;2005;PHC ambulatory expenditures in 2017 USD (millions);23.73;52.03;5.28
GAB;173;Gabon;2005;PHC ambulatory expenditures per capita in 2017 USD;17;38;4
GAB;173;Gabon;2005;PHC expenditures in 2017 USD (millions);124.9;180.28;86.02
GAB;173;Gabon;2005;PHC expenditures per capita in 2017 USD;92;132;63
GAB;173;Gabon;2006;PHC ambulatory expenditures in 2017 USD (millions);23.75;52.1;5.29
GAB;173;Gabon;2006;PHC ambulatory expenditures per capita in 2017 USD;17;37;4
GAB;173;Gabon;2006;PHC expenditures in 2017 USD (millions);125.24;180.63;86.37
GAB;173;Gabon;2006;PHC expenditures per capita in 2017 USD;90;130;62
GAB;173;Gabon;2007;PHC ambulatory expenditures in 2017 USD (millions);23.17;50.88;5.16
GAB;173;Gabon;2007;PHC ambulatory expenditures per capita in 2017 USD;16;36;4
GAB;173;Gabon;2007;PHC expenditures in 2017 USD (millions);122.58;176.59;84.87
GAB;173;Gabon;2007;PHC expenditures per capita in 2017 USD;87;125;60
GAB;173;Gabon;2008;PHC ambulatory expenditures in 2017 USD (millions);22.98;50.42;5.12
GAB;173;Gabon;2008;PHC ambulatory expenditures per capita in 2017 USD;16;35;4
GAB;173;Gabon;2008;PHC expenditures in 2017 USD (millions);121.7;175.1;84.27
GAB;173;Gabon;2008;PHC expenditures per capita in 2017 USD;84;121;58
GAB;173;Gabon;2009;PHC ambulatory expenditures in 2017 USD (millions);23.33;51;5.21
GAB;173;Gabon;2009;PHC ambulatory expenditures per capita in 2017 USD;16;35;4
GAB;173;Gabon;2009;PHC expenditures in 2017 USD (millions);123.3;176.64;85.25
GAB;173;Gabon;2009;PHC expenditures per capita in 2017 USD;84;120;58
GAB;173;Gabon;2010;PHC ambulatory expenditures in 2017 USD (millions);22.18;48.28;4.97
GAB;173;Gabon;2010;PHC ambulatory expenditures per capita in 2017 USD;15;32;3
GAB;173;Gabon;2010;PHC expenditures in 2017 USD (millions);117.45;167.24;81.33
GAB;173;Gabon;2010;PHC expenditures per capita in 2017 USD;78;111;54
GAB;173;Gabon;2011;PHC ambulatory expenditures in 2017 USD (millions);22.89;49.81;5.13
GAB;173;Gabon;2011;PHC ambulatory expenditures per capita in 2017 USD;15;33;3
GAB;173;Gabon;2011;PHC expenditures in 2017 USD (millions);121.06;171.73;83.68
GAB;173;Gabon;2011;PHC expenditures per capita in 2017 USD;79;112;55
GAB;173;Gabon;2012;PHC ambulatory expenditures in 2017 USD (millions);23.93;52.01;5.37
GAB;173;Gabon;2012;PHC ambulatory expenditures per capita in 2017 USD;15;33;3
GAB;173;Gabon;2012;PHC expenditures in 2017 USD (millions);126.36;179;87.28
GAB;173;Gabon;2012;PHC expenditures per capita in 2017 USD;81;115;56
GAB;173;Gabon;2013;PHC ambulatory expenditures in 2017 USD (millions);30.58;66.24;6.87
GAB;173;Gabon;2013;PHC ambulatory expenditures per capita in 2017 USD;19;42;4
GAB;173;Gabon;2013;PHC expenditures in 2017 USD (millions);159.57;226.21;110.06
GAB;173;Gabon;2013;PHC expenditures per capita in 2017 USD;101;143;69
GAB;173;Gabon;2014;PHC ambulatory expenditures in 2017 USD (millions);26.43;57.22;5.94
GAB;173;Gabon;2014;PHC ambulatory expenditures per capita in 2017 USD;16;35;4
GAB;173;Gabon;2014;PHC expenditures in 2017 USD (millions);139.09;196.78;96.48
GAB;173;Gabon;2014;PHC expenditures per capita in 2017 USD;86;122;60
GAB;173;Gabon;2015;PHC ambulatory expenditures in 2017 USD (millions);27.38;59.12;6.17
GAB;173;Gabon;2015;PHC ambulatory expenditures per capita in 2017 USD;17;36;4
GAB;173;Gabon;2015;PHC expenditures in 2017 USD (millions);144.01;203.05;100.11
GAB;173;Gabon;2015;PHC expenditures per capita in 2017 USD;88;123;61
GAB;173;Gabon;2016;PHC ambulatory expenditures in 2017 USD (millions);30.33;65.32;6.86
GAB;173;Gabon;2016;PHC ambulatory expenditures per capita in 2017 USD;18;39;4
GAB;173;Gabon;2016;PHC expenditures in 2017 USD (millions);158.89;224.2;110.81
GAB;173;Gabon;2016;PHC expenditures per capita in 2017 USD;95;134;66
GAB;173;Gabon;2017;PHC ambulatory expenditures in 2017 USD (millions);31.87;68.75;7.2
GAB;173;Gabon;2017;PHC ambulatory expenditures per capita in 2017 USD;19;40;4
GAB;173;Gabon;2017;PHC expenditures in 2017 USD (millions);166.89;235.91;115.95
GAB;173;Gabon;2017;PHC expenditures per capita in 2017 USD;98;139;68
GEO;35;Georgia;2000;PHC ambulatory expenditures in 2017 USD (millions);45.21;114.42;8.76
GEO;35;Georgia;2000;PHC ambulatory expenditures per capita in 2017 USD;10;24;2
GEO;35;Georgia;2000;PHC expenditures in 2017 USD (millions);136.09;194.52;86.32
GEO;35;Georgia;2000;PHC expenditures per capita in 2017 USD;29;41;18
GEO;35;Georgia;2001;PHC ambulatory expenditures in 2017 USD (millions);49.54;125.11;9.61
GEO;35;Georgia;2001;PHC ambulatory expenditures per capita in 2017 USD;11;27;2
GEO;35;Georgia;2001;PHC expenditures in 2017 USD (millions);149.14;212.81;94.83
GEO;35;Georgia;2001;PHC expenditures per capita in 2017 USD;32;46;21
GEO;35;Georgia;2002;PHC ambulatory expenditures in 2017 USD (millions);54.14;136.62;10.53
GEO;35;Georgia;2002;PHC ambulatory expenditures per capita in 2017 USD;12;30;2
GEO;35;Georgia;2002;PHC expenditures in 2017 USD (millions);162.95;232.34;103.7
GEO;35;Georgia;2002;PHC expenditures per capita in 2017 USD;36;52;23
GEO;35;Georgia;2003;PHC ambulatory expenditures in 2017 USD (millions);59.26;149.48;11.59
GEO;35;Georgia;2003;PHC ambulatory expenditures per capita in 2017 USD;13;34;3
GEO;35;Georgia;2003;PHC expenditures in 2017 USD (millions);178.39;254.24;113.61
GEO;35;Georgia;2003;PHC expenditures per capita in 2017 USD;40;58;26
GEO;35;Georgia;2004;PHC ambulatory expenditures in 2017 USD (millions);66.21;166.75;13.01
GEO;35;Georgia;2004;PHC ambulatory expenditures per capita in 2017 USD;15;39;3
GEO;35;Georgia;2004;PHC expenditures in 2017 USD (millions);199.28;283.73;127.11
GEO;35;Georgia;2004;PHC expenditures per capita in 2017 USD;46;66;29
GEO;35;Georgia;2005;PHC ambulatory expenditures in 2017 USD (millions);74.95;188.42;14.77
GEO;35;Georgia;2005;PHC ambulatory expenditures per capita in 2017 USD;18;44;3
GEO;35;Georgia;2005;PHC expenditures in 2017 USD (millions);225.53;320.98;143.91
GEO;35;Georgia;2005;PHC expenditures per capita in 2017 USD;53;75;34
GEO;35;Georgia;2006;PHC ambulatory expenditures in 2017 USD (millions);80.38;201.75;15.87
GEO;35;Georgia;2006;PHC ambulatory expenditures per capita in 2017 USD;19;48;4
GEO;35;Georgia;2006;PHC expenditures in 2017 USD (millions);241.84;344.12;154.3
GEO;35;Georgia;2006;PHC expenditures per capita in 2017 USD;58;82;37
GEO;35;Georgia;2007;PHC ambulatory expenditures in 2017 USD (millions);91.04;228.18;18.01
GEO;35;Georgia;2007;PHC ambulatory expenditures per capita in 2017 USD;22;55;4
GEO;35;Georgia;2007;PHC expenditures in 2017 USD (millions);273.96;389.73;174.77
GEO;35;Georgia;2007;PHC expenditures per capita in 2017 USD;66;94;42
GEO;35;Georgia;2008;PHC ambulatory expenditures in 2017 USD (millions);99.03;247.8;19.63
GEO;35;Georgia;2008;PHC ambulatory expenditures per capita in 2017 USD;24;61;5
GEO;35;Georgia;2008;PHC expenditures in 2017 USD (millions);298.01;423.57;190.33
GEO;35;Georgia;2008;PHC expenditures per capita in 2017 USD;73;104;47
GEO;35;Georgia;2009;PHC ambulatory expenditures in 2017 USD (millions);109.03;272.73;21.63
GEO;35;Georgia;2009;PHC ambulatory expenditures per capita in 2017 USD;27;68;5
GEO;35;Georgia;2009;PHC expenditures in 2017 USD (millions);328.16;466.24;209.62
GEO;35;Georgia;2009;PHC expenditures per capita in 2017 USD;82;116;52
GEO;35;Georgia;2010;PHC ambulatory expenditures in 2017 USD (millions);110.62;276.7;21.96
GEO;35;Georgia;2010;PHC ambulatory expenditures per capita in 2017 USD;28;70;6
GEO;35;Georgia;2010;PHC expenditures in 2017 USD (millions);332.91;472.96;212.6
GEO;35;Georgia;2010;PHC expenditures per capita in 2017 USD;84;119;54
GEO;35;Georgia;2011;PHC ambulatory expenditures in 2017 USD (millions);109.33;273.31;21.76
GEO;35;Georgia;2011;PHC ambulatory expenditures per capita in 2017 USD;28;70;6
GEO;35;Georgia;2011;PHC expenditures in 2017 USD (millions);329.01;467.12;210.11
GEO;35;Georgia;2011;PHC expenditures per capita in 2017 USD;84;119;54
GEO;35;Georgia;2012;PHC ambulatory expenditures in 2017 USD (millions);114.42;285.45;22.91
GEO;35;Georgia;2012;PHC ambulatory expenditures per capita in 2017 USD;29;74;6
GEO;35;Georgia;2012;PHC expenditures in 2017 USD (millions);344.34;487.97;220.06
GEO;35;Georgia;2012;PHC expenditures per capita in 2017 USD;89;126;57
GEO;35;Georgia;2013;PHC ambulatory expenditures in 2017 USD (millions);115.53;287.29;23.32
GEO;35;Georgia;2013;PHC ambulatory expenditures per capita in 2017 USD;30;75;6
GEO;35;Georgia;2013;PHC expenditures in 2017 USD (millions);347.81;491.49;222.73
GEO;35;Georgia;2013;PHC expenditures per capita in 2017 USD;91;128;58
GEO;35;Georgia;2014;PHC ambulatory expenditures in 2017 USD (millions);121.14;299.4;24.91
GEO;35;Georgia;2014;PHC ambulatory expenditures per capita in 2017 USD;32;79;7
GEO;35;Georgia;2014;PHC expenditures in 2017 USD (millions);364.87;513.96;234.41
GEO;35;Georgia;2014;PHC expenditures per capita in 2017 USD;96;135;62
GEO;35;Georgia;2015;PHC ambulatory expenditures in 2017 USD (millions);124.11;304.37;25.63
GEO;35;Georgia;2015;PHC ambulatory expenditures per capita in 2017 USD;33;81;7
GEO;35;Georgia;2015;PHC expenditures in 2017 USD (millions);374.26;527.11;241.5
GEO;35;Georgia;2015;PHC expenditures per capita in 2017 USD;99;140;64
GEO;35;Georgia;2016;PHC ambulatory expenditures in 2017 USD (millions);126.41;307.78;26.33
GEO;35;Georgia;2016;PHC ambulatory expenditures per capita in 2017 USD;34;83;7
GEO;35;Georgia;2016;PHC expenditures in 2017 USD (millions);381.76;537.66;247.26
GEO;35;Georgia;2016;PHC expenditures per capita in 2017 USD;102;144;66
GEO;35;Georgia;2017;PHC ambulatory expenditures in 2017 USD (millions);128.28;309.41;27.03
GEO;35;Georgia;2017;PHC ambulatory expenditures per capita in 2017 USD;35;84;7
GEO;35;Georgia;2017;PHC expenditures in 2017 USD (millions);387.63;545.72;250.74
GEO;35;Georgia;2017;PHC expenditures per capita in 2017 USD;105;148;68
GHA;207;Ghana;2000;PHC ambulatory expenditures in 2017 USD (millions);40.18;88.84;13.74
GHA;207;Ghana;2000;PHC ambulatory expenditures per capita in 2017 USD;2;5;1
GHA;207;Ghana;2000;PHC expenditures in 2017 USD (millions);271.68;426.3;162.42
GHA;207;Ghana;2000;PHC expenditures per capita in 2017 USD;14;22;8
GHA;207;Ghana;2001;PHC ambulatory expenditures in 2017 USD (millions);46.05;101.67;15.77
GHA;207;Ghana;2001;PHC ambulatory expenditures per capita in 2017 USD;2;5;1
GHA;207;Ghana;2001;PHC expenditures in 2017 USD (millions);310.93;486.96;186.09
GHA;207;Ghana;2001;PHC expenditures per capita in 2017 USD;16;25;9
GHA;207;Ghana;2002;PHC ambulatory expenditures in 2017 USD (millions);41.9;92.41;14.36
GHA;207;Ghana;2002;PHC ambulatory expenditures per capita in 2017 USD;2;5;1
GHA;207;Ghana;2002;PHC expenditures in 2017 USD (millions);283.66;443.69;170.65
GHA;207;Ghana;2002;PHC expenditures per capita in 2017 USD;14;22;8
GHA;207;Ghana;2003;PHC ambulatory expenditures in 2017 USD (millions);50.89;112.13;17.48
GHA;207;Ghana;2003;PHC ambulatory expenditures per capita in 2017 USD;2;5;1
GHA;207;Ghana;2003;PHC expenditures in 2017 USD (millions);343.57;538.53;206.45
GHA;207;Ghana;2003;PHC expenditures per capita in 2017 USD;17;26;10
GHA;207;Ghana;2004;PHC ambulatory expenditures in 2017 USD (millions);61.82;136.06;21.29
GHA;207;Ghana;2004;PHC ambulatory expenditures per capita in 2017 USD;3;6;1
GHA;207;Ghana;2004;PHC expenditures in 2017 USD (millions);416.42;653.17;250.91
GHA;207;Ghana;2004;PHC expenditures per capita in 2017 USD;19;31;12
GHA;207;Ghana;2005;PHC ambulatory expenditures in 2017 USD (millions);67.46;148.1;23.34
GHA;207;Ghana;2005;PHC ambulatory expenditures per capita in 2017 USD;3;7;1
GHA;207;Ghana;2005;PHC expenditures in 2017 USD (millions);454.01;711.51;274.68
GHA;207;Ghana;2005;PHC expenditures per capita in 2017 USD;21;32;12
GHA;207;Ghana;2006;PHC ambulatory expenditures in 2017 USD (millions);73.67;161.57;25.53
GHA;207;Ghana;2006;PHC ambulatory expenditures per capita in 2017 USD;3;7;1
GHA;207;Ghana;2006;PHC expenditures in 2017 USD (millions);495.44;775.91;299.34
GHA;207;Ghana;2006;PHC expenditures per capita in 2017 USD;22;34;13
GHA;207;Ghana;2007;PHC ambulatory expenditures in 2017 USD (millions);85.37;187.31;29.57
GHA;207;Ghana;2007;PHC ambulatory expenditures per capita in 2017 USD;4;8;1
GHA;207;Ghana;2007;PHC expenditures in 2017 USD (millions);573.22;897.5;344.69
GHA;207;Ghana;2007;PHC expenditures per capita in 2017 USD;25;39;15
GHA;207;Ghana;2008;PHC ambulatory expenditures in 2017 USD (millions);97.04;213.35;33.5
GHA;207;Ghana;2008;PHC ambulatory expenditures per capita in 2017 USD;4;9;1
GHA;207;Ghana;2008;PHC expenditures in 2017 USD (millions);651.15;1021.44;390
GHA;207;Ghana;2008;PHC expenditures per capita in 2017 USD;27;43;16
GHA;207;Ghana;2009;PHC ambulatory expenditures in 2017 USD (millions);104.91;230.96;36.15
GHA;207;Ghana;2009;PHC ambulatory expenditures per capita in 2017 USD;4;9;1
GHA;207;Ghana;2009;PHC expenditures in 2017 USD (millions);703.96;1106.36;422.07
GHA;207;Ghana;2009;PHC expenditures per capita in 2017 USD;29;45;17
GHA;207;Ghana;2010;PHC ambulatory expenditures in 2017 USD (millions);116.08;255.66;40
GHA;207;Ghana;2010;PHC ambulatory expenditures per capita in 2017 USD;5;10;2
GHA;207;Ghana;2010;PHC expenditures in 2017 USD (millions);778.48;1223.64;467.3
GHA;207;Ghana;2010;PHC expenditures per capita in 2017 USD;31;49;19
GHA;207;Ghana;2011;PHC ambulatory expenditures in 2017 USD (millions);126.61;279.14;43.56
GHA;207;Ghana;2011;PHC ambulatory expenditures per capita in 2017 USD;5;11;2
GHA;207;Ghana;2011;PHC expenditures in 2017 USD (millions);849.15;1335.98;509.78
GHA;207;Ghana;2011;PHC expenditures per capita in 2017 USD;33;52;20
GHA;207;Ghana;2012;PHC ambulatory expenditures in 2017 USD (millions);142.74;314.83;49.08
GHA;207;Ghana;2012;PHC ambulatory expenditures per capita in 2017 USD;5;12;2
GHA;207;Ghana;2012;PHC expenditures in 2017 USD (millions);957.11;1505.57;574.4
GHA;207;Ghana;2012;PHC expenditures per capita in 2017 USD;36;57;22
GHA;207;Ghana;2013;PHC ambulatory expenditures in 2017 USD (millions);144.87;319.45;49.82
GHA;207;Ghana;2013;PHC ambulatory expenditures per capita in 2017 USD;5;12;2
GHA;207;Ghana;2013;PHC expenditures in 2017 USD (millions);972;1529.24;585.41
GHA;207;Ghana;2013;PHC expenditures per capita in 2017 USD;36;56;21
GHA;207;Ghana;2014;PHC ambulatory expenditures in 2017 USD (millions);138.91;306.05;47.8
GHA;207;Ghana;2014;PHC ambulatory expenditures per capita in 2017 USD;5;11;2
GHA;207;Ghana;2014;PHC expenditures in 2017 USD (millions);933.29;1467.51;563.28
GHA;207;Ghana;2014;PHC expenditures per capita in 2017 USD;33;52;20
GHA;207;Ghana;2015;PHC ambulatory expenditures in 2017 USD (millions);137.22;302.41;47.12
GHA;207;Ghana;2015;PHC ambulatory expenditures per capita in 2017 USD;5;11;2
GHA;207;Ghana;2015;PHC expenditures in 2017 USD (millions);923.2;1451.54;557.1
GHA;207;Ghana;2015;PHC expenditures per capita in 2017 USD;32;51;19
GHA;207;Ghana;2016;PHC ambulatory expenditures in 2017 USD (millions);136.32;300.03;46.84
GHA;207;Ghana;2016;PHC ambulatory expenditures per capita in 2017 USD;5;10;2
GHA;207;Ghana;2016;PHC expenditures in 2017 USD (millions);917.95;1440.78;555.66
GHA;207;Ghana;2016;PHC expenditures per capita in 2017 USD;31;49;19
GHA;207;Ghana;2017;PHC ambulatory expenditures in 2017 USD (millions);131.63;289.34;45.31
GHA;207;Ghana;2017;PHC ambulatory expenditures per capita in 2017 USD;4;10;2
GHA;207;Ghana;2017;PHC expenditures in 2017 USD (millions);887.98;1391.19;538.31
GHA;207;Ghana;2017;PHC expenditures per capita in 2017 USD;29;46;18
GIN;208;Guinea;2000;PHC ambulatory expenditures in 2017 USD (millions);32.65;52.75;13.12
GIN;208;Guinea;2000;PHC ambulatory expenditures per capita in 2017 USD;4;6;2
GIN;208;Guinea;2000;PHC expenditures in 2017 USD (millions);78.59;101.66;48.92
GIN;208;Guinea;2000;PHC expenditures per capita in 2017 USD;10;13;6
GIN;208;Guinea;2001;PHC ambulatory expenditures in 2017 USD (millions);37.45;60.49;15.03
GIN;208;Guinea;2001;PHC ambulatory expenditures per capita in 2017 USD;5;7;2
GIN;208;Guinea;2001;PHC expenditures in 2017 USD (millions);90.53;117.13;56.37
GIN;208;Guinea;2001;PHC expenditures per capita in 2017 USD;11;14;7
GIN;208;Guinea;2002;PHC ambulatory expenditures in 2017 USD (millions);35.96;57.92;14.4
GIN;208;Guinea;2002;PHC ambulatory expenditures per capita in 2017 USD;4;7;2
GIN;208;Guinea;2002;PHC expenditures in 2017 USD (millions);87.52;113.18;54.63
GIN;208;Guinea;2002;PHC expenditures per capita in 2017 USD;10;14;7
GIN;208;Guinea;2003;PHC ambulatory expenditures in 2017 USD (millions);35.24;56.69;14.12
GIN;208;Guinea;2003;PHC ambulatory expenditures per capita in 2017 USD;4;7;2
GIN;208;Guinea;2003;PHC expenditures in 2017 USD (millions);86.01;111.21;53.75
GIN;208;Guinea;2003;PHC expenditures per capita in 2017 USD;10;13;6
GIN;208;Guinea;2004;PHC ambulatory expenditures in 2017 USD (millions);35.2;56.6;14.11
GIN;208;Guinea;2004;PHC ambulatory expenditures per capita in 2017 USD;4;6;2
GIN;208;Guinea;2004;PHC expenditures in 2017 USD (millions);85.74;110.84;53.52
GIN;208;Guinea;2004;PHC expenditures per capita in 2017 USD;10;13;6
GIN;208;Guinea;2005;PHC ambulatory expenditures in 2017 USD (millions);35.28;56.84;14.14
GIN;208;Guinea;2005;PHC ambulatory expenditures per capita in 2017 USD;4;6;2
GIN;208;Guinea;2005;PHC expenditures in 2017 USD (millions);85.77;110.86;53.45
GIN;208;Guinea;2005;PHC expenditures per capita in 2017 USD;10;12;6
GIN;208;Guinea;2006;PHC ambulatory expenditures in 2017 USD (millions);39.71;64.01;15.92
GIN;208;Guinea;2006;PHC ambulatory expenditures per capita in 2017 USD;4;7;2
GIN;208;Guinea;2006;PHC expenditures in 2017 USD (millions);96.34;124.52;59.96
GIN;208;Guinea;2006;PHC expenditures per capita in 2017 USD;11;14;7
GIN;208;Guinea;2007;PHC ambulatory expenditures in 2017 USD (millions);36.08;58.24;14.46
GIN;208;Guinea;2007;PHC ambulatory expenditures per capita in 2017 USD;4;6;2
GIN;208;Guinea;2007;PHC expenditures in 2017 USD (millions);87.08;112.55;54.06
GIN;208;Guinea;2007;PHC expenditures per capita in 2017 USD;9;12;6
GIN;208;Guinea;2008;PHC ambulatory expenditures in 2017 USD (millions);40.99;66.31;16.41
GIN;208;Guinea;2008;PHC ambulatory expenditures per capita in 2017 USD;4;7;2
GIN;208;Guinea;2008;PHC expenditures in 2017 USD (millions);98.48;127.26;61.12
GIN;208;Guinea;2008;PHC expenditures per capita in 2017 USD;10;13;6
GIN;208;Guinea;2009;PHC ambulatory expenditures in 2017 USD (millions);43.92;71.09;17.58
GIN;208;Guinea;2009;PHC ambulatory expenditures per capita in 2017 USD;5;7;2
GIN;208;Guinea;2009;PHC expenditures in 2017 USD (millions);105.67;136.5;65.68
GIN;208;Guinea;2009;PHC expenditures per capita in 2017 USD;11;14;7
GIN;208;Guinea;2010;PHC ambulatory expenditures in 2017 USD (millions);52.43;85.07;20.97
GIN;208;Guinea;2010;PHC ambulatory expenditures per capita in 2017 USD;5;9;2
GIN;208;Guinea;2010;PHC expenditures in 2017 USD (millions);125.97;162.66;78.36
GIN;208;Guinea;2010;PHC expenditures per capita in 2017 USD;13;16;8
GIN;208;Guinea;2011;PHC ambulatory expenditures in 2017 USD (millions);51.05;82.89;20.41
GIN;208;Guinea;2011;PHC ambulatory expenditures per capita in 2017 USD;5;8;2
GIN;208;Guinea;2011;PHC expenditures in 2017 USD (millions);122.58;158.22;76.36
GIN;208;Guinea;2011;PHC expenditures per capita in 2017 USD;12;15;7
GIN;208;Guinea;2012;PHC ambulatory expenditures in 2017 USD (millions);63.45;103.08;25.33
GIN;208;Guinea;2012;PHC ambulatory expenditures per capita in 2017 USD;6;10;2
GIN;208;Guinea;2012;PHC expenditures in 2017 USD (millions);152.12;196.39;94.72
GIN;208;Guinea;2012;PHC expenditures per capita in 2017 USD;15;19;9
GIN;208;Guinea;2013;PHC ambulatory expenditures in 2017 USD (millions);63.35;102.96;25.28
GIN;208;Guinea;2013;PHC ambulatory expenditures per capita in 2017 USD;6;10;2
GIN;208;Guinea;2013;PHC expenditures in 2017 USD (millions);151.93;196.13;94.62
GIN;208;Guinea;2013;PHC expenditures per capita in 2017 USD;14;18;9
GIN;208;Guinea;2014;PHC ambulatory expenditures in 2017 USD (millions);107.94;175.31;43.13
GIN;208;Guinea;2014;PHC ambulatory expenditures per capita in 2017 USD;10;16;4
GIN;208;Guinea;2014;PHC expenditures in 2017 USD (millions);256.05;330.76;159.21
GIN;208;Guinea;2014;PHC expenditures per capita in 2017 USD;23;30;14
GIN;208;Guinea;2015;PHC ambulatory expenditures in 2017 USD (millions);117.73;191.19;47.05
GIN;208;Guinea;2015;PHC ambulatory expenditures per capita in 2017 USD;10;17;4
GIN;208;Guinea;2015;PHC expenditures in 2017 USD (millions);279.46;360.93;174.07
GIN;208;Guinea;2015;PHC expenditures per capita in 2017 USD;25;32;15
GIN;208;Guinea;2016;PHC ambulatory expenditures in 2017 USD (millions);110.82;179.86;44.32
GIN;208;Guinea;2016;PHC ambulatory expenditures per capita in 2017 USD;10;16;4
GIN;208;Guinea;2016;PHC expenditures in 2017 USD (millions);263.99;340.79;164.57
GIN;208;Guinea;2016;PHC expenditures per capita in 2017 USD;23;30;14
GIN;208;Guinea;2017;PHC ambulatory expenditures in 2017 USD (millions);110.25;177.98;44.15
GIN;208;Guinea;2017;PHC ambulatory expenditures per capita in 2017 USD;9;15;4
GIN;208;Guinea;2017;PHC expenditures in 2017 USD (millions);264.92;341.77;165.55
GIN;208;Guinea;2017;PHC expenditures per capita in 2017 USD;22;29;14
GMB;206;The Gambia;2000;PHC ambulatory expenditures in 2017 USD (millions);5.98;10.59;1.66
GMB;206;The Gambia;2000;PHC ambulatory expenditures per capita in 2017 USD;4;8;1
GMB;206;The Gambia;2000;PHC expenditures in 2017 USD (millions);12.02;17.94;5.88
GMB;206;The Gambia;2000;PHC expenditures per capita in 2017 USD;9;13;4
GMB;206;The Gambia;2001;PHC ambulatory expenditures in 2017 USD (millions);6.07;10.74;1.69
GMB;206;The Gambia;2001;PHC ambulatory expenditures per capita in 2017 USD;4;8;1
GMB;206;The Gambia;2001;PHC expenditures in 2017 USD (millions);12.24;18.27;6.01
GMB;206;The Gambia;2001;PHC expenditures per capita in 2017 USD;9;13;4
GMB;206;The Gambia;2002;PHC ambulatory expenditures in 2017 USD (millions);6.65;11.77;1.85
GMB;206;The Gambia;2002;PHC ambulatory expenditures per capita in 2017 USD;5;8;1
GMB;206;The Gambia;2002;PHC expenditures in 2017 USD (millions);13.38;20.01;6.58
GMB;206;The Gambia;2002;PHC expenditures per capita in 2017 USD;9;14;5
GMB;206;The Gambia;2003;PHC ambulatory expenditures in 2017 USD (millions);7.34;12.96;2.04
GMB;206;The Gambia;2003;PHC ambulatory expenditures per capita in 2017 USD;5;9;1
GMB;206;The Gambia;2003;PHC expenditures in 2017 USD (millions);14.81;22.16;7.27
GMB;206;The Gambia;2003;PHC expenditures per capita in 2017 USD;10;15;5
GMB;206;The Gambia;2004;PHC ambulatory expenditures in 2017 USD (millions);10.67;18.83;2.97
GMB;206;The Gambia;2004;PHC ambulatory expenditures per capita in 2017 USD;7;13;2
GMB;206;The Gambia;2004;PHC expenditures in 2017 USD (millions);21.47;32.1;10.49
GMB;206;The Gambia;2004;PHC expenditures per capita in 2017 USD;14;22;7
GMB;206;The Gambia;2005;PHC ambulatory expenditures in 2017 USD (millions);11.78;20.78;3.28
GMB;206;The Gambia;2005;PHC ambulatory expenditures per capita in 2017 USD;8;14;2
GMB;206;The Gambia;2005;PHC expenditures in 2017 USD (millions);23.7;35.4;11.55
GMB;206;The Gambia;2005;PHC expenditures per capita in 2017 USD;15;23;8
GMB;206;The Gambia;2006;PHC ambulatory expenditures in 2017 USD (millions);10.19;17.95;2.84
GMB;206;The Gambia;2006;PHC ambulatory expenditures per capita in 2017 USD;6;11;2
GMB;206;The Gambia;2006;PHC expenditures in 2017 USD (millions);20.59;30.72;10.11
GMB;206;The Gambia;2006;PHC expenditures per capita in 2017 USD;13;19;6
GMB;206;The Gambia;2007;PHC ambulatory expenditures in 2017 USD (millions);10.24;18.08;2.85
GMB;206;The Gambia;2007;PHC ambulatory expenditures per capita in 2017 USD;6;11;2
GMB;206;The Gambia;2007;PHC expenditures in 2017 USD (millions);20.63;30.81;10.07
GMB;206;The Gambia;2007;PHC expenditures per capita in 2017 USD;13;19;6
GMB;206;The Gambia;2008;PHC ambulatory expenditures in 2017 USD (millions);10.36;18.33;2.88
GMB;206;The Gambia;2008;PHC ambulatory expenditures per capita in 2017 USD;6;11;2
GMB;206;The Gambia;2008;PHC expenditures in 2017 USD (millions);20.85;31.13;10.16
GMB;206;The Gambia;2008;PHC expenditures per capita in 2017 USD;13;19;6
GMB;206;The Gambia;2009;PHC ambulatory expenditures in 2017 USD (millions);12.12;21.51;3.36
GMB;206;The Gambia;2009;PHC ambulatory expenditures per capita in 2017 USD;7;13;2
GMB;206;The Gambia;2009;PHC expenditures in 2017 USD (millions);24.31;36.28;11.88
GMB;206;The Gambia;2009;PHC expenditures per capita in 2017 USD;14;21;7
GMB;206;The Gambia;2010;PHC ambulatory expenditures in 2017 USD (millions);14;24.97;3.87
GMB;206;The Gambia;2010;PHC ambulatory expenditures per capita in 2017 USD;8;14;2
GMB;206;The Gambia;2010;PHC expenditures in 2017 USD (millions);27.93;41.69;13.56
GMB;206;The Gambia;2010;PHC expenditures per capita in 2017 USD;16;24;8
GMB;206;The Gambia;2011;PHC ambulatory expenditures in 2017 USD (millions);14.87;26.62;4.11
GMB;206;The Gambia;2011;PHC ambulatory expenditures per capita in 2017 USD;8;15;2
GMB;206;The Gambia;2011;PHC expenditures in 2017 USD (millions);29.63;44.24;14.34
GMB;206;The Gambia;2011;PHC expenditures per capita in 2017 USD;16;24;8
GMB;206;The Gambia;2012;PHC ambulatory expenditures in 2017 USD (millions);15.71;28.13;4.33
GMB;206;The Gambia;2012;PHC ambulatory expenditures per capita in 2017 USD;8;15;2
GMB;206;The Gambia;2012;PHC expenditures in 2017 USD (millions);31.25;46.62;15.13
GMB;206;The Gambia;2012;PHC expenditures per capita in 2017 USD;17;25;8
GMB;206;The Gambia;2013;PHC ambulatory expenditures in 2017 USD (millions);16.82;30.23;4.62
GMB;206;The Gambia;2013;PHC ambulatory expenditures per capita in 2017 USD;9;16;2
GMB;206;The Gambia;2013;PHC expenditures in 2017 USD (millions);33.29;49.75;16.04
GMB;206;The Gambia;2013;PHC expenditures per capita in 2017 USD;17;26;8
GMB;206;The Gambia;2014;PHC ambulatory expenditures in 2017 USD (millions);13.77;24.73;3.79
GMB;206;The Gambia;2014;PHC ambulatory expenditures per capita in 2017 USD;7;13;2
GMB;206;The Gambia;2014;PHC expenditures in 2017 USD (millions);27.31;40.79;13.2
GMB;206;The Gambia;2014;PHC expenditures per capita in 2017 USD;14;21;7
GMB;206;The Gambia;2015;PHC ambulatory expenditures in 2017 USD (millions);13.03;23.4;3.58
GMB;206;The Gambia;2015;PHC ambulatory expenditures per capita in 2017 USD;6;12;2
GMB;206;The Gambia;2015;PHC expenditures in 2017 USD (millions);25.82;38.57;12.45
GMB;206;The Gambia;2015;PHC expenditures per capita in 2017 USD;13;19;6
GMB;206;The Gambia;2016;PHC ambulatory expenditures in 2017 USD (millions);13.44;24.18;3.69
GMB;206;The Gambia;2016;PHC ambulatory expenditures per capita in 2017 USD;6;12;2
GMB;206;The Gambia;2016;PHC expenditures in 2017 USD (millions);26.64;39.8;12.85
GMB;206;The Gambia;2016;PHC expenditures per capita in 2017 USD;13;19;6
GMB;206;The Gambia;2017;PHC ambulatory expenditures in 2017 USD (millions);20.71;37.4;5.67
GMB;206;The Gambia;2017;PHC ambulatory expenditures per capita in 2017 USD;10;18;3
GMB;206;The Gambia;2017;PHC expenditures in 2017 USD (millions);40.8;61.12;19.59
GMB;206;The Gambia;2017;PHC expenditures per capita in 2017 USD;19;29;9
GNB;209;Guinea-Bissau;2000;PHC ambulatory expenditures in 2017 USD (millions);8.7;11.87;5.14
GNB;209;Guinea-Bissau;2000;PHC ambulatory expenditures per capita in 2017 USD;7;10;4
GNB;209;Guinea-Bissau;2000;PHC expenditures in 2017 USD (millions);18.95;23.47;14.21
GNB;209;Guinea-Bissau;2000;PHC expenditures per capita in 2017 USD;15;19;11
GNB;209;Guinea-Bissau;2001;PHC ambulatory expenditures in 2017 USD (millions);9.09;12.4;5.36
GNB;209;Guinea-Bissau;2001;PHC ambulatory expenditures per capita in 2017 USD;7;10;4
GNB;209;Guinea-Bissau;2001;PHC expenditures in 2017 USD (millions);19.81;24.53;14.86
GNB;209;Guinea-Bissau;2001;PHC expenditures per capita in 2017 USD;16;19;12
GNB;209;Guinea-Bissau;2002;PHC ambulatory expenditures in 2017 USD (millions);7.91;10.8;4.62
GNB;209;Guinea-Bissau;2002;PHC ambulatory expenditures per capita in 2017 USD;6;8;4
GNB;209;Guinea-Bissau;2002;PHC expenditures in 2017 USD (millions);17.3;21.4;12.98
GNB;209;Guinea-Bissau;2002;PHC expenditures per capita in 2017 USD;13;16;10
GNB;209;Guinea-Bissau;2003;PHC ambulatory expenditures in 2017 USD (millions);8.83;12.06;5.09
GNB;209;Guinea-Bissau;2003;PHC ambulatory expenditures per capita in 2017 USD;7;9;4
GNB;209;Guinea-Bissau;2003;PHC expenditures in 2017 USD (millions);19.32;23.93;14.5
GNB;209;Guinea-Bissau;2003;PHC expenditures per capita in 2017 USD;14;18;11
GNB;209;Guinea-Bissau;2004;PHC ambulatory expenditures in 2017 USD (millions);10.71;14.63;6.17
GNB;209;Guinea-Bissau;2004;PHC ambulatory expenditures per capita in 2017 USD;8;11;5
GNB;209;Guinea-Bissau;2004;PHC expenditures in 2017 USD (millions);23.45;29;17.6
GNB;209;Guinea-Bissau;2004;PHC expenditures per capita in 2017 USD;17;21;13
GNB;209;Guinea-Bissau;2005;PHC ambulatory expenditures in 2017 USD (millions);10.68;14.59;6.15
GNB;209;Guinea-Bissau;2005;PHC ambulatory expenditures per capita in 2017 USD;8;10;4
GNB;209;Guinea-Bissau;2005;PHC expenditures in 2017 USD (millions);23.38;28.94;17.57
GNB;209;Guinea-Bissau;2005;PHC expenditures per capita in 2017 USD;17;21;13
GNB;209;Guinea-Bissau;2006;PHC ambulatory expenditures in 2017 USD (millions);11.02;15.06;6.36
GNB;209;Guinea-Bissau;2006;PHC ambulatory expenditures per capita in 2017 USD;8;11;4
GNB;209;Guinea-Bissau;2006;PHC expenditures in 2017 USD (millions);24.12;29.89;18.14
GNB;209;Guinea-Bissau;2006;PHC expenditures per capita in 2017 USD;17;21;13
GNB;209;Guinea-Bissau;2007;PHC ambulatory expenditures in 2017 USD (millions);12.97;17.7;7.52
GNB;209;Guinea-Bissau;2007;PHC ambulatory expenditures per capita in 2017 USD;9;12;5
GNB;209;Guinea-Bissau;2007;PHC expenditures in 2017 USD (millions);28.31;35.1;21.3
GNB;209;Guinea-Bissau;2007;PHC expenditures per capita in 2017 USD;19;24;15
GNB;209;Guinea-Bissau;2008;PHC ambulatory expenditures in 2017 USD (millions);11.58;15.81;6.71
GNB;209;Guinea-Bissau;2008;PHC ambulatory expenditures per capita in 2017 USD;8;11;4
GNB;209;Guinea-Bissau;2008;PHC expenditures in 2017 USD (millions);25.3;31.38;19.05
GNB;209;Guinea-Bissau;2008;PHC expenditures per capita in 2017 USD;17;21;13
GNB;209;Guinea-Bissau;2009;PHC ambulatory expenditures in 2017 USD (millions);11.74;16;6.88
GNB;209;Guinea-Bissau;2009;PHC ambulatory expenditures per capita in 2017 USD;8;10;4
GNB;209;Guinea-Bissau;2009;PHC expenditures in 2017 USD (millions);25.57;31.7;19.25
GNB;209;Guinea-Bissau;2009;PHC expenditures per capita in 2017 USD;17;21;13
GNB;209;Guinea-Bissau;2010;PHC ambulatory expenditures in 2017 USD (millions);14.43;19.62;8.75
GNB;209;Guinea-Bissau;2010;PHC ambulatory expenditures per capita in 2017 USD;9;12;6
GNB;209;Guinea-Bissau;2010;PHC expenditures in 2017 USD (millions);31.2;38.86;23.44
GNB;209;Guinea-Bissau;2010;PHC expenditures per capita in 2017 USD;20;25;15
GNB;209;Guinea-Bissau;2011;PHC ambulatory expenditures in 2017 USD (millions);11.06;15.03;6.73
GNB;209;Guinea-Bissau;2011;PHC ambulatory expenditures per capita in 2017 USD;7;9;4
GNB;209;Guinea-Bissau;2011;PHC expenditures in 2017 USD (millions);23.93;29.82;17.99
GNB;209;Guinea-Bissau;2011;PHC expenditures per capita in 2017 USD;15;19;11
GNB;209;Guinea-Bissau;2012;PHC ambulatory expenditures in 2017 USD (millions);11.78;15.99;7.27
GNB;209;Guinea-Bissau;2012;PHC ambulatory expenditures per capita in 2017 USD;7;10;4
GNB;209;Guinea-Bissau;2012;PHC expenditures in 2017 USD (millions);25.41;31.74;19.09
GNB;209;Guinea-Bissau;2012;PHC expenditures per capita in 2017 USD;15;19;12
GNB;209;Guinea-Bissau;2013;PHC ambulatory expenditures in 2017 USD (millions);16.78;22.74;10.62
GNB;209;Guinea-Bissau;2013;PHC ambulatory expenditures per capita in 2017 USD;10;13;6
GNB;209;Guinea-Bissau;2013;PHC expenditures in 2017 USD (millions);35.94;44.92;26.95
GNB;209;Guinea-Bissau;2013;PHC expenditures per capita in 2017 USD;21;27;16
GNB;209;Guinea-Bissau;2014;PHC ambulatory expenditures in 2017 USD (millions);16.23;22.02;10.05
GNB;209;Guinea-Bissau;2014;PHC ambulatory expenditures per capita in 2017 USD;9;13;6
GNB;209;Guinea-Bissau;2014;PHC expenditures in 2017 USD (millions);34.89;43.58;26.22
GNB;209;Guinea-Bissau;2014;PHC expenditures per capita in 2017 USD;20;25;15
GNB;209;Guinea-Bissau;2015;PHC ambulatory expenditures in 2017 USD (millions);18.78;25.47;11.71
GNB;209;Guinea-Bissau;2015;PHC ambulatory expenditures per capita in 2017 USD;11;14;7
GNB;209;Guinea-Bissau;2015;PHC expenditures in 2017 USD (millions);40.29;50.34;30.26
GNB;209;Guinea-Bissau;2015;PHC expenditures per capita in 2017 USD;23;28;17
GNB;209;Guinea-Bissau;2016;PHC ambulatory expenditures in 2017 USD (millions);19.29;26.16;11.95
GNB;209;Guinea-Bissau;2016;PHC ambulatory expenditures per capita in 2017 USD;11;14;7
GNB;209;Guinea-Bissau;2016;PHC expenditures in 2017 USD (millions);41.38;51.69;31.08
GNB;209;Guinea-Bissau;2016;PHC expenditures per capita in 2017 USD;23;29;17
GNB;209;Guinea-Bissau;2017;PHC ambulatory expenditures in 2017 USD (millions);19.71;26.74;12.12
GNB;209;Guinea-Bissau;2017;PHC ambulatory expenditures per capita in 2017 USD;11;14;7
GNB;209;Guinea-Bissau;2017;PHC expenditures in 2017 USD (millions);42.32;52.84;31.78
GNB;209;Guinea-Bissau;2017;PHC expenditures per capita in 2017 USD;23;28;17
GNQ;172;Equatorial Guinea;2000;PHC ambulatory expenditures in 2017 USD (millions);18.47;25.1;11.27
GNQ;172;Equatorial Guinea;2000;PHC ambulatory expenditures per capita in 2017 USD;28;38;17
GNQ;172;Equatorial Guinea;2000;PHC expenditures in 2017 USD (millions);40.46;50.5;30.67
GNQ;172;Equatorial Guinea;2000;PHC expenditures per capita in 2017 USD;62;77;47
GNQ;172;Equatorial Guinea;2001;PHC ambulatory expenditures in 2017 USD (millions);20.51;27.88;12.47
GNQ;172;Equatorial Guinea;2001;PHC ambulatory expenditures per capita in 2017 USD;30;41;18
GNQ;172;Equatorial Guinea;2001;PHC expenditures in 2017 USD (millions);45.19;56.33;34.28
GNQ;172;Equatorial Guinea;2001;PHC expenditures per capita in 2017 USD;66;82;50
GNQ;172;Equatorial Guinea;2002;PHC ambulatory expenditures in 2017 USD (millions);22.04;29.99;13.33
GNQ;172;Equatorial Guinea;2002;PHC ambulatory expenditures per capita in 2017 USD;31;42;19
GNQ;172;Equatorial Guinea;2002;PHC expenditures in 2017 USD (millions);48.91;60.84;37.1
GNQ;172;Equatorial Guinea;2002;PHC expenditures per capita in 2017 USD;68;85;52
GNQ;172;Equatorial Guinea;2003;PHC ambulatory expenditures in 2017 USD (millions);23.78;32.4;14.07
GNQ;172;Equatorial Guinea;2003;PHC ambulatory expenditures per capita in 2017 USD;32;43;19
GNQ;172;Equatorial Guinea;2003;PHC expenditures in 2017 USD (millions);53.2;66.05;40.28
GNQ;172;Equatorial Guinea;2003;PHC expenditures per capita in 2017 USD;71;88;53
GNQ;172;Equatorial Guinea;2004;PHC ambulatory expenditures in 2017 USD (millions);29.02;39.46;16.7
GNQ;172;Equatorial Guinea;2004;PHC ambulatory expenditures per capita in 2017 USD;37;50;21
GNQ;172;Equatorial Guinea;2004;PHC expenditures in 2017 USD (millions);65.2;80.75;49.4
GNQ;172;Equatorial Guinea;2004;PHC expenditures per capita in 2017 USD;82;102;62
GNQ;172;Equatorial Guinea;2005;PHC ambulatory expenditures in 2017 USD (millions);29.73;40.44;17.11
GNQ;172;Equatorial Guinea;2005;PHC ambulatory expenditures per capita in 2017 USD;36;49;21
GNQ;172;Equatorial Guinea;2005;PHC expenditures in 2017 USD (millions);67.51;83.23;51.24
GNQ;172;Equatorial Guinea;2005;PHC expenditures per capita in 2017 USD;81;100;62
GNQ;172;Equatorial Guinea;2006;PHC ambulatory expenditures in 2017 USD (millions);33;44.91;18.68
GNQ;172;Equatorial Guinea;2006;PHC ambulatory expenditures per capita in 2017 USD;38;52;22
GNQ;172;Equatorial Guinea;2006;PHC expenditures in 2017 USD (millions);75.48;92.93;57.24
GNQ;172;Equatorial Guinea;2006;PHC expenditures per capita in 2017 USD;87;107;66
GNQ;172;Equatorial Guinea;2007;PHC ambulatory expenditures in 2017 USD (millions);34.62;47.18;19.23
GNQ;172;Equatorial Guinea;2007;PHC ambulatory expenditures per capita in 2017 USD;38;52;21
GNQ;172;Equatorial Guinea;2007;PHC expenditures in 2017 USD (millions);79.78;98.13;60.41
GNQ;172;Equatorial Guinea;2007;PHC expenditures per capita in 2017 USD;88;108;67
GNQ;172;Equatorial Guinea;2008;PHC ambulatory expenditures in 2017 USD (millions);39.7;54.11;21.97
GNQ;172;Equatorial Guinea;2008;PHC ambulatory expenditures per capita in 2017 USD;42;57;23
GNQ;172;Equatorial Guinea;2008;PHC expenditures in 2017 USD (millions);91.59;112.49;69.04
GNQ;172;Equatorial Guinea;2008;PHC expenditures per capita in 2017 USD;96;118;73
GNQ;172;Equatorial Guinea;2009;PHC ambulatory expenditures in 2017 USD (millions);50.53;69.01;27.22
GNQ;172;Equatorial Guinea;2009;PHC ambulatory expenditures per capita in 2017 USD;51;70;27
GNQ;172;Equatorial Guinea;2009;PHC expenditures in 2017 USD (millions);116.42;142.45;87.6
GNQ;172;Equatorial Guinea;2009;PHC expenditures per capita in 2017 USD;117;144;88
GNQ;172;Equatorial Guinea;2010;PHC ambulatory expenditures in 2017 USD (millions);43.26;59.1;23.16
GNQ;172;Equatorial Guinea;2010;PHC ambulatory expenditures per capita in 2017 USD;42;57;22
GNQ;172;Equatorial Guinea;2010;PHC expenditures in 2017 USD (millions);101.14;123.56;76.55
GNQ;172;Equatorial Guinea;2010;PHC expenditures per capita in 2017 USD;98;119;74
GNQ;172;Equatorial Guinea;2011;PHC ambulatory expenditures in 2017 USD (millions);41.94;57.22;22.15
GNQ;172;Equatorial Guinea;2011;PHC ambulatory expenditures per capita in 2017 USD;39;53;21
GNQ;172;Equatorial Guinea;2011;PHC expenditures in 2017 USD (millions);99.06;120.63;75.73
GNQ;172;Equatorial Guinea;2011;PHC expenditures per capita in 2017 USD;92;112;70
GNQ;172;Equatorial Guinea;2012;PHC ambulatory expenditures in 2017 USD (millions);47.66;64.9;24.79
GNQ;172;Equatorial Guinea;2012;PHC ambulatory expenditures per capita in 2017 USD;42;58;22
GNQ;172;Equatorial Guinea;2012;PHC expenditures in 2017 USD (millions);112.75;137.08;86.4
GNQ;172;Equatorial Guinea;2012;PHC expenditures per capita in 2017 USD;100;122;77
GNQ;172;Equatorial Guinea;2013;PHC ambulatory expenditures in 2017 USD (millions);50;68.09;26.13
GNQ;172;Equatorial Guinea;2013;PHC ambulatory expenditures per capita in 2017 USD;43;58;22
GNQ;172;Equatorial Guinea;2013;PHC expenditures in 2017 USD (millions);118.73;143.96;90.83
GNQ;172;Equatorial Guinea;2013;PHC expenditures per capita in 2017 USD;102;123;78
GNQ;172;Equatorial Guinea;2014;PHC ambulatory expenditures in 2017 USD (millions);58.85;80.18;30.63
GNQ;172;Equatorial Guinea;2014;PHC ambulatory expenditures per capita in 2017 USD;49;66;25
GNQ;172;Equatorial Guinea;2014;PHC expenditures in 2017 USD (millions);139.2;169.17;106.44
GNQ;172;Equatorial Guinea;2014;PHC expenditures per capita in 2017 USD;115;140;88
GNQ;172;Equatorial Guinea;2015;PHC ambulatory expenditures in 2017 USD (millions);70.59;96.29;36.31
GNQ;172;Equatorial Guinea;2015;PHC ambulatory expenditures per capita in 2017 USD;56;77;29
GNQ;172;Equatorial Guinea;2015;PHC expenditures in 2017 USD (millions);166.32;202.11;126.75
GNQ;172;Equatorial Guinea;2015;PHC expenditures per capita in 2017 USD;132;161;101
GNQ;172;Equatorial Guinea;2016;PHC ambulatory expenditures in 2017 USD (millions);66.01;90.06;33.55
GNQ;172;Equatorial Guinea;2016;PHC ambulatory expenditures per capita in 2017 USD;51;69;26
GNQ;172;Equatorial Guinea;2016;PHC expenditures in 2017 USD (millions);156.87;190.34;119.95
GNQ;172;Equatorial Guinea;2016;PHC expenditures per capita in 2017 USD;121;146;92
GNQ;172;Equatorial Guinea;2017;PHC ambulatory expenditures in 2017 USD (millions);61.63;84.06;30.9
GNQ;172;Equatorial Guinea;2017;PHC ambulatory expenditures per capita in 2017 USD;46;62;23
GNQ;172;Equatorial Guinea;2017;PHC expenditures in 2017 USD (millions);148.12;179.46;113.81
GNQ;172;Equatorial Guinea;2017;PHC expenditures per capita in 2017 USD;110;133;85
GRD;112;Grenada;2000;PHC ambulatory expenditures in 2017 USD (millions);7.22;9.85;3.97
GRD;112;Grenada;2000;PHC ambulatory expenditures per capita in 2017 USD;70;96;39
GRD;112;Grenada;2000;PHC expenditures in 2017 USD (millions);16.28;20.09;12.25
GRD;112;Grenada;2000;PHC expenditures per capita in 2017 USD;158;195;119
GRD;112;Grenada;2001;PHC ambulatory expenditures in 2017 USD (millions);7.26;9.91;3.99
GRD;112;Grenada;2001;PHC ambulatory expenditures per capita in 2017 USD;69;95;38
GRD;112;Grenada;2001;PHC expenditures in 2017 USD (millions);16.4;20.22;12.34
GRD;112;Grenada;2001;PHC expenditures per capita in 2017 USD;157;193;118
GRD;112;Grenada;2002;PHC ambulatory expenditures in 2017 USD (millions);7.95;10.86;4.34
GRD;112;Grenada;2002;PHC ambulatory expenditures per capita in 2017 USD;75;102;41
GRD;112;Grenada;2002;PHC expenditures in 2017 USD (millions);17.98;22.16;13.51
GRD;112;Grenada;2002;PHC expenditures per capita in 2017 USD;169;208;127
GRD;112;Grenada;2003;PHC ambulatory expenditures in 2017 USD (millions);7.73;10.56;4.21
GRD;112;Grenada;2003;PHC ambulatory expenditures per capita in 2017 USD;72;98;39
GRD;112;Grenada;2003;PHC expenditures in 2017 USD (millions);17.51;21.59;13.16
GRD;112;Grenada;2003;PHC expenditures per capita in 2017 USD;163;201;122
GRD;112;Grenada;2004;PHC ambulatory expenditures in 2017 USD (millions);7.45;10.17;4.03
GRD;112;Grenada;2004;PHC ambulatory expenditures per capita in 2017 USD;69;94;37
GRD;112;Grenada;2004;PHC expenditures in 2017 USD (millions);16.91;20.84;12.7
GRD;112;Grenada;2004;PHC expenditures per capita in 2017 USD;156;192;117
GRD;112;Grenada;2005;PHC ambulatory expenditures in 2017 USD (millions);8.44;11.53;4.53
GRD;112;Grenada;2005;PHC ambulatory expenditures per capita in 2017 USD;77;106;42
GRD;112;Grenada;2005;PHC expenditures in 2017 USD (millions);19.15;23.61;14.37
GRD;112;Grenada;2005;PHC expenditures per capita in 2017 USD;175;216;132
GRD;112;Grenada;2006;PHC ambulatory expenditures in 2017 USD (millions);9.34;12.75;4.98
GRD;112;Grenada;2006;PHC ambulatory expenditures per capita in 2017 USD;85;116;45
GRD;112;Grenada;2006;PHC expenditures in 2017 USD (millions);21.18;26.08;15.89
GRD;112;Grenada;2006;PHC expenditures per capita in 2017 USD;193;238;145
GRD;112;Grenada;2007;PHC ambulatory expenditures in 2017 USD (millions);9.22;12.59;4.95
GRD;112;Grenada;2007;PHC ambulatory expenditures per capita in 2017 USD;84;115;45
GRD;112;Grenada;2007;PHC expenditures in 2017 USD (millions);20.9;25.73;15.67
GRD;112;Grenada;2007;PHC expenditures per capita in 2017 USD;190;234;143
GRD;112;Grenada;2008;PHC ambulatory expenditures in 2017 USD (millions);9.44;12.9;5.09
GRD;112;Grenada;2008;PHC ambulatory expenditures per capita in 2017 USD;86;117;46
GRD;112;Grenada;2008;PHC expenditures in 2017 USD (millions);21.39;26.36;16.02
GRD;112;Grenada;2008;PHC expenditures per capita in 2017 USD;194;239;145
GRD;112;Grenada;2009;PHC ambulatory expenditures in 2017 USD (millions);9.18;12.54;4.97
GRD;112;Grenada;2009;PHC ambulatory expenditures per capita in 2017 USD;83;114;45
GRD;112;Grenada;2009;PHC expenditures in 2017 USD (millions);20.8;25.65;15.59
GRD;112;Grenada;2009;PHC expenditures per capita in 2017 USD;189;232;141
GRD;112;Grenada;2010;PHC ambulatory expenditures in 2017 USD (millions);9.14;12.48;4.96
GRD;112;Grenada;2010;PHC ambulatory expenditures per capita in 2017 USD;83;113;45
GRD;112;Grenada;2010;PHC expenditures in 2017 USD (millions);20.7;25.52;15.52
GRD;112;Grenada;2010;PHC expenditures per capita in 2017 USD;187;231;141
GRD;112;Grenada;2011;PHC ambulatory expenditures in 2017 USD (millions);9.27;12.65;5.04
GRD;112;Grenada;2011;PHC ambulatory expenditures per capita in 2017 USD;84;114;46
GRD;112;Grenada;2011;PHC expenditures in 2017 USD (millions);20.97;25.87;15.74
GRD;112;Grenada;2011;PHC expenditures per capita in 2017 USD;190;234;142
GRD;112;Grenada;2012;PHC ambulatory expenditures in 2017 USD (millions);8.79;12.01;4.8
GRD;112;Grenada;2012;PHC ambulatory expenditures per capita in 2017 USD;80;109;43
GRD;112;Grenada;2012;PHC expenditures in 2017 USD (millions);19.91;24.54;14.95
GRD;112;Grenada;2012;PHC expenditures per capita in 2017 USD;180;222;135
GRD;112;Grenada;2013;PHC ambulatory expenditures in 2017 USD (millions);8.78;11.99;4.8
GRD;112;Grenada;2013;PHC ambulatory expenditures per capita in 2017 USD;79;108;43
GRD;112;Grenada;2013;PHC expenditures in 2017 USD (millions);19.88;24.5;14.93
GRD;112;Grenada;2013;PHC expenditures per capita in 2017 USD;180;221;135
GRD;112;Grenada;2014;PHC ambulatory expenditures in 2017 USD (millions);8.75;11.94;4.76
GRD;112;Grenada;2014;PHC ambulatory expenditures per capita in 2017 USD;79;108;43
GRD;112;Grenada;2014;PHC expenditures in 2017 USD (millions);19.8;24.4;14.87
GRD;112;Grenada;2014;PHC expenditures per capita in 2017 USD;179;220;134
GRD;112;Grenada;2015;PHC ambulatory expenditures in 2017 USD (millions);8.59;11.72;4.68
GRD;112;Grenada;2015;PHC ambulatory expenditures per capita in 2017 USD;77;106;42
GRD;112;Grenada;2015;PHC expenditures in 2017 USD (millions);19.43;23.97;14.61
GRD;112;Grenada;2015;PHC expenditures per capita in 2017 USD;175;216;132
GRD;112;Grenada;2016;PHC ambulatory expenditures in 2017 USD (millions);8.62;11.77;4.68
GRD;112;Grenada;2016;PHC ambulatory expenditures per capita in 2017 USD;78;106;42
GRD;112;Grenada;2016;PHC expenditures in 2017 USD (millions);19.53;24.08;14.67
GRD;112;Grenada;2016;PHC expenditures per capita in 2017 USD;176;217;132
GRD;112;Grenada;2017;PHC ambulatory expenditures in 2017 USD (millions);9.18;12.53;4.98
GRD;112;Grenada;2017;PHC ambulatory expenditures per capita in 2017 USD;83;113;45
GRD;112;Grenada;2017;PHC expenditures in 2017 USD (millions);20.79;25.63;15.6
GRD;112;Grenada;2017;PHC expenditures per capita in 2017 USD;187;231;141
GTM;128;Guatemala;2000;PHC ambulatory expenditures in 2017 USD (millions);318.91;579.21;14.39
GTM;128;Guatemala;2000;PHC ambulatory expenditures per capita in 2017 USD;29;53;1
GTM;128;Guatemala;2000;PHC expenditures in 2017 USD (millions);828.14;1278.97;350.61
GTM;128;Guatemala;2000;PHC expenditures per capita in 2017 USD;76;117;32
GTM;128;Guatemala;2001;PHC ambulatory expenditures in 2017 USD (millions);355.24;643.94;16.11
GTM;128;Guatemala;2001;PHC ambulatory expenditures per capita in 2017 USD;31;57;1
GTM;128;Guatemala;2001;PHC expenditures in 2017 USD (millions);922.55;1425.07;391.34
GTM;128;Guatemala;2001;PHC expenditures per capita in 2017 USD;82;126;35
GTM;128;Guatemala;2002;PHC ambulatory expenditures in 2017 USD (millions);373.69;676.83;16.98
GTM;128;Guatemala;2002;PHC ambulatory expenditures per capita in 2017 USD;32;58;1
GTM;128;Guatemala;2002;PHC expenditures in 2017 USD (millions);970.63;1499.51;412.85
GTM;128;Guatemala;2002;PHC expenditures per capita in 2017 USD;83;129;35
GTM;128;Guatemala;2003;PHC ambulatory expenditures in 2017 USD (millions);413.64;749.57;18.87
GTM;128;Guatemala;2003;PHC ambulatory expenditures per capita in 2017 USD;34;62;2
GTM;128;Guatemala;2003;PHC expenditures in 2017 USD (millions);1074.25;1660.97;456.79
GTM;128;Guatemala;2003;PHC expenditures per capita in 2017 USD;90;138;38
GTM;128;Guatemala;2004;PHC ambulatory expenditures in 2017 USD (millions);410.36;744.8;18.82
GTM;128;Guatemala;2004;PHC ambulatory expenditures per capita in 2017 USD;33;60;2
GTM;128;Guatemala;2004;PHC expenditures in 2017 USD (millions);1067.27;1649.15;455.68
GTM;128;Guatemala;2004;PHC expenditures per capita in 2017 USD;86;134;37
GTM;128;Guatemala;2005;PHC ambulatory expenditures in 2017 USD (millions);424.95;772.32;19.6
GTM;128;Guatemala;2005;PHC ambulatory expenditures per capita in 2017 USD;33;61;2
GTM;128;Guatemala;2005;PHC expenditures in 2017 USD (millions);1106.7;1706.2;475.17
GTM;128;Guatemala;2005;PHC expenditures per capita in 2017 USD;87;134;37
GTM;128;Guatemala;2006;PHC ambulatory expenditures in 2017 USD (millions);454.56;825.08;21
GTM;128;Guatemala;2006;PHC ambulatory expenditures per capita in 2017 USD;35;63;2
GTM;128;Guatemala;2006;PHC expenditures in 2017 USD (millions);1183.46;1826.25;506.84
GTM;128;Guatemala;2006;PHC expenditures per capita in 2017 USD;91;140;39
GTM;128;Guatemala;2007;PHC ambulatory expenditures in 2017 USD (millions);471.52;856.63;21.69
GTM;128;Guatemala;2007;PHC ambulatory expenditures per capita in 2017 USD;35;64;2
GTM;128;Guatemala;2007;PHC expenditures in 2017 USD (millions);1226.84;1894.57;525.12
GTM;128;Guatemala;2007;PHC expenditures per capita in 2017 USD;92;142;39
GTM;128;Guatemala;2008;PHC ambulatory expenditures in 2017 USD (millions);480.06;873.6;21.96
GTM;128;Guatemala;2008;PHC ambulatory expenditures per capita in 2017 USD;35;64;2
GTM;128;Guatemala;2008;PHC expenditures in 2017 USD (millions);1248.24;1929.3;533.65
GTM;128;Guatemala;2008;PHC expenditures per capita in 2017 USD;91;140;39
GTM;128;Guatemala;2009;PHC ambulatory expenditures in 2017 USD (millions);489.89;892.52;22.35
GTM;128;Guatemala;2009;PHC ambulatory expenditures per capita in 2017 USD;35;63;2
GTM;128;Guatemala;2009;PHC expenditures in 2017 USD (millions);1272.7;1969.12;542.28
GTM;128;Guatemala;2009;PHC expenditures per capita in 2017 USD;90;140;39
GTM;128;Guatemala;2010;PHC ambulatory expenditures in 2017 USD (millions);499.88;912.22;22.7
GTM;128;Guatemala;2010;PHC ambulatory expenditures per capita in 2017 USD;35;63;2
GTM;128;Guatemala;2010;PHC expenditures in 2017 USD (millions);1296.57;2009.9;549.39
GTM;128;Guatemala;2010;PHC expenditures per capita in 2017 USD;90;139;38
GTM;128;Guatemala;2011;PHC ambulatory expenditures in 2017 USD (millions);514.03;938.03;23.26
GTM;128;Guatemala;2011;PHC ambulatory expenditures per capita in 2017 USD;35;64;2
GTM;128;Guatemala;2011;PHC expenditures in 2017 USD (millions);1332.11;2068.34;562.77
GTM;128;Guatemala;2011;PHC expenditures per capita in 2017 USD;90;140;38
GTM;128;Guatemala;2012;PHC ambulatory expenditures in 2017 USD (millions);519.21;947.23;23.46
GTM;128;Guatemala;2012;PHC ambulatory expenditures per capita in 2017 USD;34;63;2
GTM;128;Guatemala;2012;PHC expenditures in 2017 USD (millions);1346.43;2089.27;569.46
GTM;128;Guatemala;2012;PHC expenditures per capita in 2017 USD;89;138;38
GTM;128;Guatemala;2013;PHC ambulatory expenditures in 2017 USD (millions);546.94;997.68;24.72
GTM;128;Guatemala;2013;PHC ambulatory expenditures per capita in 2017 USD;35;65;2
GTM;128;Guatemala;2013;PHC expenditures in 2017 USD (millions);1418.69;2200.49;599.78
GTM;128;Guatemala;2013;PHC expenditures per capita in 2017 USD;92;142;39
GTM;128;Guatemala;2014;PHC ambulatory expenditures in 2017 USD (millions);556.83;1014.5;25.34
GTM;128;Guatemala;2014;PHC ambulatory expenditures per capita in 2017 USD;35;64;2
GTM;128;Guatemala;2014;PHC expenditures in 2017 USD (millions);1447.18;2242.09;614.62
GTM;128;Guatemala;2014;PHC expenditures per capita in 2017 USD;91;142;39
GTM;128;Guatemala;2015;PHC ambulatory expenditures in 2017 USD (millions);604.46;1100.51;27.58
GTM;128;Guatemala;2015;PHC ambulatory expenditures per capita in 2017 USD;37;68;2
GTM;128;Guatemala;2015;PHC expenditures in 2017 USD (millions);1572.04;2435.55;671.55
GTM;128;Guatemala;2015;PHC expenditures per capita in 2017 USD;97;151;42
GTM;128;Guatemala;2016;PHC ambulatory expenditures in 2017 USD (millions);583.62;1058.44;27.09
GTM;128;Guatemala;2016;PHC ambulatory expenditures per capita in 2017 USD;35;64;2
GTM;128;Guatemala;2016;PHC expenditures in 2017 USD (millions);1526.68;2355.72;661.26
GTM;128;Guatemala;2016;PHC expenditures per capita in 2017 USD;92;142;40
GTM;128;Guatemala;2017;PHC ambulatory expenditures in 2017 USD (millions);601.47;1089.77;28.25
GTM;128;Guatemala;2017;PHC ambulatory expenditures per capita in 2017 USD;36;64;2
GTM;128;Guatemala;2017;PHC expenditures in 2017 USD (millions);1577.39;2429.9;689.11
GTM;128;Guatemala;2017;PHC expenditures per capita in 2017 USD;93;144;41
GUY;113;Guyana;2000;PHC ambulatory expenditures in 2017 USD (millions);22.2;45.89;6.02
GUY;113;Guyana;2000;PHC ambulatory expenditures per capita in 2017 USD;28;59;8
GUY;113;Guyana;2000;PHC expenditures in 2017 USD (millions);58.8;79.58;37.58
GUY;113;Guyana;2000;PHC expenditures per capita in 2017 USD;75;102;48
GUY;113;Guyana;2001;PHC ambulatory expenditures in 2017 USD (millions);23.01;47.6;6.22
GUY;113;Guyana;2001;PHC ambulatory expenditures per capita in 2017 USD;29;61;8
GUY;113;Guyana;2001;PHC expenditures in 2017 USD (millions);60.92;82.45;38.94
GUY;113;Guyana;2001;PHC expenditures per capita in 2017 USD;78;106;50
GUY;113;Guyana;2002;PHC ambulatory expenditures in 2017 USD (millions);22.46;46.46;6.07
GUY;113;Guyana;2002;PHC ambulatory expenditures per capita in 2017 USD;29;60;8
GUY;113;Guyana;2002;PHC expenditures in 2017 USD (millions);59.53;80.54;38.08
GUY;113;Guyana;2002;PHC expenditures per capita in 2017 USD;76;103;49
GUY;113;Guyana;2003;PHC ambulatory expenditures in 2017 USD (millions);25.1;52.07;6.75
GUY;113;Guyana;2003;PHC ambulatory expenditures per capita in 2017 USD;32;67;9
GUY;113;Guyana;2003;PHC expenditures in 2017 USD (millions);66.3;89.82;42.43
GUY;113;Guyana;2003;PHC expenditures per capita in 2017 USD;85;116;55
GUY;113;Guyana;2004;PHC ambulatory expenditures in 2017 USD (millions);28.68;59.73;7.67
GUY;113;Guyana;2004;PHC ambulatory expenditures per capita in 2017 USD;37;77;10
GUY;113;Guyana;2004;PHC expenditures in 2017 USD (millions);75.44;102.4;48
GUY;113;Guyana;2004;PHC expenditures per capita in 2017 USD;98;133;62
GUY;113;Guyana;2005;PHC ambulatory expenditures in 2017 USD (millions);28.52;59.27;7.64
GUY;113;Guyana;2005;PHC ambulatory expenditures per capita in 2017 USD;37;77;10
GUY;113;Guyana;2005;PHC expenditures in 2017 USD (millions);74.98;101.79;47.74
GUY;113;Guyana;2005;PHC expenditures per capita in 2017 USD;97;132;62
GUY;113;Guyana;2006;PHC ambulatory expenditures in 2017 USD (millions);31.13;65.06;8.3
GUY;113;Guyana;2006;PHC ambulatory expenditures per capita in 2017 USD;41;85;11
GUY;113;Guyana;2006;PHC expenditures in 2017 USD (millions);81.62;111.04;51.75
GUY;113;Guyana;2006;PHC expenditures per capita in 2017 USD;107;145;68
GUY;113;Guyana;2007;PHC ambulatory expenditures in 2017 USD (millions);30.09;63.02;8
GUY;113;Guyana;2007;PHC ambulatory expenditures per capita in 2017 USD;39;83;10
GUY;113;Guyana;2007;PHC expenditures in 2017 USD (millions);78.89;107.38;49.96
GUY;113;Guyana;2007;PHC expenditures per capita in 2017 USD;104;141;66
GUY;113;Guyana;2008;PHC ambulatory expenditures in 2017 USD (millions);32.31;67.87;8.54
GUY;113;Guyana;2008;PHC ambulatory expenditures per capita in 2017 USD;43;89;11
GUY;113;Guyana;2008;PHC expenditures in 2017 USD (millions);84.56;115.21;53.38
GUY;113;Guyana;2008;PHC expenditures per capita in 2017 USD;111;152;70
GUY;113;Guyana;2009;PHC ambulatory expenditures in 2017 USD (millions);32.86;68.99;8.73
GUY;113;Guyana;2009;PHC ambulatory expenditures per capita in 2017 USD;43;91;12
GUY;113;Guyana;2009;PHC expenditures in 2017 USD (millions);86.02;117.08;54.31
GUY;113;Guyana;2009;PHC expenditures per capita in 2017 USD;114;155;72
GUY;113;Guyana;2010;PHC ambulatory expenditures in 2017 USD (millions);33.02;69.2;8.82
GUY;113;Guyana;2010;PHC ambulatory expenditures per capita in 2017 USD;44;92;12
GUY;113;Guyana;2010;PHC expenditures in 2017 USD (millions);86.5;117.61;54.67
GUY;113;Guyana;2010;PHC expenditures per capita in 2017 USD;115;156;73
GUY;113;Guyana;2011;PHC ambulatory expenditures in 2017 USD (millions);33.82;70.5;9.05
GUY;113;Guyana;2011;PHC ambulatory expenditures per capita in 2017 USD;45;94;12
GUY;113;Guyana;2011;PHC expenditures in 2017 USD (millions);88.67;120.44;56.19
GUY;113;Guyana;2011;PHC expenditures per capita in 2017 USD;118;161;75
GUY;113;Guyana;2012;PHC ambulatory expenditures in 2017 USD (millions);34.97;72.44;9.4
GUY;113;Guyana;2012;PHC ambulatory expenditures per capita in 2017 USD;47;97;13
GUY;113;Guyana;2012;PHC expenditures in 2017 USD (millions);91.82;124.57;58.39
GUY;113;Guyana;2012;PHC expenditures per capita in 2017 USD;123;167;78
GUY;113;Guyana;2013;PHC ambulatory expenditures in 2017 USD (millions);36.38;75.08;9.81
GUY;113;Guyana;2013;PHC ambulatory expenditures per capita in 2017 USD;49;101;13
GUY;113;Guyana;2013;PHC expenditures in 2017 USD (millions);95.63;129.37;60.87
GUY;113;Guyana;2013;PHC expenditures per capita in 2017 USD;128;174;82
GUY;113;Guyana;2014;PHC ambulatory expenditures in 2017 USD (millions);38.69;79.36;10.48
GUY;113;Guyana;2014;PHC ambulatory expenditures per capita in 2017 USD;52;107;14
GUY;113;Guyana;2014;PHC expenditures in 2017 USD (millions);101.79;137.27;64.74
GUY;113;Guyana;2014;PHC expenditures per capita in 2017 USD;137;185;87
GUY;113;Guyana;2015;PHC ambulatory expenditures in 2017 USD (millions);37.95;77.39;10.43
GUY;113;Guyana;2015;PHC ambulatory expenditures per capita in 2017 USD;51;104;14
GUY;113;Guyana;2015;PHC expenditures in 2017 USD (millions);100.1;134.56;63.95
GUY;113;Guyana;2015;PHC expenditures per capita in 2017 USD;135;181;86
GUY;113;Guyana;2016;PHC ambulatory expenditures in 2017 USD (millions);41.96;85.03;11.66
GUY;113;Guyana;2016;PHC ambulatory expenditures per capita in 2017 USD;57;115;16
GUY;113;Guyana;2016;PHC expenditures in 2017 USD (millions);110.74;148.58;71.04
GUY;113;Guyana;2016;PHC expenditures per capita in 2017 USD;149;200;96
GUY;113;Guyana;2017;PHC ambulatory expenditures in 2017 USD (millions);44.77;90.38;12.48
GUY;113;Guyana;2017;PHC ambulatory expenditures per capita in 2017 USD;60;122;17
GUY;113;Guyana;2017;PHC expenditures in 2017 USD (millions);118.22;158.51;76.17
GUY;113;Guyana;2017;PHC expenditures per capita in 2017 USD;159;214;103
HND;129;Honduras;2000;PHC ambulatory expenditures in 2017 USD (millions);126.29;172.07;70.04
HND;129;Honduras;2000;PHC ambulatory expenditures per capita in 2017 USD;20;28;11
HND;129;Honduras;2000;PHC expenditures in 2017 USD (millions);284.54;350.6;214.04
HND;129;Honduras;2000;PHC expenditures per capita in 2017 USD;46;57;35
HND;129;Honduras;2001;PHC ambulatory expenditures in 2017 USD (millions);134.23;182.93;74.19
HND;129;Honduras;2001;PHC ambulatory expenditures per capita in 2017 USD;21;29;12
HND;129;Honduras;2001;PHC expenditures in 2017 USD (millions);302.46;372.35;227.68
HND;129;Honduras;2001;PHC expenditures per capita in 2017 USD;48;59;36
HND;129;Honduras;2002;PHC ambulatory expenditures in 2017 USD (millions);143.61;195.72;79.45
HND;129;Honduras;2002;PHC ambulatory expenditures per capita in 2017 USD;22;30;12
HND;129;Honduras;2002;PHC expenditures in 2017 USD (millions);323.39;398.21;243.45
HND;129;Honduras;2002;PHC expenditures per capita in 2017 USD;50;61;37
HND;129;Honduras;2003;PHC ambulatory expenditures in 2017 USD (millions);155.85;212.31;86.56
HND;129;Honduras;2003;PHC ambulatory expenditures per capita in 2017 USD;23;32;13
HND;129;Honduras;2003;PHC expenditures in 2017 USD (millions);350.33;431.54;264.1
HND;129;Honduras;2003;PHC expenditures per capita in 2017 USD;52;64;39
HND;129;Honduras;2004;PHC ambulatory expenditures in 2017 USD (millions);171.71;233.87;95.74
HND;129;Honduras;2004;PHC ambulatory expenditures per capita in 2017 USD;25;34;14
HND;129;Honduras;2004;PHC expenditures in 2017 USD (millions);385.3;474.98;290.72
HND;129;Honduras;2004;PHC expenditures per capita in 2017 USD;56;69;42
HND;129;Honduras;2005;PHC ambulatory expenditures in 2017 USD (millions);188.13;256.23;105.06
HND;129;Honduras;2005;PHC ambulatory expenditures per capita in 2017 USD;27;36;15
HND;129;Honduras;2005;PHC expenditures in 2017 USD (millions);421.77;520.09;318.06
HND;129;Honduras;2005;PHC expenditures per capita in 2017 USD;60;74;45
HND;129;Honduras;2006;PHC ambulatory expenditures in 2017 USD (millions);206.6;281.4;115.12
HND;129;Honduras;2006;PHC ambulatory expenditures per capita in 2017 USD;29;39;16
HND;129;Honduras;2006;PHC expenditures in 2017 USD (millions);463.15;571.45;348.82
HND;129;Honduras;2006;PHC expenditures per capita in 2017 USD;64;79;48
HND;129;Honduras;2007;PHC ambulatory expenditures in 2017 USD (millions);227.33;309.6;126.93
HND;129;Honduras;2007;PHC ambulatory expenditures per capita in 2017 USD;31;42;17
HND;129;Honduras;2007;PHC expenditures in 2017 USD (millions);509.35;628.43;382.74
HND;129;Honduras;2007;PHC expenditures per capita in 2017 USD;69;85;52
HND;129;Honduras;2008;PHC ambulatory expenditures in 2017 USD (millions);245.78;334.69;137.34
HND;129;Honduras;2008;PHC ambulatory expenditures per capita in 2017 USD;32;44;18
HND;129;Honduras;2008;PHC expenditures in 2017 USD (millions);550.43;678.49;413.47
HND;129;Honduras;2008;PHC expenditures per capita in 2017 USD;72;89;54
HND;129;Honduras;2009;PHC ambulatory expenditures in 2017 USD (millions);257.81;351.1;143.66
HND;129;Honduras;2009;PHC ambulatory expenditures per capita in 2017 USD;33;45;18
HND;129;Honduras;2009;PHC expenditures in 2017 USD (millions);577.49;711.7;434.06
HND;129;Honduras;2009;PHC expenditures per capita in 2017 USD;74;91;56
HND;129;Honduras;2010;PHC ambulatory expenditures in 2017 USD (millions);258.93;352.61;144.42
HND;129;Honduras;2010;PHC ambulatory expenditures per capita in 2017 USD;32;44;18
HND;129;Honduras;2010;PHC expenditures in 2017 USD (millions);580.21;715.54;436.59
HND;129;Honduras;2010;PHC expenditures per capita in 2017 USD;73;89;55
HND;129;Honduras;2011;PHC ambulatory expenditures in 2017 USD (millions);267.98;364.94;149.35
HND;129;Honduras;2011;PHC ambulatory expenditures per capita in 2017 USD;33;44;18
HND;129;Honduras;2011;PHC expenditures in 2017 USD (millions);600.45;740.5;452.25
HND;129;Honduras;2011;PHC expenditures per capita in 2017 USD;73;90;55
HND;129;Honduras;2012;PHC ambulatory expenditures in 2017 USD (millions);276.46;376.46;154.08
HND;129;Honduras;2012;PHC ambulatory expenditures per capita in 2017 USD;33;45;18
HND;129;Honduras;2012;PHC expenditures in 2017 USD (millions);619.47;763.96;466.39
HND;129;Honduras;2012;PHC expenditures per capita in 2017 USD;74;91;55
HND;129;Honduras;2013;PHC ambulatory expenditures in 2017 USD (millions);285.17;388.37;158.27
HND;129;Honduras;2013;PHC ambulatory expenditures per capita in 2017 USD;33;45;18
HND;129;Honduras;2013;PHC expenditures in 2017 USD (millions);639.4;788.36;481.52
HND;129;Honduras;2013;PHC expenditures per capita in 2017 USD;74;91;56
HND;129;Honduras;2014;PHC ambulatory expenditures in 2017 USD (millions);278.93;379.93;154.53
HND;129;Honduras;2014;PHC ambulatory expenditures per capita in 2017 USD;32;43;17
HND;129;Honduras;2014;PHC expenditures in 2017 USD (millions);626.26;772.22;471.78
HND;129;Honduras;2014;PHC expenditures per capita in 2017 USD;71;87;53
HND;129;Honduras;2015;PHC ambulatory expenditures in 2017 USD (millions);277.61;378.23;153.65
HND;129;Honduras;2015;PHC ambulatory expenditures per capita in 2017 USD;31;42;17
HND;129;Honduras;2015;PHC expenditures in 2017 USD (millions);624.42;769.59;471.3
HND;129;Honduras;2015;PHC expenditures per capita in 2017 USD;69;85;52
HND;129;Honduras;2016;PHC ambulatory expenditures in 2017 USD (millions);295.08;402.33;162.49
HND;129;Honduras;2016;PHC ambulatory expenditures per capita in 2017 USD;32;43;18
HND;129;Honduras;2016;PHC expenditures in 2017 USD (millions);664.64;819.56;502.39
HND;129;Honduras;2016;PHC expenditures per capita in 2017 USD;72;88;54
HND;129;Honduras;2017;PHC ambulatory expenditures in 2017 USD (millions);301.36;411.21;165.08
HND;129;Honduras;2017;PHC ambulatory expenditures per capita in 2017 USD;32;43;17
HND;129;Honduras;2017;PHC expenditures in 2017 USD (millions);680.34;838.77;514.41
HND;129;Honduras;2017;PHC expenditures per capita in 2017 USD;72;88;54
HTI;114;Haiti;2000;PHC ambulatory expenditures in 2017 USD (millions);26.38;54.79;6.31
HTI;114;Haiti;2000;PHC ambulatory expenditures per capita in 2017 USD;3;7;1
HTI;114;Haiti;2000;PHC expenditures in 2017 USD (millions);177.58;229.5;126.5
HTI;114;Haiti;2000;PHC expenditures per capita in 2017 USD;22;28;15
HTI;114;Haiti;2001;PHC ambulatory expenditures in 2017 USD (millions);25.39;52.71;6.07
HTI;114;Haiti;2001;PHC ambulatory expenditures per capita in 2017 USD;3;6;1
HTI;114;Haiti;2001;PHC expenditures in 2017 USD (millions);171.22;221.17;122.35
HTI;114;Haiti;2001;PHC expenditures per capita in 2017 USD;20;26;15
HTI;114;Haiti;2002;PHC ambulatory expenditures in 2017 USD (millions);22.9;47.54;5.5
HTI;114;Haiti;2002;PHC ambulatory expenditures per capita in 2017 USD;3;6;1
HTI;114;Haiti;2002;PHC expenditures in 2017 USD (millions);154.89;199.89;110.85
HTI;114;Haiti;2002;PHC expenditures per capita in 2017 USD;18;23;13
HTI;114;Haiti;2003;PHC ambulatory expenditures in 2017 USD (millions);24.62;51.1;5.9
HTI;114;Haiti;2003;PHC ambulatory expenditures per capita in 2017 USD;3;6;1
HTI;114;Haiti;2003;PHC expenditures in 2017 USD (millions);166.38;214.75;118.99
HTI;114;Haiti;2003;PHC expenditures per capita in 2017 USD;19;24;13
HTI;114;Haiti;2004;PHC ambulatory expenditures in 2017 USD (millions);23.77;49.32;5.7
HTI;114;Haiti;2004;PHC ambulatory expenditures per capita in 2017 USD;3;5;1
HTI;114;Haiti;2004;PHC expenditures in 2017 USD (millions);160.68;206.81;115.4
HTI;114;Haiti;2004;PHC expenditures per capita in 2017 USD;18;23;13
HTI;114;Haiti;2005;PHC ambulatory expenditures in 2017 USD (millions);24.81;51.5;5.94
HTI;114;Haiti;2005;PHC ambulatory expenditures per capita in 2017 USD;3;6;1
HTI;114;Haiti;2005;PHC expenditures in 2017 USD (millions);167.55;215.73;120.33
HTI;114;Haiti;2005;PHC expenditures per capita in 2017 USD;18;23;13
HTI;114;Haiti;2006;PHC ambulatory expenditures in 2017 USD (millions);27.98;58.3;6.63
HTI;114;Haiti;2006;PHC ambulatory expenditures per capita in 2017 USD;3;6;1
HTI;114;Haiti;2006;PHC expenditures in 2017 USD (millions);188.61;243.94;135.21
HTI;114;Haiti;2006;PHC expenditures per capita in 2017 USD;20;26;14
HTI;114;Haiti;2007;PHC ambulatory expenditures in 2017 USD (millions);31.34;65.19;7.45
HTI;114;Haiti;2007;PHC ambulatory expenditures per capita in 2017 USD;3;7;1
HTI;114;Haiti;2007;PHC expenditures in 2017 USD (millions);210.69;272.55;150.45
HTI;114;Haiti;2007;PHC expenditures per capita in 2017 USD;22;28;16
HTI;114;Haiti;2008;PHC ambulatory expenditures in 2017 USD (millions);32.96;68.72;7.8
HTI;114;Haiti;2008;PHC ambulatory expenditures per capita in 2017 USD;3;7;1
HTI;114;Haiti;2008;PHC expenditures in 2017 USD (millions);221.36;286.76;157.2
HTI;114;Haiti;2008;PHC expenditures per capita in 2017 USD;22;29;16
HTI;114;Haiti;2009;PHC ambulatory expenditures in 2017 USD (millions);34.18;71.27;8.07
HTI;114;Haiti;2009;PHC ambulatory expenditures per capita in 2017 USD;3;7;1
HTI;114;Haiti;2009;PHC expenditures in 2017 USD (millions);229.37;297.53;162.86
HTI;114;Haiti;2009;PHC expenditures per capita in 2017 USD;23;29;16
HTI;114;Haiti;2010;PHC ambulatory expenditures in 2017 USD (millions);34.94;72.78;8.19
HTI;114;Haiti;2010;PHC ambulatory expenditures per capita in 2017 USD;3;7;1
HTI;114;Haiti;2010;PHC expenditures in 2017 USD (millions);234.45;304.17;166.16
HTI;114;Haiti;2010;PHC expenditures per capita in 2017 USD;23;30;16
HTI;114;Haiti;2011;PHC ambulatory expenditures in 2017 USD (millions);36.56;76.19;8.49
HTI;114;Haiti;2011;PHC ambulatory expenditures per capita in 2017 USD;4;7;1
HTI;114;Haiti;2011;PHC expenditures in 2017 USD (millions);245.23;319.03;173.63
HTI;114;Haiti;2011;PHC expenditures per capita in 2017 USD;24;31;17
HTI;114;Haiti;2012;PHC ambulatory expenditures in 2017 USD (millions);38.17;79.54;8.85
HTI;114;Haiti;2012;PHC ambulatory expenditures per capita in 2017 USD;4;7;1
HTI;114;Haiti;2012;PHC expenditures in 2017 USD (millions);255.86;333.3;181.31
HTI;114;Haiti;2012;PHC expenditures per capita in 2017 USD;24;31;17
HTI;114;Haiti;2013;PHC ambulatory expenditures in 2017 USD (millions);39.49;82.27;9.16
HTI;114;Haiti;2013;PHC ambulatory expenditures per capita in 2017 USD;4;8;1
HTI;114;Haiti;2013;PHC expenditures in 2017 USD (millions);264.52;344.56;187.65
HTI;114;Haiti;2013;PHC expenditures per capita in 2017 USD;24;32;17
HTI;114;Haiti;2014;PHC ambulatory expenditures in 2017 USD (millions);38.45;80.11;8.96
HTI;114;Haiti;2014;PHC ambulatory expenditures per capita in 2017 USD;3;7;1
HTI;114;Haiti;2014;PHC expenditures in 2017 USD (millions);257.65;335.2;183.28
HTI;114;Haiti;2014;PHC expenditures per capita in 2017 USD;23;30;17
HTI;114;Haiti;2015;PHC ambulatory expenditures in 2017 USD (millions);39.57;82.45;9.26
HTI;114;Haiti;2015;PHC ambulatory expenditures per capita in 2017 USD;3;7;1
HTI;114;Haiti;2015;PHC expenditures in 2017 USD (millions);265.13;344.41;188.42
HTI;114;Haiti;2015;PHC expenditures per capita in 2017 USD;23;30;17
HTI;114;Haiti;2016;PHC ambulatory expenditures in 2017 USD (millions);41.12;85.71;9.66
HTI;114;Haiti;2016;PHC ambulatory expenditures per capita in 2017 USD;4;7;1
HTI;114;Haiti;2016;PHC expenditures in 2017 USD (millions);275.4;357.81;196.11
HTI;114;Haiti;2016;PHC expenditures per capita in 2017 USD;24;31;17
HTI;114;Haiti;2017;PHC ambulatory expenditures in 2017 USD (millions);39.86;83.14;9.43
HTI;114;Haiti;2017;PHC ambulatory expenditures per capita in 2017 USD;3;7;1
HTI;114;Haiti;2017;PHC expenditures in 2017 USD (millions);267.2;346.76;190.67
HTI;114;Haiti;2017;PHC expenditures per capita in 2017 USD;23;29;16
IDN;11;Indonesia;2000;PHC ambulatory expenditures in 2017 USD (millions);1007.69;1855.95;362.38
IDN;11;Indonesia;2000;PHC ambulatory expenditures per capita in 2017 USD;5;9;2
IDN;11;Indonesia;2000;PHC expenditures in 2017 USD (millions);3539.55;4983.13;1803.17
IDN;11;Indonesia;2000;PHC expenditures per capita in 2017 USD;17;23;8
IDN;11;Indonesia;2001;PHC ambulatory expenditures in 2017 USD (millions);1155.57;2124.34;415.97
IDN;11;Indonesia;2001;PHC ambulatory expenditures per capita in 2017 USD;5;10;2
IDN;11;Indonesia;2001;PHC expenditures in 2017 USD (millions);4048.37;5691.17;2055.65
IDN;11;Indonesia;2001;PHC expenditures per capita in 2017 USD;19;26;10
IDN;11;Indonesia;2002;PHC ambulatory expenditures in 2017 USD (millions);1127.69;2071.52;406.19
IDN;11;Indonesia;2002;PHC ambulatory expenditures per capita in 2017 USD;5;9;2
IDN;11;Indonesia;2002;PHC expenditures in 2017 USD (millions);3955.11;5558.95;2003.06
IDN;11;Indonesia;2002;PHC expenditures per capita in 2017 USD;18;25;9
IDN;11;Indonesia;2003;PHC ambulatory expenditures in 2017 USD (millions);1259.94;2312.71;454.24
IDN;11;Indonesia;2003;PHC ambulatory expenditures per capita in 2017 USD;6;10;2
IDN;11;Indonesia;2003;PHC expenditures in 2017 USD (millions);4411.61;6195.26;2229.38
IDN;11;Indonesia;2003;PHC expenditures per capita in 2017 USD;20;28;10
IDN;11;Indonesia;2004;PHC ambulatory expenditures in 2017 USD (millions);1348.69;2474.71;486.45
IDN;11;Indonesia;2004;PHC ambulatory expenditures per capita in 2017 USD;6;11;2
IDN;11;Indonesia;2004;PHC expenditures in 2017 USD (millions);4720.58;6643.08;2383.31
IDN;11;Indonesia;2004;PHC expenditures per capita in 2017 USD;21;30;11
IDN;11;Indonesia;2005;PHC ambulatory expenditures in 2017 USD (millions);1485.1;2725.06;535.63
IDN;11;Indonesia;2005;PHC ambulatory expenditures per capita in 2017 USD;7;12;2
IDN;11;Indonesia;2005;PHC expenditures in 2017 USD (millions);5195.23;7319.95;2621.01
IDN;11;Indonesia;2005;PHC expenditures per capita in 2017 USD;23;32;12
IDN;11;Indonesia;2006;PHC ambulatory expenditures in 2017 USD (millions);1693.01;3106.32;610.68
IDN;11;Indonesia;2006;PHC ambulatory expenditures per capita in 2017 USD;7;13;3
IDN;11;Indonesia;2006;PHC expenditures in 2017 USD (millions);5915.56;8327.4;2985.47
IDN;11;Indonesia;2006;PHC expenditures per capita in 2017 USD;26;36;13
IDN;11;Indonesia;2007;PHC ambulatory expenditures in 2017 USD (millions);1861.76;3415.8;671.61
IDN;11;Indonesia;2007;PHC ambulatory expenditures per capita in 2017 USD;8;15;3
IDN;11;Indonesia;2007;PHC expenditures in 2017 USD (millions);6501.6;9137.17;3284.42
IDN;11;Indonesia;2007;PHC expenditures per capita in 2017 USD;28;39;14
IDN;11;Indonesia;2008;PHC ambulatory expenditures in 2017 USD (millions);2059.1;3778.44;742.61
IDN;11;Indonesia;2008;PHC ambulatory expenditures per capita in 2017 USD;9;16;3
IDN;11;Indonesia;2008;PHC expenditures in 2017 USD (millions);7194.54;10110.9;3631.09
IDN;11;Indonesia;2008;PHC expenditures per capita in 2017 USD;30;43;15
IDN;11;Indonesia;2009;PHC ambulatory expenditures in 2017 USD (millions);2092.74;3841.58;754.43
IDN;11;Indonesia;2009;PHC ambulatory expenditures per capita in 2017 USD;9;16;3
IDN;11;Indonesia;2009;PHC expenditures in 2017 USD (millions);7311.18;10258.39;3676.89
IDN;11;Indonesia;2009;PHC expenditures per capita in 2017 USD;31;43;15
IDN;11;Indonesia;2010;PHC ambulatory expenditures in 2017 USD (millions);2285.76;4197.26;823.69
IDN;11;Indonesia;2010;PHC ambulatory expenditures per capita in 2017 USD;9;17;3
IDN;11;Indonesia;2010;PHC expenditures in 2017 USD (millions);7986.71;11184.09;4010.43
IDN;11;Indonesia;2010;PHC expenditures per capita in 2017 USD;33;46;17
IDN;11;Indonesia;2011;PHC ambulatory expenditures in 2017 USD (millions);2554.95;4689.65;920.89
IDN;11;Indonesia;2011;PHC ambulatory expenditures per capita in 2017 USD;10;19;4
IDN;11;Indonesia;2011;PHC expenditures in 2017 USD (millions);8914.79;12468.94;4475.32
IDN;11;Indonesia;2011;PHC expenditures per capita in 2017 USD;37;51;18
IDN;11;Indonesia;2012;PHC ambulatory expenditures in 2017 USD (millions);2767.36;5075.15;998.4
IDN;11;Indonesia;2012;PHC ambulatory expenditures per capita in 2017 USD;11;21;4
IDN;11;Indonesia;2012;PHC expenditures in 2017 USD (millions);9645.48;13511.2;4845.43
IDN;11;Indonesia;2012;PHC expenditures per capita in 2017 USD;39;55;20
IDN;11;Indonesia;2013;PHC ambulatory expenditures in 2017 USD (millions);2968.3;5438.81;1071.9
IDN;11;Indonesia;2013;PHC ambulatory expenditures per capita in 2017 USD;12;22;4
IDN;11;Indonesia;2013;PHC expenditures in 2017 USD (millions);10340.62;14490.8;5227.12
IDN;11;Indonesia;2013;PHC expenditures per capita in 2017 USD;41;58;21
IDN;11;Indonesia;2014;PHC ambulatory expenditures in 2017 USD (millions);3136.65;5740.22;1134.08
IDN;11;Indonesia;2014;PHC ambulatory expenditures per capita in 2017 USD;12;23;5
IDN;11;Indonesia;2014;PHC expenditures in 2017 USD (millions);10915.07;15292.78;5538.17
IDN;11;Indonesia;2014;PHC expenditures per capita in 2017 USD;43;61;22
IDN;11;Indonesia;2015;PHC ambulatory expenditures in 2017 USD (millions);3260.67;5958.39;1180.43
IDN;11;Indonesia;2015;PHC ambulatory expenditures per capita in 2017 USD;13;23;5
IDN;11;Indonesia;2015;PHC expenditures in 2017 USD (millions);11328.07;15870.43;5754.51
IDN;11;Indonesia;2015;PHC expenditures per capita in 2017 USD;45;62;23
IDN;11;Indonesia;2016;PHC ambulatory expenditures in 2017 USD (millions);3437.55;6271.13;1246.25
IDN;11;Indonesia;2016;PHC ambulatory expenditures per capita in 2017 USD;13;24;5
IDN;11;Indonesia;2016;PHC expenditures in 2017 USD (millions);11934.59;16712.09;6049.6
IDN;11;Indonesia;2016;PHC expenditures per capita in 2017 USD;47;65;24
IDN;11;Indonesia;2017;PHC ambulatory expenditures in 2017 USD (millions);3610.76;6574.99;1311.21
IDN;11;Indonesia;2017;PHC ambulatory expenditures per capita in 2017 USD;14;25;5
IDN;11;Indonesia;2017;PHC expenditures in 2017 USD (millions);12526.94;17544.86;6345.32
IDN;11;Indonesia;2017;PHC expenditures per capita in 2017 USD;49;68;25
IND;163;India;2000;PHC ambulatory expenditures in 2017 USD (millions);7629.97;19076.28;180.61
IND;163;India;2000;PHC ambulatory expenditures per capita in 2017 USD;7;18;0
IND;163;India;2000;PHC expenditures in 2017 USD (millions);14365.3;24178.55;5525.99
IND;163;India;2000;PHC expenditures per capita in 2017 USD;14;23;5
IND;163;India;2001;PHC ambulatory expenditures in 2017 USD (millions);8061.1;20182.83;190.78
IND;163;India;2001;PHC ambulatory expenditures per capita in 2017 USD;8;19;0
IND;163;India;2001;PHC expenditures in 2017 USD (millions);15168.77;25534.51;5812.23
IND;163;India;2001;PHC expenditures per capita in 2017 USD;14;24;5
IND;163;India;2002;PHC ambulatory expenditures in 2017 USD (millions);8447.64;21170.08;199.91
IND;163;India;2002;PHC ambulatory expenditures per capita in 2017 USD;8;19;0
IND;163;India;2002;PHC expenditures in 2017 USD (millions);15889.05;26771.93;6082.83
IND;163;India;2002;PHC expenditures per capita in 2017 USD;15;25;6
IND;163;India;2003;PHC ambulatory expenditures in 2017 USD (millions);8893.23;22288.61;210.45
IND;163;India;2003;PHC ambulatory expenditures per capita in 2017 USD;8;20;0
IND;163;India;2003;PHC expenditures in 2017 USD (millions);16710.88;28185.69;6408.89
IND;163;India;2003;PHC expenditures per capita in 2017 USD;15;25;6
IND;163;India;2004;PHC ambulatory expenditures in 2017 USD (millions);9189.02;23036.59;217.39
IND;163;India;2004;PHC ambulatory expenditures per capita in 2017 USD;8;20;0
IND;163;India;2004;PHC expenditures in 2017 USD (millions);17262.11;29140.12;6630.91
IND;163;India;2004;PHC expenditures per capita in 2017 USD;15;26;6
IND;163;India;2005;PHC ambulatory expenditures in 2017 USD (millions);9650.21;24187.21;228.36
IND;163;India;2005;PHC ambulatory expenditures per capita in 2017 USD;8;21;0
IND;163;India;2005;PHC expenditures in 2017 USD (millions);18126.58;30589.35;6954.29
IND;163;India;2005;PHC expenditures per capita in 2017 USD;16;27;6
IND;163;India;2006;PHC ambulatory expenditures in 2017 USD (millions);10167.05;25480.2;240.67
IND;163;India;2006;PHC ambulatory expenditures per capita in 2017 USD;9;22;0
IND;163;India;2006;PHC expenditures in 2017 USD (millions);19111.37;32235.4;7321.48
IND;163;India;2006;PHC expenditures per capita in 2017 USD;16;28;6
IND;163;India;2007;PHC ambulatory expenditures in 2017 USD (millions);10791.02;27053.51;255.42
IND;163;India;2007;PHC ambulatory expenditures per capita in 2017 USD;9;23;0
IND;163;India;2007;PHC expenditures in 2017 USD (millions);20295.5;34225.26;7786.68
IND;163;India;2007;PHC expenditures per capita in 2017 USD;17;29;7
IND;163;India;2008;PHC ambulatory expenditures in 2017 USD (millions);11591.39;29063.26;274.47
IND;163;India;2008;PHC ambulatory expenditures per capita in 2017 USD;10;24;0
IND;163;India;2008;PHC expenditures in 2017 USD (millions);21809.29;36763.68;8361.3
IND;163;India;2008;PHC expenditures per capita in 2017 USD;18;30;7
IND;163;India;2009;PHC ambulatory expenditures in 2017 USD (millions);12297.84;30835.69;291.17
IND;163;India;2009;PHC ambulatory expenditures per capita in 2017 USD;10;25;0
IND;163;India;2009;PHC expenditures in 2017 USD (millions);23164.67;39017.33;8871.11
IND;163;India;2009;PHC expenditures per capita in 2017 USD;19;32;7
IND;163;India;2010;PHC ambulatory expenditures in 2017 USD (millions);13116.6;32882.8;310.64
IND;163;India;2010;PHC ambulatory expenditures per capita in 2017 USD;10;26;0
IND;163;India;2010;PHC expenditures in 2017 USD (millions);24744.07;41626.87;9488.63
IND;163;India;2010;PHC expenditures per capita in 2017 USD;20;33;8
IND;163;India;2011;PHC ambulatory expenditures in 2017 USD (millions);14130.54;35390.25;335.04
IND;163;India;2011;PHC ambulatory expenditures per capita in 2017 USD;11;28;0
IND;163;India;2011;PHC expenditures in 2017 USD (millions);26698.06;44909.91;10303.06
IND;163;India;2011;PHC expenditures per capita in 2017 USD;21;35;8
IND;163;India;2012;PHC ambulatory expenditures in 2017 USD (millions);15055.91;37646.78;357.27
IND;163;India;2012;PHC ambulatory expenditures per capita in 2017 USD;12;29;0
IND;163;India;2012;PHC expenditures in 2017 USD (millions);28473.76;47934.13;10979.71
IND;163;India;2012;PHC expenditures per capita in 2017 USD;22;37;9
IND;163;India;2013;PHC ambulatory expenditures in 2017 USD (millions);16384.75;40983.83;388.74
IND;163;India;2013;PHC ambulatory expenditures per capita in 2017 USD;13;31;0
IND;163;India;2013;PHC expenditures in 2017 USD (millions);30922.32;52116.01;11899.38
IND;163;India;2013;PHC expenditures per capita in 2017 USD;24;40;9
IND;163;India;2014;PHC ambulatory expenditures in 2017 USD (millions);17473.96;43757.66;414.87
IND;163;India;2014;PHC ambulatory expenditures per capita in 2017 USD;13;33;0
IND;163;India;2014;PHC expenditures in 2017 USD (millions);32942.41;55511.72;12650.88
IND;163;India;2014;PHC expenditures per capita in 2017 USD;25;42;10
IND;163;India;2015;PHC ambulatory expenditures in 2017 USD (millions);18981.54;47487.13;451.31
IND;163;India;2015;PHC ambulatory expenditures per capita in 2017 USD;14;35;0
IND;163;India;2015;PHC expenditures in 2017 USD (millions);35781.51;60216.93;13686.76
IND;163;India;2015;PHC expenditures per capita in 2017 USD;27;45;10
IND;163;India;2016;PHC ambulatory expenditures in 2017 USD (millions);20434.01;51049.46;486.63
IND;163;India;2016;PHC ambulatory expenditures per capita in 2017 USD;15;37;0
IND;163;India;2016;PHC expenditures in 2017 USD (millions);38541.22;64826.37;14807.95
IND;163;India;2016;PHC expenditures per capita in 2017 USD;28;48;11
IND;163;India;2017;PHC ambulatory expenditures in 2017 USD (millions);21971.19;54766.69;524.57
IND;163;India;2017;PHC ambulatory expenditures per capita in 2017 USD;16;40;0
IND;163;India;2017;PHC expenditures in 2017 USD (millions);41506.3;69781.41;16024.08
IND;163;India;2017;PHC expenditures per capita in 2017 USD;30;51;12
IRN;142;Iran;2000;PHC ambulatory expenditures in 2017 USD (millions);1967.96;2877.82;1115.76
IRN;142;Iran;2000;PHC ambulatory expenditures per capita in 2017 USD;29;43;17
IRN;142;Iran;2000;PHC expenditures in 2017 USD (millions);3650.14;4504.36;2861.15
IRN;142;Iran;2000;PHC expenditures per capita in 2017 USD;54;67;42
IRN;142;Iran;2001;PHC ambulatory expenditures in 2017 USD (millions);2082.99;3045.82;1181.14
IRN;142;Iran;2001;PHC ambulatory expenditures per capita in 2017 USD;30;44;17
IRN;142;Iran;2001;PHC expenditures in 2017 USD (millions);3863.73;4773.02;3028.59
IRN;142;Iran;2001;PHC expenditures per capita in 2017 USD;56;70;44
IRN;142;Iran;2002;PHC ambulatory expenditures in 2017 USD (millions);2414.73;3525.82;1369.2
IRN;142;Iran;2002;PHC ambulatory expenditures per capita in 2017 USD;35;51;20
IRN;142;Iran;2002;PHC expenditures in 2017 USD (millions);4477.05;5532.01;3509.19
IRN;142;Iran;2002;PHC expenditures per capita in 2017 USD;65;80;51
IRN;142;Iran;2003;PHC ambulatory expenditures in 2017 USD (millions);2625.48;3829.08;1486.74
IRN;142;Iran;2003;PHC ambulatory expenditures per capita in 2017 USD;37;54;21
IRN;142;Iran;2003;PHC expenditures in 2017 USD (millions);4869.9;6015.07;3821.84
IRN;142;Iran;2003;PHC expenditures per capita in 2017 USD;69;86;54
IRN;142;Iran;2004;PHC ambulatory expenditures in 2017 USD (millions);2696.68;3930.54;1524.75
IRN;142;Iran;2004;PHC ambulatory expenditures per capita in 2017 USD;38;55;21
IRN;142;Iran;2004;PHC expenditures in 2017 USD (millions);5009.5;6190.34;3931.88
IRN;142;Iran;2004;PHC expenditures per capita in 2017 USD;70;87;55
IRN;142;Iran;2005;PHC ambulatory expenditures in 2017 USD (millions);3030.23;4410.41;1712.04
IRN;142;Iran;2005;PHC ambulatory expenditures per capita in 2017 USD;42;61;24
IRN;142;Iran;2005;PHC expenditures in 2017 USD (millions);5634.49;6956.78;4425.91
IRN;142;Iran;2005;PHC expenditures per capita in 2017 USD;78;96;61
IRN;142;Iran;2006;PHC ambulatory expenditures in 2017 USD (millions);3287.44;4777.96;1857.52
IRN;142;Iran;2006;PHC ambulatory expenditures per capita in 2017 USD;45;65;25
IRN;142;Iran;2006;PHC expenditures in 2017 USD (millions);6116.73;7547.97;4808.39
IRN;142;Iran;2006;PHC expenditures per capita in 2017 USD;84;103;66
IRN;142;Iran;2007;PHC ambulatory expenditures in 2017 USD (millions);3335.06;4851.66;1886.96
IRN;142;Iran;2007;PHC ambulatory expenditures per capita in 2017 USD;45;66;26
IRN;142;Iran;2007;PHC expenditures in 2017 USD (millions);6199.23;7651.98;4873.86
IRN;142;Iran;2007;PHC expenditures per capita in 2017 USD;84;104;66
IRN;142;Iran;2008;PHC ambulatory expenditures in 2017 USD (millions);3759.83;5468.46;2128.17
IRN;142;Iran;2008;PHC ambulatory expenditures per capita in 2017 USD;50;73;28
IRN;142;Iran;2008;PHC expenditures in 2017 USD (millions);6981.71;8618.62;5487.83
IRN;142;Iran;2008;PHC expenditures per capita in 2017 USD;93;115;73
IRN;142;Iran;2009;PHC ambulatory expenditures in 2017 USD (millions);4074.31;5934.03;2307.05
IRN;142;Iran;2009;PHC ambulatory expenditures per capita in 2017 USD;54;78;30
IRN;142;Iran;2009;PHC expenditures in 2017 USD (millions);7556.22;9334.43;5933.41
IRN;142;Iran;2009;PHC expenditures per capita in 2017 USD;100;123;78
IRN;142;Iran;2010;PHC ambulatory expenditures in 2017 USD (millions);4374.51;6383.28;2477.88
IRN;142;Iran;2010;PHC ambulatory expenditures per capita in 2017 USD;57;83;32
IRN;142;Iran;2010;PHC expenditures in 2017 USD (millions);8102.66;10016.52;6358.31
IRN;142;Iran;2010;PHC expenditures per capita in 2017 USD;106;131;83
IRN;142;Iran;2011;PHC ambulatory expenditures in 2017 USD (millions);4667.44;6808.97;2641.08
IRN;142;Iran;2011;PHC ambulatory expenditures per capita in 2017 USD;60;88;34
IRN;142;Iran;2011;PHC expenditures in 2017 USD (millions);8649.36;10681.4;6791.13
IRN;142;Iran;2011;PHC expenditures per capita in 2017 USD;112;138;88
IRN;142;Iran;2012;PHC ambulatory expenditures in 2017 USD (millions);4120.32;5999.14;2326.69
IRN;142;Iran;2012;PHC ambulatory expenditures per capita in 2017 USD;53;77;30
IRN;142;Iran;2012;PHC expenditures in 2017 USD (millions);7668.98;9448.5;6032.32
IRN;142;Iran;2012;PHC expenditures per capita in 2017 USD;98;121;77
IRN;142;Iran;2013;PHC ambulatory expenditures in 2017 USD (millions);4220.28;6117.75;2376.59
IRN;142;Iran;2013;PHC ambulatory expenditures per capita in 2017 USD;53;77;30
IRN;142;Iran;2013;PHC expenditures in 2017 USD (millions);7881.73;9679.79;6216.76
IRN;142;Iran;2013;PHC expenditures per capita in 2017 USD;100;122;79
IRN;142;Iran;2014;PHC ambulatory expenditures in 2017 USD (millions);4646.73;6720.91;2614.9
IRN;142;Iran;2014;PHC ambulatory expenditures per capita in 2017 USD;58;84;33
IRN;142;Iran;2014;PHC expenditures in 2017 USD (millions);8704.76;10656.42;6879.58
IRN;142;Iran;2014;PHC expenditures per capita in 2017 USD;109;133;86
IRN;142;Iran;2015;PHC ambulatory expenditures in 2017 USD (millions);5226.47;7543.61;2946.03
IRN;142;Iran;2015;PHC ambulatory expenditures per capita in 2017 USD;65;93;36
IRN;142;Iran;2015;PHC expenditures in 2017 USD (millions);9811.49;12001.8;7753.71
IRN;142;Iran;2015;PHC expenditures per capita in 2017 USD;122;149;96
IRN;142;Iran;2016;PHC ambulatory expenditures in 2017 USD (millions);6140.88;8839.27;3462.16
IRN;142;Iran;2016;PHC ambulatory expenditures per capita in 2017 USD;75;109;42
IRN;142;Iran;2016;PHC expenditures in 2017 USD (millions);11520.96;14099.13;9102.31
IRN;142;Iran;2016;PHC expenditures per capita in 2017 USD;141;173;112
IRN;142;Iran;2017;PHC ambulatory expenditures in 2017 USD (millions);6500.36;9363.56;3663.87
IRN;142;Iran;2017;PHC ambulatory expenditures per capita in 2017 USD;79;114;45
IRN;142;Iran;2017;PHC expenditures in 2017 USD (millions);12210.78;14937.24;9647.26
IRN;142;Iran;2017;PHC expenditures per capita in 2017 USD;149;182;117
IRQ;143;Iraq;2000;PHC ambulatory expenditures in 2017 USD (millions);383.39;713.47;17.12
IRQ;143;Iraq;2000;PHC ambulatory expenditures per capita in 2017 USD;15;27;1
IRQ;143;Iraq;2000;PHC expenditures in 2017 USD (millions);991.39;1398.99;405.5
IRQ;143;Iraq;2000;PHC expenditures per capita in 2017 USD;38;53;15
IRQ;143;Iraq;2001;PHC ambulatory expenditures in 2017 USD (millions);418.16;778.19;18.84
IRQ;143;Iraq;2001;PHC ambulatory expenditures per capita in 2017 USD;15;28;1
IRQ;143;Iraq;2001;PHC expenditures in 2017 USD (millions);1084.49;1530.3;445.17
IRQ;143;Iraq;2001;PHC expenditures per capita in 2017 USD;40;56;16
IRQ;143;Iraq;2002;PHC ambulatory expenditures in 2017 USD (millions);430.47;799.52;19.59
IRQ;143;Iraq;2002;PHC ambulatory expenditures per capita in 2017 USD;15;28;1
IRQ;143;Iraq;2002;PHC expenditures in 2017 USD (millions);1120.35;1581.41;461.93
IRQ;143;Iraq;2002;PHC expenditures per capita in 2017 USD;40;56;16
IRQ;143;Iraq;2003;PHC ambulatory expenditures in 2017 USD (millions);348.86;644.27;16.07
IRQ;143;Iraq;2003;PHC ambulatory expenditures per capita in 2017 USD;12;22;1
IRQ;143;Iraq;2003;PHC expenditures in 2017 USD (millions);913.63;1289.4;380.64
IRQ;143;Iraq;2003;PHC expenditures per capita in 2017 USD;31;44;13
IRQ;143;Iraq;2004;PHC ambulatory expenditures in 2017 USD (millions);553.06;1021.21;25.57
IRQ;143;Iraq;2004;PHC ambulatory expenditures per capita in 2017 USD;18;34;1
IRQ;143;Iraq;2004;PHC expenditures in 2017 USD (millions);1442.76;2037.4;596.31
IRQ;143;Iraq;2004;PHC expenditures per capita in 2017 USD;48;68;20
IRQ;143;Iraq;2005;PHC ambulatory expenditures in 2017 USD (millions);541.61;1005.83;24.7
IRQ;143;Iraq;2005;PHC ambulatory expenditures per capita in 2017 USD;18;33;1
IRQ;143;Iraq;2005;PHC expenditures in 2017 USD (millions);1408.06;1987.49;580.51
IRQ;143;Iraq;2005;PHC expenditures per capita in 2017 USD;46;65;19
IRQ;143;Iraq;2006;PHC ambulatory expenditures in 2017 USD (millions);506.07;939.86;23.04
IRQ;143;Iraq;2006;PHC ambulatory expenditures per capita in 2017 USD;17;31;1
IRQ;143;Iraq;2006;PHC expenditures in 2017 USD (millions);1315.59;1855.95;540.07
IRQ;143;Iraq;2006;PHC expenditures per capita in 2017 USD;43;61;18
IRQ;143;Iraq;2007;PHC ambulatory expenditures in 2017 USD (millions);507.71;941.02;23.17
IRQ;143;Iraq;2007;PHC ambulatory expenditures per capita in 2017 USD;16;30;1
IRQ;143;Iraq;2007;PHC expenditures in 2017 USD (millions);1321.56;1863.66;540.32
IRQ;143;Iraq;2007;PHC expenditures per capita in 2017 USD;43;60;17
IRQ;143;Iraq;2008;PHC ambulatory expenditures in 2017 USD (millions);598.28;1104.42;27.48
IRQ;143;Iraq;2008;PHC ambulatory expenditures per capita in 2017 USD;19;34;1
IRQ;143;Iraq;2008;PHC expenditures in 2017 USD (millions);1558.77;2198.12;635.19
IRQ;143;Iraq;2008;PHC expenditures per capita in 2017 USD;48;68;20
IRQ;143;Iraq;2009;PHC ambulatory expenditures in 2017 USD (millions);663.56;1228.3;30.31
IRQ;143;Iraq;2009;PHC ambulatory expenditures per capita in 2017 USD;20;37;1
IRQ;143;Iraq;2009;PHC expenditures in 2017 USD (millions);1723.67;2431.26;702.35
IRQ;143;Iraq;2009;PHC expenditures per capita in 2017 USD;52;73;21
IRQ;143;Iraq;2010;PHC ambulatory expenditures in 2017 USD (millions);644.85;1199.34;29.11
IRQ;143;Iraq;2010;PHC ambulatory expenditures per capita in 2017 USD;19;35;1
IRQ;143;Iraq;2010;PHC expenditures in 2017 USD (millions);1669.62;2356.31;679.76
IRQ;143;Iraq;2010;PHC expenditures per capita in 2017 USD;49;69;20
IRQ;143;Iraq;2011;PHC ambulatory expenditures in 2017 USD (millions);637.67;1189.05;28.4
IRQ;143;Iraq;2011;PHC ambulatory expenditures per capita in 2017 USD;18;33;1
IRQ;143;Iraq;2011;PHC expenditures in 2017 USD (millions);1644.4;2324.3;667.87
IRQ;143;Iraq;2011;PHC expenditures per capita in 2017 USD;46;65;19
IRQ;143;Iraq;2012;PHC ambulatory expenditures in 2017 USD (millions);689.44;1284.99;30
IRQ;143;Iraq;2012;PHC ambulatory expenditures per capita in 2017 USD;18;34;1
IRQ;143;Iraq;2012;PHC expenditures in 2017 USD (millions);1765.29;2494.34;711.95
IRQ;143;Iraq;2012;PHC expenditures per capita in 2017 USD;47;66;19
IRQ;143;Iraq;2013;PHC ambulatory expenditures in 2017 USD (millions);816.63;1524.4;35.13
IRQ;143;Iraq;2013;PHC ambulatory expenditures per capita in 2017 USD;21;39;1
IRQ;143;Iraq;2013;PHC expenditures in 2017 USD (millions);2080.49;2945.94;838.52
IRQ;143;Iraq;2013;PHC expenditures per capita in 2017 USD;53;76;22
IRQ;143;Iraq;2014;PHC ambulatory expenditures in 2017 USD (millions);840.75;1572.38;35.79
IRQ;143;Iraq;2014;PHC ambulatory expenditures per capita in 2017 USD;21;39;1
IRQ;143;Iraq;2014;PHC expenditures in 2017 USD (millions);2136.05;3026.31;861.36
IRQ;143;Iraq;2014;PHC expenditures per capita in 2017 USD;53;75;21
IRQ;143;Iraq;2015;PHC ambulatory expenditures in 2017 USD (millions);920.5;1722.88;38.82
IRQ;143;Iraq;2015;PHC ambulatory expenditures per capita in 2017 USD;22;42;1
IRQ;143;Iraq;2015;PHC expenditures in 2017 USD (millions);2330.28;3305.46;936.47
IRQ;143;Iraq;2015;PHC expenditures per capita in 2017 USD;57;80;23
IRQ;143;Iraq;2016;PHC ambulatory expenditures in 2017 USD (millions);1066.76;1996.57;44.95
IRQ;143;Iraq;2016;PHC ambulatory expenditures per capita in 2017 USD;25;47;1
IRQ;143;Iraq;2016;PHC expenditures in 2017 USD (millions);2697.45;3825.81;1080.12
IRQ;143;Iraq;2016;PHC expenditures per capita in 2017 USD;64;91;26
IRQ;143;Iraq;2017;PHC ambulatory expenditures in 2017 USD (millions);1142.74;2136.4;48.72
IRQ;143;Iraq;2017;PHC ambulatory expenditures per capita in 2017 USD;26;49;1
IRQ;143;Iraq;2017;PHC expenditures in 2017 USD (millions);2902.05;4109.23;1164.47
IRQ;143;Iraq;2017;PHC expenditures per capita in 2017 USD;67;95;27
JAM;115;Jamaica;2000;PHC ambulatory expenditures in 2017 USD (millions);119.5;162.57;67.5
JAM;115;Jamaica;2000;PHC ambulatory expenditures per capita in 2017 USD;45;62;26
JAM;115;Jamaica;2000;PHC expenditures in 2017 USD (millions);274.99;337.65;207.75
JAM;115;Jamaica;2000;PHC expenditures per capita in 2017 USD;104;128;79
JAM;115;Jamaica;2001;PHC ambulatory expenditures in 2017 USD (millions);124.33;169.06;70.65
JAM;115;Jamaica;2001;PHC ambulatory expenditures per capita in 2017 USD;47;63;27
JAM;115;Jamaica;2001;PHC expenditures in 2017 USD (millions);285.11;350.53;214.9
JAM;115;Jamaica;2001;PHC expenditures per capita in 2017 USD;107;132;81
JAM;115;Jamaica;2002;PHC ambulatory expenditures in 2017 USD (millions);116.42;158.47;65.16
JAM;115;Jamaica;2002;PHC ambulatory expenditures per capita in 2017 USD;43;59;24
JAM;115;Jamaica;2002;PHC expenditures in 2017 USD (millions);267.67;328.42;202.12
JAM;115;Jamaica;2002;PHC expenditures per capita in 2017 USD;100;122;75
JAM;115;Jamaica;2003;PHC ambulatory expenditures in 2017 USD (millions);118.64;161.54;66.09
JAM;115;Jamaica;2003;PHC ambulatory expenditures per capita in 2017 USD;44;60;24
JAM;115;Jamaica;2003;PHC expenditures in 2017 USD (millions);272.62;334.37;205.97
JAM;115;Jamaica;2003;PHC expenditures per capita in 2017 USD;101;124;76
JAM;115;Jamaica;2004;PHC ambulatory expenditures in 2017 USD (millions);119.71;163.09;66.19
JAM;115;Jamaica;2004;PHC ambulatory expenditures per capita in 2017 USD;44;60;24
JAM;115;Jamaica;2004;PHC expenditures in 2017 USD (millions);275.24;337.32;207.73
JAM;115;Jamaica;2004;PHC expenditures per capita in 2017 USD;101;124;77
JAM;115;Jamaica;2005;PHC ambulatory expenditures in 2017 USD (millions);113.5;154.62;62.75
JAM;115;Jamaica;2005;PHC ambulatory expenditures per capita in 2017 USD;42;57;23
JAM;115;Jamaica;2005;PHC expenditures in 2017 USD (millions);261.17;320.15;196.89
JAM;115;Jamaica;2005;PHC expenditures per capita in 2017 USD;96;117;72
JAM;115;Jamaica;2006;PHC ambulatory expenditures in 2017 USD (millions);119.99;163.47;66.38
JAM;115;Jamaica;2006;PHC ambulatory expenditures per capita in 2017 USD;44;60;24
JAM;115;Jamaica;2006;PHC expenditures in 2017 USD (millions);275.52;337.98;207.3
JAM;115;Jamaica;2006;PHC expenditures per capita in 2017 USD;101;123;76
JAM;115;Jamaica;2007;PHC ambulatory expenditures in 2017 USD (millions);124.86;170.09;69.16
JAM;115;Jamaica;2007;PHC ambulatory expenditures per capita in 2017 USD;45;62;25
JAM;115;Jamaica;2007;PHC expenditures in 2017 USD (millions);286.25;351.34;215.22
JAM;115;Jamaica;2007;PHC expenditures per capita in 2017 USD;104;128;78
JAM;115;Jamaica;2008;PHC ambulatory expenditures in 2017 USD (millions);129.5;176.44;71.45
JAM;115;Jamaica;2008;PHC ambulatory expenditures per capita in 2017 USD;47;64;26
JAM;115;Jamaica;2008;PHC expenditures in 2017 USD (millions);296.5;363.94;222.92
JAM;115;Jamaica;2008;PHC expenditures per capita in 2017 USD;108;132;81
JAM;115;Jamaica;2009;PHC ambulatory expenditures in 2017 USD (millions);131.58;179.34;71.91
JAM;115;Jamaica;2009;PHC ambulatory expenditures per capita in 2017 USD;48;65;26
JAM;115;Jamaica;2009;PHC expenditures in 2017 USD (millions);301.15;369.57;226.28
JAM;115;Jamaica;2009;PHC expenditures per capita in 2017 USD;109;134;82
JAM;115;Jamaica;2010;PHC ambulatory expenditures in 2017 USD (millions);126.82;172.74;69.49
JAM;115;Jamaica;2010;PHC ambulatory expenditures per capita in 2017 USD;46;62;25
JAM;115;Jamaica;2010;PHC expenditures in 2017 USD (millions);289.93;356.34;217.91
JAM;115;Jamaica;2010;PHC expenditures per capita in 2017 USD;105;129;79
JAM;115;Jamaica;2011;PHC ambulatory expenditures in 2017 USD (millions);125.19;170.53;68.38
JAM;115;Jamaica;2011;PHC ambulatory expenditures per capita in 2017 USD;45;62;25
JAM;115;Jamaica;2011;PHC expenditures in 2017 USD (millions);285.99;351.53;215.03
JAM;115;Jamaica;2011;PHC expenditures per capita in 2017 USD;103;127;78
JAM;115;Jamaica;2012;PHC ambulatory expenditures in 2017 USD (millions);123.07;167.64;67.21
JAM;115;Jamaica;2012;PHC ambulatory expenditures per capita in 2017 USD;44;60;24
JAM;115;Jamaica;2012;PHC expenditures in 2017 USD (millions);281;345.29;211.4
JAM;115;Jamaica;2012;PHC expenditures per capita in 2017 USD;101;124;76
JAM;115;Jamaica;2013;PHC ambulatory expenditures in 2017 USD (millions);125.22;170.57;68.44
JAM;115;Jamaica;2013;PHC ambulatory expenditures per capita in 2017 USD;45;61;25
JAM;115;Jamaica;2013;PHC expenditures in 2017 USD (millions);285.69;350.88;215.05
JAM;115;Jamaica;2013;PHC expenditures per capita in 2017 USD;103;126;77
JAM;115;Jamaica;2014;PHC ambulatory expenditures in 2017 USD (millions);128.73;175.42;70
JAM;115;Jamaica;2014;PHC ambulatory expenditures per capita in 2017 USD;46;63;25
JAM;115;Jamaica;2014;PHC expenditures in 2017 USD (millions);293.65;360.6;221.01
JAM;115;Jamaica;2014;PHC expenditures per capita in 2017 USD;106;130;80
JAM;115;Jamaica;2015;PHC ambulatory expenditures in 2017 USD (millions);136.88;186.63;73.65
JAM;115;Jamaica;2015;PHC ambulatory expenditures per capita in 2017 USD;49;67;27
JAM;115;Jamaica;2015;PHC expenditures in 2017 USD (millions);312.39;383.57;234.94
JAM;115;Jamaica;2015;PHC expenditures per capita in 2017 USD;112;138;85
JAM;115;Jamaica;2016;PHC ambulatory expenditures in 2017 USD (millions);145.25;198.17;77.14
JAM;115;Jamaica;2016;PHC ambulatory expenditures per capita in 2017 USD;52;71;28
JAM;115;Jamaica;2016;PHC expenditures in 2017 USD (millions);331.7;407.45;249.5
JAM;115;Jamaica;2016;PHC expenditures per capita in 2017 USD;119;147;90
JAM;115;Jamaica;2017;PHC ambulatory expenditures in 2017 USD (millions);151.97;207.48;79.81
JAM;115;Jamaica;2017;PHC ambulatory expenditures per capita in 2017 USD;55;75;29
JAM;115;Jamaica;2017;PHC expenditures in 2017 USD (millions);347.35;426.73;261.43
JAM;115;Jamaica;2017;PHC expenditures per capita in 2017 USD;125;154;94
JOR;144;Jordan;2000;PHC ambulatory expenditures in 2017 USD (millions);201.22;344.62;44.75
JOR;144;Jordan;2000;PHC ambulatory expenditures per capita in 2017 USD;41;71;9
JOR;144;Jordan;2000;PHC expenditures in 2017 USD (millions);474.14;776.55;233.43
JOR;144;Jordan;2000;PHC expenditures per capita in 2017 USD;98;160;48
JOR;144;Jordan;2001;PHC ambulatory expenditures in 2017 USD (millions);213.43;365.61;47.45
JOR;144;Jordan;2001;PHC ambulatory expenditures per capita in 2017 USD;43;74;10
JOR;144;Jordan;2001;PHC expenditures in 2017 USD (millions);502.97;822.56;249.22
JOR;144;Jordan;2001;PHC expenditures per capita in 2017 USD;102;166;50
JOR;144;Jordan;2002;PHC ambulatory expenditures in 2017 USD (millions);226.92;388.7;50.48
JOR;144;Jordan;2002;PHC ambulatory expenditures per capita in 2017 USD;45;77;10
JOR;144;Jordan;2002;PHC expenditures in 2017 USD (millions);535;873.53;266.3
JOR;144;Jordan;2002;PHC expenditures per capita in 2017 USD;106;172;53
JOR;144;Jordan;2003;PHC ambulatory expenditures in 2017 USD (millions);234.72;401.99;52.23
JOR;144;Jordan;2003;PHC ambulatory expenditures per capita in 2017 USD;45;77;10
JOR;144;Jordan;2003;PHC expenditures in 2017 USD (millions);554.18;903.21;276.18
JOR;144;Jordan;2003;PHC expenditures per capita in 2017 USD;106;173;53
JOR;144;Jordan;2004;PHC ambulatory expenditures in 2017 USD (millions);239.47;410.15;53.3
JOR;144;Jordan;2004;PHC ambulatory expenditures per capita in 2017 USD;45;76;10
JOR;144;Jordan;2004;PHC expenditures in 2017 USD (millions);566.6;922.11;282.32
JOR;144;Jordan;2004;PHC expenditures per capita in 2017 USD;105;172;53
JOR;144;Jordan;2005;PHC ambulatory expenditures in 2017 USD (millions);259.96;444.77;57.94
JOR;144;Jordan;2005;PHC ambulatory expenditures per capita in 2017 USD;45;76;10
JOR;144;Jordan;2005;PHC expenditures in 2017 USD (millions);617.15;1002.74;308.62
JOR;144;Jordan;2005;PHC expenditures per capita in 2017 USD;106;172;53
JOR;144;Jordan;2006;PHC ambulatory expenditures in 2017 USD (millions);264.03;450.9;58.96
JOR;144;Jordan;2006;PHC ambulatory expenditures per capita in 2017 USD;42;71;9
JOR;144;Jordan;2006;PHC expenditures in 2017 USD (millions);630.59;1022.21;318.49
JOR;144;Jordan;2006;PHC expenditures per capita in 2017 USD;100;162;50
JOR;144;Jordan;2007;PHC ambulatory expenditures in 2017 USD (millions);289.33;494.21;64.8
JOR;144;Jordan;2007;PHC ambulatory expenditures per capita in 2017 USD;44;75;10
JOR;144;Jordan;2007;PHC expenditures in 2017 USD (millions);690.6;1120.4;349.44
JOR;144;Jordan;2007;PHC expenditures per capita in 2017 USD;105;170;53
JOR;144;Jordan;2008;PHC ambulatory expenditures in 2017 USD (millions);314.21;537.11;70.55
JOR;144;Jordan;2008;PHC ambulatory expenditures per capita in 2017 USD;46;78;10
JOR;144;Jordan;2008;PHC expenditures in 2017 USD (millions);749.35;1218.17;377.58
JOR;144;Jordan;2008;PHC expenditures per capita in 2017 USD;109;177;55
JOR;144;Jordan;2009;PHC ambulatory expenditures in 2017 USD (millions);340.25;581.93;76.17
JOR;144;Jordan;2009;PHC ambulatory expenditures per capita in 2017 USD;47;81;11
JOR;144;Jordan;2009;PHC expenditures in 2017 USD (millions);810.47;1315.17;405.87
JOR;144;Jordan;2009;PHC expenditures per capita in 2017 USD;113;183;57
JOR;144;Jordan;2010;PHC ambulatory expenditures in 2017 USD (millions);321.04;549.24;71.65
JOR;144;Jordan;2010;PHC ambulatory expenditures per capita in 2017 USD;43;73;10
JOR;144;Jordan;2010;PHC expenditures in 2017 USD (millions);767.89;1242.19;385.32
JOR;144;Jordan;2010;PHC expenditures per capita in 2017 USD;102;165;51
JOR;144;Jordan;2011;PHC ambulatory expenditures in 2017 USD (millions);337.43;577.32;75.22
JOR;144;Jordan;2011;PHC ambulatory expenditures per capita in 2017 USD;43;74;10
JOR;144;Jordan;2011;PHC expenditures in 2017 USD (millions);805.34;1306.35;403.44
JOR;144;Jordan;2011;PHC expenditures per capita in 2017 USD;103;167;52
JOR;144;Jordan;2012;PHC ambulatory expenditures in 2017 USD (millions);341.62;584.29;76.22
JOR;144;Jordan;2012;PHC ambulatory expenditures per capita in 2017 USD;41;70;9
JOR;144;Jordan;2012;PHC expenditures in 2017 USD (millions);815.8;1322.66;409.38
JOR;144;Jordan;2012;PHC expenditures per capita in 2017 USD;98;159;49
JOR;144;Jordan;2013;PHC ambulatory expenditures in 2017 USD (millions);323.78;553.62;72.29
JOR;144;Jordan;2013;PHC ambulatory expenditures per capita in 2017 USD;36;62;8
JOR;144;Jordan;2013;PHC expenditures in 2017 USD (millions);777.55;1257.81;394.09
JOR;144;Jordan;2013;PHC expenditures per capita in 2017 USD;87;141;44
JOR;144;Jordan;2014;PHC ambulatory expenditures in 2017 USD (millions);337.52;577.13;75.27
JOR;144;Jordan;2014;PHC ambulatory expenditures per capita in 2017 USD;36;62;8
JOR;144;Jordan;2014;PHC expenditures in 2017 USD (millions);810.82;1312.39;412.27
JOR;144;Jordan;2014;PHC expenditures per capita in 2017 USD;87;141;44
JOR;144;Jordan;2015;PHC ambulatory expenditures in 2017 USD (millions);331.23;566.35;73.86
JOR;144;Jordan;2015;PHC ambulatory expenditures per capita in 2017 USD;34;58;8
JOR;144;Jordan;2015;PHC expenditures in 2017 USD (millions);798.04;1289.2;407.17
JOR;144;Jordan;2015;PHC expenditures per capita in 2017 USD;82;132;42
JOR;144;Jordan;2016;PHC ambulatory expenditures in 2017 USD (millions);323.62;553.44;72.13
JOR;144;Jordan;2016;PHC ambulatory expenditures per capita in 2017 USD;32;54;7
JOR;144;Jordan;2016;PHC expenditures in 2017 USD (millions);782.9;1259.81;403.55
JOR;144;Jordan;2016;PHC expenditures per capita in 2017 USD;77;123;40
JOR;144;Jordan;2017;PHC ambulatory expenditures in 2017 USD (millions);349.61;598.08;77.72
JOR;144;Jordan;2017;PHC ambulatory expenditures per capita in 2017 USD;33;56;7
JOR;144;Jordan;2017;PHC expenditures in 2017 USD (millions);844.83;1363.17;432.07
JOR;144;Jordan;2017;PHC expenditures per capita in 2017 USD;79;128;41
KAZ;36;Kazakhstan;2000;PHC ambulatory expenditures in 2017 USD (millions);514.27;750.1;270.06
KAZ;36;Kazakhstan;2000;PHC ambulatory expenditures per capita in 2017 USD;33;49;18
KAZ;36;Kazakhstan;2000;PHC expenditures in 2017 USD (millions);802.3;1032.54;593.64
KAZ;36;Kazakhstan;2000;PHC expenditures per capita in 2017 USD;52;67;39
KAZ;36;Kazakhstan;2001;PHC ambulatory expenditures in 2017 USD (millions);535.41;780.73;281.32
KAZ;36;Kazakhstan;2001;PHC ambulatory expenditures per capita in 2017 USD;35;51;18
KAZ;36;Kazakhstan;2001;PHC expenditures in 2017 USD (millions);835.63;1075.24;618.11
KAZ;36;Kazakhstan;2001;PHC expenditures per capita in 2017 USD;55;70;40
KAZ;36;Kazakhstan;2002;PHC ambulatory expenditures in 2017 USD (millions);544.75;793.22;286.41
KAZ;36;Kazakhstan;2002;PHC ambulatory expenditures per capita in 2017 USD;36;52;19
KAZ;36;Kazakhstan;2002;PHC expenditures in 2017 USD (millions);850.81;1093.13;629.26
KAZ;36;Kazakhstan;2002;PHC expenditures per capita in 2017 USD;56;72;41
KAZ;36;Kazakhstan;2003;PHC ambulatory expenditures in 2017 USD (millions);607.51;882.71;319.82
KAZ;36;Kazakhstan;2003;PHC ambulatory expenditures per capita in 2017 USD;40;58;21
KAZ;36;Kazakhstan;2003;PHC expenditures in 2017 USD (millions);950.01;1216.86;702.65
KAZ;36;Kazakhstan;2003;PHC expenditures per capita in 2017 USD;62;80;46
KAZ;36;Kazakhstan;2004;PHC ambulatory expenditures in 2017 USD (millions);659.66;956.15;347.86
KAZ;36;Kazakhstan;2004;PHC ambulatory expenditures per capita in 2017 USD;43;62;23
KAZ;36;Kazakhstan;2004;PHC expenditures in 2017 USD (millions);1033.44;1320.61;764.63
KAZ;36;Kazakhstan;2004;PHC expenditures per capita in 2017 USD;67;86;50
KAZ;36;Kazakhstan;2005;PHC ambulatory expenditures in 2017 USD (millions);711.66;1029.08;375.82
KAZ;36;Kazakhstan;2005;PHC ambulatory expenditures per capita in 2017 USD;46;67;24
KAZ;36;Kazakhstan;2005;PHC expenditures in 2017 USD (millions);1117.17;1427.06;829.09
KAZ;36;Kazakhstan;2005;PHC expenditures per capita in 2017 USD;73;93;54
KAZ;36;Kazakhstan;2006;PHC ambulatory expenditures in 2017 USD (millions);696.59;1004.75;368.07
KAZ;36;Kazakhstan;2006;PHC ambulatory expenditures per capita in 2017 USD;45;65;24
KAZ;36;Kazakhstan;2006;PHC expenditures in 2017 USD (millions);1096.12;1400.42;816.67
KAZ;36;Kazakhstan;2006;PHC expenditures per capita in 2017 USD;71;90;53
KAZ;36;Kazakhstan;2007;PHC ambulatory expenditures in 2017 USD (millions);753.72;1083.87;398.56
KAZ;36;Kazakhstan;2007;PHC ambulatory expenditures per capita in 2017 USD;48;69;26
KAZ;36;Kazakhstan;2007;PHC expenditures in 2017 USD (millions);1188.9;1518.39;889.85
KAZ;36;Kazakhstan;2007;PHC expenditures per capita in 2017 USD;76;97;57
KAZ;36;Kazakhstan;2008;PHC ambulatory expenditures in 2017 USD (millions);831.93;1192.72;440.24
KAZ;36;Kazakhstan;2008;PHC ambulatory expenditures per capita in 2017 USD;53;75;28
KAZ;36;Kazakhstan;2008;PHC expenditures in 2017 USD (millions);1315.22;1679.45;988.56
KAZ;36;Kazakhstan;2008;PHC expenditures per capita in 2017 USD;83;106;63
KAZ;36;Kazakhstan;2009;PHC ambulatory expenditures in 2017 USD (millions);774.25;1107.73;409.81
KAZ;36;Kazakhstan;2009;PHC ambulatory expenditures per capita in 2017 USD;48;69;26
KAZ;36;Kazakhstan;2009;PHC expenditures in 2017 USD (millions);1226.16;1563.93;924.32
KAZ;36;Kazakhstan;2009;PHC expenditures per capita in 2017 USD;77;98;58
KAZ;36;Kazakhstan;2010;PHC ambulatory expenditures in 2017 USD (millions);779.08;1112.96;412.39
KAZ;36;Kazakhstan;2010;PHC ambulatory expenditures per capita in 2017 USD;48;69;25
KAZ;36;Kazakhstan;2010;PHC expenditures in 2017 USD (millions);1234.93;1574.45;931.92
KAZ;36;Kazakhstan;2010;PHC expenditures per capita in 2017 USD;76;97;58
KAZ;36;Kazakhstan;2011;PHC ambulatory expenditures in 2017 USD (millions);814.13;1161.22;430.98
KAZ;36;Kazakhstan;2011;PHC ambulatory expenditures per capita in 2017 USD;50;71;26
KAZ;36;Kazakhstan;2011;PHC expenditures in 2017 USD (millions);1292.04;1645.88;976.77
KAZ;36;Kazakhstan;2011;PHC expenditures per capita in 2017 USD;79;100;59
KAZ;36;Kazakhstan;2012;PHC ambulatory expenditures in 2017 USD (millions);877.87;1248.55;465.05
KAZ;36;Kazakhstan;2012;PHC ambulatory expenditures per capita in 2017 USD;53;75;28
KAZ;36;Kazakhstan;2012;PHC expenditures in 2017 USD (millions);1395.5;1776.06;1057.96
KAZ;36;Kazakhstan;2012;PHC expenditures per capita in 2017 USD;84;107;63
KAZ;36;Kazakhstan;2013;PHC ambulatory expenditures in 2017 USD (millions);880.49;1248.79;468.96
KAZ;36;Kazakhstan;2013;PHC ambulatory expenditures per capita in 2017 USD;52;74;28
KAZ;36;Kazakhstan;2013;PHC expenditures in 2017 USD (millions);1402.84;1782.64;1065.29
KAZ;36;Kazakhstan;2013;PHC expenditures per capita in 2017 USD;83;105;63
KAZ;36;Kazakhstan;2014;PHC ambulatory expenditures in 2017 USD (millions);940.21;1328.98;503.49
KAZ;36;Kazakhstan;2014;PHC ambulatory expenditures per capita in 2017 USD;55;77;29
KAZ;36;Kazakhstan;2014;PHC expenditures in 2017 USD (millions);1501.08;1901.7;1141.3
KAZ;36;Kazakhstan;2014;PHC expenditures per capita in 2017 USD;87;111;67
KAZ;36;Kazakhstan;2015;PHC ambulatory expenditures in 2017 USD (millions);1012.21;1427.37;542.66
KAZ;36;Kazakhstan;2015;PHC ambulatory expenditures per capita in 2017 USD;58;82;31
KAZ;36;Kazakhstan;2015;PHC expenditures in 2017 USD (millions);1618.55;2047.88;1231.94
KAZ;36;Kazakhstan;2015;PHC expenditures per capita in 2017 USD;93;118;71
KAZ;36;Kazakhstan;2016;PHC ambulatory expenditures in 2017 USD (millions);1038.83;1462.26;557.24
KAZ;36;Kazakhstan;2016;PHC ambulatory expenditures per capita in 2017 USD;59;83;32
KAZ;36;Kazakhstan;2016;PHC expenditures in 2017 USD (millions);1663.05;2103.48;1266.68
KAZ;36;Kazakhstan;2016;PHC expenditures per capita in 2017 USD;94;119;72
KAZ;36;Kazakhstan;2017;PHC ambulatory expenditures in 2017 USD (millions);1140.33;1602.23;612.31
KAZ;36;Kazakhstan;2017;PHC ambulatory expenditures per capita in 2017 USD;64;89;34
KAZ;36;Kazakhstan;2017;PHC expenditures in 2017 USD (millions);1827.12;2308.47;1392.29
KAZ;36;Kazakhstan;2017;PHC expenditures per capita in 2017 USD;102;129;78
KEN;180;Kenya;2000;PHC ambulatory expenditures in 2017 USD (millions);198.02;504.31;4.68
KEN;180;Kenya;2000;PHC ambulatory expenditures per capita in 2017 USD;6;16;0
KEN;180;Kenya;2000;PHC expenditures in 2017 USD (millions);820.54;1196;456.69
KEN;180;Kenya;2000;PHC expenditures per capita in 2017 USD;27;39;15
KEN;180;Kenya;2001;PHC ambulatory expenditures in 2017 USD (millions);208.8;530.55;4.96
KEN;180;Kenya;2001;PHC ambulatory expenditures per capita in 2017 USD;7;17;0
KEN;180;Kenya;2001;PHC expenditures in 2017 USD (millions);866.16;1261.02;483.7
KEN;180;Kenya;2001;PHC expenditures per capita in 2017 USD;27;40;15
KEN;180;Kenya;2002;PHC ambulatory expenditures in 2017 USD (millions);215.79;546.47;5.15
KEN;180;Kenya;2002;PHC ambulatory expenditures per capita in 2017 USD;7;17;0
KEN;180;Kenya;2002;PHC expenditures in 2017 USD (millions);896.11;1303.08;501.93
KEN;180;Kenya;2002;PHC expenditures per capita in 2017 USD;27;40;15
KEN;180;Kenya;2003;PHC ambulatory expenditures in 2017 USD (millions);227.27;575.33;5.41
KEN;180;Kenya;2003;PHC ambulatory expenditures per capita in 2017 USD;7;17;0
KEN;180;Kenya;2003;PHC expenditures in 2017 USD (millions);942.94;1371.85;528.22
KEN;180;Kenya;2003;PHC expenditures per capita in 2017 USD;28;41;16
KEN;180;Kenya;2004;PHC ambulatory expenditures in 2017 USD (millions);236.32;598.52;5.61
KEN;180;Kenya;2004;PHC ambulatory expenditures per capita in 2017 USD;7;17;0
KEN;180;Kenya;2004;PHC expenditures in 2017 USD (millions);979.94;1428.27;548.53
KEN;180;Kenya;2004;PHC expenditures per capita in 2017 USD;28;41;16
KEN;180;Kenya;2005;PHC ambulatory expenditures in 2017 USD (millions);251.21;636.33;5.96
KEN;180;Kenya;2005;PHC ambulatory expenditures per capita in 2017 USD;7;18;0
KEN;180;Kenya;2005;PHC expenditures in 2017 USD (millions);1040.54;1517.47;581.15
KEN;180;Kenya;2005;PHC expenditures per capita in 2017 USD;29;43;16
KEN;180;Kenya;2006;PHC ambulatory expenditures in 2017 USD (millions);275.96;703.7;6.48
KEN;180;Kenya;2006;PHC ambulatory expenditures per capita in 2017 USD;8;19;0
KEN;180;Kenya;2006;PHC expenditures in 2017 USD (millions);1138.43;1667.41;632.18
KEN;180;Kenya;2006;PHC expenditures per capita in 2017 USD;31;46;17
KEN;180;Kenya;2007;PHC ambulatory expenditures in 2017 USD (millions);291.44;746.55;6.79
KEN;180;Kenya;2007;PHC ambulatory expenditures per capita in 2017 USD;8;20;0
KEN;180;Kenya;2007;PHC expenditures in 2017 USD (millions);1198.97;1760.31;664.22
KEN;180;Kenya;2007;PHC expenditures per capita in 2017 USD;32;47;18
KEN;180;Kenya;2008;PHC ambulatory expenditures in 2017 USD (millions);315;811.17;7.26
KEN;180;Kenya;2008;PHC ambulatory expenditures per capita in 2017 USD;8;21;0
KEN;180;Kenya;2008;PHC expenditures in 2017 USD (millions);1291.36;1900.11;712.11
KEN;180;Kenya;2008;PHC expenditures per capita in 2017 USD;33;49;18
KEN;180;Kenya;2009;PHC ambulatory expenditures in 2017 USD (millions);332.99;860.57;7.61
KEN;180;Kenya;2009;PHC ambulatory expenditures per capita in 2017 USD;8;22;0
KEN;180;Kenya;2009;PHC expenditures in 2017 USD (millions);1362.16;2006.49;747.29
KEN;180;Kenya;2009;PHC expenditures per capita in 2017 USD;34;51;19
KEN;180;Kenya;2010;PHC ambulatory expenditures in 2017 USD (millions);361.58;935.08;8.25
KEN;180;Kenya;2010;PHC ambulatory expenditures per capita in 2017 USD;9;23;0
KEN;180;Kenya;2010;PHC expenditures in 2017 USD (millions);1477.5;2175.69;806.4
KEN;180;Kenya;2010;PHC expenditures per capita in 2017 USD;36;53;20
KEN;180;Kenya;2011;PHC ambulatory expenditures in 2017 USD (millions);376.92;974.21;8.6
KEN;180;Kenya;2011;PHC ambulatory expenditures per capita in 2017 USD;9;23;0
KEN;180;Kenya;2011;PHC expenditures in 2017 USD (millions);1540.63;2267.45;838.43
KEN;180;Kenya;2011;PHC expenditures per capita in 2017 USD;37;54;20
KEN;180;Kenya;2012;PHC ambulatory expenditures in 2017 USD (millions);402.61;1040.85;9.18
KEN;180;Kenya;2012;PHC ambulatory expenditures per capita in 2017 USD;9;24;0
KEN;180;Kenya;2012;PHC expenditures in 2017 USD (millions);1643.93;2419.92;897.47
KEN;180;Kenya;2012;PHC expenditures per capita in 2017 USD;38;57;21
KEN;180;Kenya;2013;PHC ambulatory expenditures in 2017 USD (millions);438.74;1135.91;9.99
KEN;180;Kenya;2013;PHC ambulatory expenditures per capita in 2017 USD;10;26;0
KEN;180;Kenya;2013;PHC expenditures in 2017 USD (millions);1787.87;2633.86;975.91
KEN;180;Kenya;2013;PHC expenditures per capita in 2017 USD;41;60;22
KEN;180;Kenya;2014;PHC ambulatory expenditures in 2017 USD (millions);454.68;1175.11;10.4
KEN;180;Kenya;2014;PHC ambulatory expenditures per capita in 2017 USD;10;26;0
KEN;180;Kenya;2014;PHC expenditures in 2017 USD (millions);1852.56;2733.17;1010.85
KEN;180;Kenya;2014;PHC expenditures per capita in 2017 USD;41;61;22
KEN;180;Kenya;2015;PHC ambulatory expenditures in 2017 USD (millions);460.03;1186.78;10.6
KEN;180;Kenya;2015;PHC ambulatory expenditures per capita in 2017 USD;10;26;0
KEN;180;Kenya;2015;PHC expenditures in 2017 USD (millions);1877.04;2769.4;1022.22
KEN;180;Kenya;2015;PHC expenditures per capita in 2017 USD;41;60;22
KEN;180;Kenya;2016;PHC ambulatory expenditures in 2017 USD (millions);484.25;1244.5;11.29
KEN;180;Kenya;2016;PHC ambulatory expenditures per capita in 2017 USD;10;26;0
KEN;180;Kenya;2016;PHC expenditures in 2017 USD (millions);1979.23;2915.73;1083
KEN;180;Kenya;2016;PHC expenditures per capita in 2017 USD;42;62;23
KEN;180;Kenya;2017;PHC ambulatory expenditures in 2017 USD (millions);500.04;1279.23;11.8
KEN;180;Kenya;2017;PHC ambulatory expenditures per capita in 2017 USD;10;26;0
KEN;180;Kenya;2017;PHC expenditures in 2017 USD (millions);2048.89;3011.79;1127.61
KEN;180;Kenya;2017;PHC expenditures per capita in 2017 USD;42;62;23
KGZ;37;Kyrgyzstan;2000;PHC ambulatory expenditures in 2017 USD (millions);32.5;45.62;17.86
KGZ;37;Kyrgyzstan;2000;PHC ambulatory expenditures per capita in 2017 USD;6;9;4
KGZ;37;Kyrgyzstan;2000;PHC expenditures in 2017 USD (millions);76.75;107.01;51.93
KGZ;37;Kyrgyzstan;2000;PHC expenditures per capita in 2017 USD;15;21;10
KGZ;37;Kyrgyzstan;2001;PHC ambulatory expenditures in 2017 USD (millions);30.82;43.26;16.87
KGZ;37;Kyrgyzstan;2001;PHC ambulatory expenditures per capita in 2017 USD;6;9;3
KGZ;37;Kyrgyzstan;2001;PHC expenditures in 2017 USD (millions);72.86;101.45;49.38
KGZ;37;Kyrgyzstan;2001;PHC expenditures per capita in 2017 USD;14;20;10
KGZ;37;Kyrgyzstan;2002;PHC ambulatory expenditures in 2017 USD (millions);34.23;48.08;18.68
KGZ;37;Kyrgyzstan;2002;PHC ambulatory expenditures per capita in 2017 USD;7;9;4
KGZ;37;Kyrgyzstan;2002;PHC expenditures in 2017 USD (millions);81;112.7;54.89
KGZ;37;Kyrgyzstan;2002;PHC expenditures per capita in 2017 USD;16;22;11
KGZ;37;Kyrgyzstan;2003;PHC ambulatory expenditures in 2017 USD (millions);40.12;56.36;21.85
KGZ;37;Kyrgyzstan;2003;PHC ambulatory expenditures per capita in 2017 USD;8;11;4
KGZ;37;Kyrgyzstan;2003;PHC expenditures in 2017 USD (millions);94.94;132.06;64.35
KGZ;37;Kyrgyzstan;2003;PHC expenditures per capita in 2017 USD;18;26;12
KGZ;37;Kyrgyzstan;2004;PHC ambulatory expenditures in 2017 USD (millions);42.8;60.23;23.19
KGZ;37;Kyrgyzstan;2004;PHC ambulatory expenditures per capita in 2017 USD;8;12;4
KGZ;37;Kyrgyzstan;2004;PHC expenditures in 2017 USD (millions);101.57;141.05;69.05
KGZ;37;Kyrgyzstan;2004;PHC expenditures per capita in 2017 USD;19;27;13
KGZ;37;Kyrgyzstan;2005;PHC ambulatory expenditures in 2017 USD (millions);50.09;70.54;27.17
KGZ;37;Kyrgyzstan;2005;PHC ambulatory expenditures per capita in 2017 USD;10;13;5
KGZ;37;Kyrgyzstan;2005;PHC expenditures in 2017 USD (millions);119.04;165.15;80.98
KGZ;37;Kyrgyzstan;2005;PHC expenditures per capita in 2017 USD;23;31;15
KGZ;37;Kyrgyzstan;2006;PHC ambulatory expenditures in 2017 USD (millions);54.63;76.97;29.66
KGZ;37;Kyrgyzstan;2006;PHC ambulatory expenditures per capita in 2017 USD;10;14;6
KGZ;37;Kyrgyzstan;2006;PHC expenditures in 2017 USD (millions);129.93;180.19;88.37
KGZ;37;Kyrgyzstan;2006;PHC expenditures per capita in 2017 USD;24;34;17
KGZ;37;Kyrgyzstan;2007;PHC ambulatory expenditures in 2017 USD (millions);57.42;80.84;31.18
KGZ;37;Kyrgyzstan;2007;PHC ambulatory expenditures per capita in 2017 USD;11;15;6
KGZ;37;Kyrgyzstan;2007;PHC expenditures in 2017 USD (millions);136.54;189.39;92.78
KGZ;37;Kyrgyzstan;2007;PHC expenditures per capita in 2017 USD;25;35;17
KGZ;37;Kyrgyzstan;2008;PHC ambulatory expenditures in 2017 USD (millions);60.6;85.29;32.91
KGZ;37;Kyrgyzstan;2008;PHC ambulatory expenditures per capita in 2017 USD;11;16;6
KGZ;37;Kyrgyzstan;2008;PHC expenditures in 2017 USD (millions);144.08;199.89;97.81
KGZ;37;Kyrgyzstan;2008;PHC expenditures per capita in 2017 USD;26;37;18
KGZ;37;Kyrgyzstan;2009;PHC ambulatory expenditures in 2017 USD (millions);63.01;88.74;34.29
KGZ;37;Kyrgyzstan;2009;PHC ambulatory expenditures per capita in 2017 USD;11;16;6
KGZ;37;Kyrgyzstan;2009;PHC expenditures in 2017 USD (millions);150.14;208.05;102
KGZ;37;Kyrgyzstan;2009;PHC expenditures per capita in 2017 USD;27;37;18
KGZ;37;Kyrgyzstan;2010;PHC ambulatory expenditures in 2017 USD (millions);67.53;95.14;36.77
KGZ;37;Kyrgyzstan;2010;PHC ambulatory expenditures per capita in 2017 USD;12;17;7
KGZ;37;Kyrgyzstan;2010;PHC expenditures in 2017 USD (millions);161;222.98;109.42
KGZ;37;Kyrgyzstan;2010;PHC expenditures per capita in 2017 USD;29;40;19
KGZ;37;Kyrgyzstan;2011;PHC ambulatory expenditures in 2017 USD (millions);74.76;105.32;40.7
KGZ;37;Kyrgyzstan;2011;PHC ambulatory expenditures per capita in 2017 USD;13;18;7
KGZ;37;Kyrgyzstan;2011;PHC expenditures in 2017 USD (millions);178.18;246.78;121.08
KGZ;37;Kyrgyzstan;2011;PHC expenditures per capita in 2017 USD;31;43;21
KGZ;37;Kyrgyzstan;2012;PHC ambulatory expenditures in 2017 USD (millions);77.8;109.66;42.38
KGZ;37;Kyrgyzstan;2012;PHC ambulatory expenditures per capita in 2017 USD;13;19;7
KGZ;37;Kyrgyzstan;2012;PHC expenditures in 2017 USD (millions);185.56;256.85;126.19
KGZ;37;Kyrgyzstan;2012;PHC expenditures per capita in 2017 USD;32;44;22
KGZ;37;Kyrgyzstan;2013;PHC ambulatory expenditures in 2017 USD (millions);80.47;113.37;43.81
KGZ;37;Kyrgyzstan;2013;PHC ambulatory expenditures per capita in 2017 USD;14;19;7
KGZ;37;Kyrgyzstan;2013;PHC expenditures in 2017 USD (millions);191.76;265.51;130.37
KGZ;37;Kyrgyzstan;2013;PHC expenditures per capita in 2017 USD;32;45;22
KGZ;37;Kyrgyzstan;2014;PHC ambulatory expenditures in 2017 USD (millions);84.1;118.48;45.79
KGZ;37;Kyrgyzstan;2014;PHC ambulatory expenditures per capita in 2017 USD;14;20;8
KGZ;37;Kyrgyzstan;2014;PHC expenditures in 2017 USD (millions);200.38;277.39;136.23
KGZ;37;Kyrgyzstan;2014;PHC expenditures per capita in 2017 USD;33;46;23
KGZ;37;Kyrgyzstan;2015;PHC ambulatory expenditures in 2017 USD (millions);82.8;116.71;44.99
KGZ;37;Kyrgyzstan;2015;PHC ambulatory expenditures per capita in 2017 USD;13;19;7
KGZ;37;Kyrgyzstan;2015;PHC expenditures in 2017 USD (millions);197.49;273.24;134.3
KGZ;37;Kyrgyzstan;2015;PHC expenditures per capita in 2017 USD;32;44;22
KGZ;37;Kyrgyzstan;2016;PHC ambulatory expenditures in 2017 USD (millions);83.14;117.28;44.79
KGZ;37;Kyrgyzstan;2016;PHC ambulatory expenditures per capita in 2017 USD;13;19;7
KGZ;37;Kyrgyzstan;2016;PHC expenditures in 2017 USD (millions);198.66;274.55;135.2
KGZ;37;Kyrgyzstan;2016;PHC expenditures per capita in 2017 USD;32;44;22
KGZ;37;Kyrgyzstan;2017;PHC ambulatory expenditures in 2017 USD (millions);84.23;118.89;45.17
KGZ;37;Kyrgyzstan;2017;PHC ambulatory expenditures per capita in 2017 USD;13;19;7
KGZ;37;Kyrgyzstan;2017;PHC expenditures in 2017 USD (millions);201.45;278.25;137.23
KGZ;37;Kyrgyzstan;2017;PHC expenditures per capita in 2017 USD;32;44;22
KHM;10;Cambodia;2000;PHC ambulatory expenditures in 2017 USD (millions);77.64;149.91;27.65
KHM;10;Cambodia;2000;PHC ambulatory expenditures per capita in 2017 USD;6;12;2
KHM;10;Cambodia;2000;PHC expenditures in 2017 USD (millions);177.59;318.77;78.16
KHM;10;Cambodia;2000;PHC expenditures per capita in 2017 USD;14;25;6
KHM;10;Cambodia;2001;PHC ambulatory expenditures in 2017 USD (millions);82.81;159.98;29.47
KHM;10;Cambodia;2001;PHC ambulatory expenditures per capita in 2017 USD;6;12;2
KHM;10;Cambodia;2001;PHC expenditures in 2017 USD (millions);189.46;339.71;83.49
KHM;10;Cambodia;2001;PHC expenditures per capita in 2017 USD;15;27;7
KHM;10;Cambodia;2002;PHC ambulatory expenditures in 2017 USD (millions);86.68;166.83;30.92
KHM;10;Cambodia;2002;PHC ambulatory expenditures per capita in 2017 USD;7;13;2
KHM;10;Cambodia;2002;PHC expenditures in 2017 USD (millions);198.88;355.51;88.28
KHM;10;Cambodia;2002;PHC expenditures per capita in 2017 USD;15;27;7
KHM;10;Cambodia;2003;PHC ambulatory expenditures in 2017 USD (millions);95.67;183.79;34.15
KHM;10;Cambodia;2003;PHC ambulatory expenditures per capita in 2017 USD;7;14;3
KHM;10;Cambodia;2003;PHC expenditures in 2017 USD (millions);219.66;392.82;97.64
KHM;10;Cambodia;2003;PHC expenditures per capita in 2017 USD;17;30;7
KHM;10;Cambodia;2004;PHC ambulatory expenditures in 2017 USD (millions);98.5;188.81;35.19
KHM;10;Cambodia;2004;PHC ambulatory expenditures per capita in 2017 USD;7;14;3
KHM;10;Cambodia;2004;PHC expenditures in 2017 USD (millions);226.58;404.99;100.99
KHM;10;Cambodia;2004;PHC expenditures per capita in 2017 USD;17;30;8
KHM;10;Cambodia;2005;PHC ambulatory expenditures in 2017 USD (millions);106.47;204;38
KHM;10;Cambodia;2005;PHC ambulatory expenditures per capita in 2017 USD;8;15;3
KHM;10;Cambodia;2005;PHC expenditures in 2017 USD (millions);244.97;438.17;109.5
KHM;10;Cambodia;2005;PHC expenditures per capita in 2017 USD;18;32;8
KHM;10;Cambodia;2006;PHC ambulatory expenditures in 2017 USD (millions);107.58;205.94;38.41
KHM;10;Cambodia;2006;PHC ambulatory expenditures per capita in 2017 USD;8;15;3
KHM;10;Cambodia;2006;PHC expenditures in 2017 USD (millions);248.05;443.63;111.47
KHM;10;Cambodia;2006;PHC expenditures per capita in 2017 USD;18;32;8
KHM;10;Cambodia;2007;PHC ambulatory expenditures in 2017 USD (millions);115.45;220.97;41.19
KHM;10;Cambodia;2007;PHC ambulatory expenditures per capita in 2017 USD;8;16;3
KHM;10;Cambodia;2007;PHC expenditures in 2017 USD (millions);266.27;476.35;119.6
KHM;10;Cambodia;2007;PHC expenditures per capita in 2017 USD;19;34;9
KHM;10;Cambodia;2008;PHC ambulatory expenditures in 2017 USD (millions);129.4;247.97;46.09
KHM;10;Cambodia;2008;PHC ambulatory expenditures per capita in 2017 USD;9;18;3
KHM;10;Cambodia;2008;PHC expenditures in 2017 USD (millions);297.88;533.96;133.19
KHM;10;Cambodia;2008;PHC expenditures per capita in 2017 USD;21;38;9
KHM;10;Cambodia;2009;PHC ambulatory expenditures in 2017 USD (millions);149.4;286.05;53.21
KHM;10;Cambodia;2009;PHC ambulatory expenditures per capita in 2017 USD;10;20;4
KHM;10;Cambodia;2009;PHC expenditures in 2017 USD (millions);343.48;616.1;152.82
KHM;10;Cambodia;2009;PHC expenditures per capita in 2017 USD;24;43;11
KHM;10;Cambodia;2010;PHC ambulatory expenditures in 2017 USD (millions);163.12;312.5;58.04
KHM;10;Cambodia;2010;PHC ambulatory expenditures per capita in 2017 USD;11;21;4
KHM;10;Cambodia;2010;PHC expenditures in 2017 USD (millions);374.7;672.14;165.94
KHM;10;Cambodia;2010;PHC expenditures per capita in 2017 USD;26;46;11
KHM;10;Cambodia;2011;PHC ambulatory expenditures in 2017 USD (millions);177.61;340.12;63.19
KHM;10;Cambodia;2011;PHC ambulatory expenditures per capita in 2017 USD;12;23;4
KHM;10;Cambodia;2011;PHC expenditures in 2017 USD (millions);407.75;732.44;180.41
KHM;10;Cambodia;2011;PHC expenditures per capita in 2017 USD;28;50;12
KHM;10;Cambodia;2012;PHC ambulatory expenditures in 2017 USD (millions);182.45;348.24;65.05
KHM;10;Cambodia;2012;PHC ambulatory expenditures per capita in 2017 USD;12;23;4
KHM;10;Cambodia;2012;PHC expenditures in 2017 USD (millions);419.83;753.21;186.71
KHM;10;Cambodia;2012;PHC expenditures per capita in 2017 USD;28;50;12
KHM;10;Cambodia;2013;PHC ambulatory expenditures in 2017 USD (millions);194.66;370.55;69.53
KHM;10;Cambodia;2013;PHC ambulatory expenditures per capita in 2017 USD;13;24;5
KHM;10;Cambodia;2013;PHC expenditures in 2017 USD (millions);448.41;802.49;200.3
KHM;10;Cambodia;2013;PHC expenditures per capita in 2017 USD;29;53;13
KHM;10;Cambodia;2014;PHC ambulatory expenditures in 2017 USD (millions);201.77;382.71;72.24
KHM;10;Cambodia;2014;PHC ambulatory expenditures per capita in 2017 USD;13;25;5
KHM;10;Cambodia;2014;PHC expenditures in 2017 USD (millions);465.75;831.43;208.81
KHM;10;Cambodia;2014;PHC expenditures per capita in 2017 USD;30;54;14
KHM;10;Cambodia;2015;PHC ambulatory expenditures in 2017 USD (millions);204.37;386.03;73.59
KHM;10;Cambodia;2015;PHC ambulatory expenditures per capita in 2017 USD;13;25;5
KHM;10;Cambodia;2015;PHC expenditures in 2017 USD (millions);473.13;842.64;214.77
KHM;10;Cambodia;2015;PHC expenditures per capita in 2017 USD;30;54;14
KHM;10;Cambodia;2016;PHC ambulatory expenditures in 2017 USD (millions);216;406.03;78.56
KHM;10;Cambodia;2016;PHC ambulatory expenditures per capita in 2017 USD;14;26;5
KHM;10;Cambodia;2016;PHC expenditures in 2017 USD (millions);501.46;890.19;229.62
KHM;10;Cambodia;2016;PHC expenditures per capita in 2017 USD;32;56;14
KHM;10;Cambodia;2017;PHC ambulatory expenditures in 2017 USD (millions);228.99;428.53;84.05
KHM;10;Cambodia;2017;PHC ambulatory expenditures per capita in 2017 USD;14;27;5
KHM;10;Cambodia;2017;PHC expenditures in 2017 USD (millions);533.3;943.78;245.44
KHM;10;Cambodia;2017;PHC expenditures per capita in 2017 USD;33;59;15
KIR;23;Kiribati;2000;PHC ambulatory expenditures in 2017 USD (millions);2.6;3.63;0.7
KIR;23;Kiribati;2000;PHC ambulatory expenditures per capita in 2017 USD;30;41;8
KIR;23;Kiribati;2000;PHC expenditures in 2017 USD (millions);6.14;8.83;3.48
KIR;23;Kiribati;2000;PHC expenditures per capita in 2017 USD;70;100;40
KIR;23;Kiribati;2001;PHC ambulatory expenditures in 2017 USD (millions);3.25;4.54;0.88
KIR;23;Kiribati;2001;PHC ambulatory expenditures per capita in 2017 USD;36;51;10
KIR;23;Kiribati;2001;PHC expenditures in 2017 USD (millions);7.68;11.01;4.34
KIR;23;Kiribati;2001;PHC expenditures per capita in 2017 USD;86;123;48
KIR;23;Kiribati;2002;PHC ambulatory expenditures in 2017 USD (millions);3.33;4.65;0.9
KIR;23;Kiribati;2002;PHC ambulatory expenditures per capita in 2017 USD;36;51;10
KIR;23;Kiribati;2002;PHC expenditures in 2017 USD (millions);7.87;11.26;4.45
KIR;23;Kiribati;2002;PHC expenditures per capita in 2017 USD;86;123;49
KIR;23;Kiribati;2003;PHC ambulatory expenditures in 2017 USD (millions);3.27;4.56;0.88
KIR;23;Kiribati;2003;PHC ambulatory expenditures per capita in 2017 USD;35;49;9
KIR;23;Kiribati;2003;PHC expenditures in 2017 USD (millions);7.72;11.06;4.37
KIR;23;Kiribati;2003;PHC expenditures per capita in 2017 USD;83;119;47
KIR;23;Kiribati;2004;PHC ambulatory expenditures in 2017 USD (millions);4.8;6.71;1.29
KIR;23;Kiribati;2004;PHC ambulatory expenditures per capita in 2017 USD;50;71;14
KIR;23;Kiribati;2004;PHC expenditures in 2017 USD (millions);11.26;16.25;6.37
KIR;23;Kiribati;2004;PHC expenditures per capita in 2017 USD;118;171;67
KIR;23;Kiribati;2005;PHC ambulatory expenditures in 2017 USD (millions);4.06;5.67;1.09
KIR;23;Kiribati;2005;PHC ambulatory expenditures per capita in 2017 USD;42;58;11
KIR;23;Kiribati;2005;PHC expenditures in 2017 USD (millions);9.56;13.76;5.4
KIR;23;Kiribati;2005;PHC expenditures per capita in 2017 USD;98;142;56
KIR;23;Kiribati;2006;PHC ambulatory expenditures in 2017 USD (millions);3.68;5.14;0.99
KIR;23;Kiribati;2006;PHC ambulatory expenditures per capita in 2017 USD;37;52;10
KIR;23;Kiribati;2006;PHC expenditures in 2017 USD (millions);8.66;12.47;4.9
KIR;23;Kiribati;2006;PHC expenditures per capita in 2017 USD;87;126;49
KIR;23;Kiribati;2007;PHC ambulatory expenditures in 2017 USD (millions);4.08;5.7;1.09
KIR;23;Kiribati;2007;PHC ambulatory expenditures per capita in 2017 USD;40;56;11
KIR;23;Kiribati;2007;PHC expenditures in 2017 USD (millions);9.58;13.8;5.42
KIR;23;Kiribati;2007;PHC expenditures per capita in 2017 USD;94;136;53
KIR;23;Kiribati;2008;PHC ambulatory expenditures in 2017 USD (millions);4.91;6.87;1.31
KIR;23;Kiribati;2008;PHC ambulatory expenditures per capita in 2017 USD;48;66;13
KIR;23;Kiribati;2008;PHC expenditures in 2017 USD (millions);11.49;16.62;6.5
KIR;23;Kiribati;2008;PHC expenditures per capita in 2017 USD;111;161;63
KIR;23;Kiribati;2009;PHC ambulatory expenditures in 2017 USD (millions);4.13;5.78;1.11
KIR;23;Kiribati;2009;PHC ambulatory expenditures per capita in 2017 USD;39;55;10
KIR;23;Kiribati;2009;PHC expenditures in 2017 USD (millions);9.69;13.97;5.48
KIR;23;Kiribati;2009;PHC expenditures per capita in 2017 USD;92;133;52
KIR;23;Kiribati;2010;PHC ambulatory expenditures in 2017 USD (millions);4.18;5.84;1.12
KIR;23;Kiribati;2010;PHC ambulatory expenditures per capita in 2017 USD;39;54;10
KIR;23;Kiribati;2010;PHC expenditures in 2017 USD (millions);9.78;14.15;5.53
KIR;23;Kiribati;2010;PHC expenditures per capita in 2017 USD;91;132;52
KIR;23;Kiribati;2011;PHC ambulatory expenditures in 2017 USD (millions);4.03;5.64;1.08
KIR;23;Kiribati;2011;PHC ambulatory expenditures per capita in 2017 USD;37;52;10
KIR;23;Kiribati;2011;PHC expenditures in 2017 USD (millions);9.44;13.66;5.34
KIR;23;Kiribati;2011;PHC expenditures per capita in 2017 USD;87;125;49
KIR;23;Kiribati;2012;PHC ambulatory expenditures in 2017 USD (millions);4.21;5.89;1.13
KIR;23;Kiribati;2012;PHC ambulatory expenditures per capita in 2017 USD;38;53;10
KIR;23;Kiribati;2012;PHC expenditures in 2017 USD (millions);9.85;14.28;5.57
KIR;23;Kiribati;2012;PHC expenditures per capita in 2017 USD;89;129;50
KIR;23;Kiribati;2013;PHC ambulatory expenditures in 2017 USD (millions);3.82;5.35;1.02
KIR;23;Kiribati;2013;PHC ambulatory expenditures per capita in 2017 USD;34;48;9
KIR;23;Kiribati;2013;PHC expenditures in 2017 USD (millions);8.95;12.97;5.07
KIR;23;Kiribati;2013;PHC expenditures per capita in 2017 USD;80;116;45
KIR;23;Kiribati;2014;PHC ambulatory expenditures in 2017 USD (millions);3.63;5.07;0.97
KIR;23;Kiribati;2014;PHC ambulatory expenditures per capita in 2017 USD;32;45;9
KIR;23;Kiribati;2014;PHC expenditures in 2017 USD (millions);8.51;12.28;4.82
KIR;23;Kiribati;2014;PHC expenditures per capita in 2017 USD;75;108;42
KIR;23;Kiribati;2015;PHC ambulatory expenditures in 2017 USD (millions);3.64;5.09;0.97
KIR;23;Kiribati;2015;PHC ambulatory expenditures per capita in 2017 USD;32;44;8
KIR;23;Kiribati;2015;PHC expenditures in 2017 USD (millions);8.53;12.31;4.84
KIR;23;Kiribati;2015;PHC expenditures per capita in 2017 USD;74;107;42
KIR;23;Kiribati;2016;PHC ambulatory expenditures in 2017 USD (millions);4.1;5.74;1.1
KIR;23;Kiribati;2016;PHC ambulatory expenditures per capita in 2017 USD;35;49;9
KIR;23;Kiribati;2016;PHC expenditures in 2017 USD (millions);9.61;13.87;5.46
KIR;23;Kiribati;2016;PHC expenditures per capita in 2017 USD;82;119;47
KIR;23;Kiribati;2017;PHC ambulatory expenditures in 2017 USD (millions);4.3;6.01;1.15
KIR;23;Kiribati;2017;PHC ambulatory expenditures per capita in 2017 USD;36;51;10
KIR;23;Kiribati;2017;PHC expenditures in 2017 USD (millions);10.08;14.56;5.72
KIR;23;Kiribati;2017;PHC expenditures per capita in 2017 USD;85;123;48
LAO;12;Laos;2000;PHC ambulatory expenditures in 2017 USD (millions);24.07;61.16;5.89
LAO;12;Laos;2000;PHC ambulatory expenditures per capita in 2017 USD;5;11;1
LAO;12;Laos;2000;PHC expenditures in 2017 USD (millions);85.27;143.36;43.34
LAO;12;Laos;2000;PHC expenditures per capita in 2017 USD;16;27;8
LAO;12;Laos;2001;PHC ambulatory expenditures in 2017 USD (millions);23.48;59.54;5.77
LAO;12;Laos;2001;PHC ambulatory expenditures per capita in 2017 USD;4;11;1
LAO;12;Laos;2001;PHC expenditures in 2017 USD (millions);83.35;139.66;42.45
LAO;12;Laos;2001;PHC expenditures per capita in 2017 USD;15;26;8
LAO;12;Laos;2002;PHC ambulatory expenditures in 2017 USD (millions);22.59;57.33;5.55
LAO;12;Laos;2002;PHC ambulatory expenditures per capita in 2017 USD;4;10;1
LAO;12;Laos;2002;PHC expenditures in 2017 USD (millions);80.4;134.74;40.85
LAO;12;Laos;2002;PHC expenditures per capita in 2017 USD;14;24;7
LAO;12;Laos;2003;PHC ambulatory expenditures in 2017 USD (millions);26.38;67.12;6.46
LAO;12;Laos;2003;PHC ambulatory expenditures per capita in 2017 USD;5;12;1
LAO;12;Laos;2003;PHC expenditures in 2017 USD (millions);93.61;157.58;47.41
LAO;12;Laos;2003;PHC expenditures per capita in 2017 USD;16;28;8
LAO;12;Laos;2004;PHC ambulatory expenditures in 2017 USD (millions);23;58.53;5.61
LAO;12;Laos;2004;PHC ambulatory expenditures per capita in 2017 USD;4;10;1
LAO;12;Laos;2004;PHC expenditures in 2017 USD (millions);82.18;138.06;41.88
LAO;12;Laos;2004;PHC expenditures per capita in 2017 USD;14;24;7
LAO;12;Laos;2005;PHC ambulatory expenditures in 2017 USD (millions);25.44;64.79;6.18
LAO;12;Laos;2005;PHC ambulatory expenditures per capita in 2017 USD;4;11;1
LAO;12;Laos;2005;PHC expenditures in 2017 USD (millions);90.78;152.74;46.12
LAO;12;Laos;2005;PHC expenditures per capita in 2017 USD;15;26;8
LAO;12;Laos;2006;PHC ambulatory expenditures in 2017 USD (millions);24.07;61.32;5.83
LAO;12;Laos;2006;PHC ambulatory expenditures per capita in 2017 USD;4;10;1
LAO;12;Laos;2006;PHC expenditures in 2017 USD (millions);86.26;144.93;44
LAO;12;Laos;2006;PHC expenditures per capita in 2017 USD;14;24;7
LAO;12;Laos;2007;PHC ambulatory expenditures in 2017 USD (millions);26.01;66.37;6.26
LAO;12;Laos;2007;PHC ambulatory expenditures per capita in 2017 USD;4;11;1
LAO;12;Laos;2007;PHC expenditures in 2017 USD (millions);93.24;156.75;47.56
LAO;12;Laos;2007;PHC expenditures per capita in 2017 USD;15;26;8
LAO;12;Laos;2008;PHC ambulatory expenditures in 2017 USD (millions);26.69;68.1;6.41
LAO;12;Laos;2008;PHC ambulatory expenditures per capita in 2017 USD;4;11;1
LAO;12;Laos;2008;PHC expenditures in 2017 USD (millions);95.9;160.97;49.06
LAO;12;Laos;2008;PHC expenditures per capita in 2017 USD;16;26;8
LAO;12;Laos;2009;PHC ambulatory expenditures in 2017 USD (millions);29.57;75.29;7.16
LAO;12;Laos;2009;PHC ambulatory expenditures per capita in 2017 USD;5;12;1
LAO;12;Laos;2009;PHC expenditures in 2017 USD (millions);106.21;177.81;54.39
LAO;12;Laos;2009;PHC expenditures per capita in 2017 USD;17;28;9
LAO;12;Laos;2010;PHC ambulatory expenditures in 2017 USD (millions);30.43;77.49;7.36
LAO;12;Laos;2010;PHC ambulatory expenditures per capita in 2017 USD;5;12;1
LAO;12;Laos;2010;PHC expenditures in 2017 USD (millions);109.42;182.9;56.07
LAO;12;Laos;2010;PHC expenditures per capita in 2017 USD;17;29;9
LAO;12;Laos;2011;PHC ambulatory expenditures in 2017 USD (millions);29.09;74.12;7.01
LAO;12;Laos;2011;PHC ambulatory expenditures per capita in 2017 USD;5;11;1
LAO;12;Laos;2011;PHC expenditures in 2017 USD (millions);105.07;175.24;53.98
LAO;12;Laos;2011;PHC expenditures per capita in 2017 USD;16;27;8
LAO;12;Laos;2012;PHC ambulatory expenditures in 2017 USD (millions);31.38;79.79;7.6
LAO;12;Laos;2012;PHC ambulatory expenditures per capita in 2017 USD;5;12;1
LAO;12;Laos;2012;PHC expenditures in 2017 USD (millions);113.32;188.74;58.53
LAO;12;Laos;2012;PHC expenditures per capita in 2017 USD;17;29;9
LAO;12;Laos;2013;PHC ambulatory expenditures in 2017 USD (millions);37.03;93.88;9.03
LAO;12;Laos;2013;PHC ambulatory expenditures per capita in 2017 USD;6;14;1
LAO;12;Laos;2013;PHC expenditures in 2017 USD (millions);133.23;221.69;69.07
LAO;12;Laos;2013;PHC expenditures per capita in 2017 USD;20;33;10
LAO;12;Laos;2014;PHC ambulatory expenditures in 2017 USD (millions);39.49;99.77;9.78
LAO;12;Laos;2014;PHC ambulatory expenditures per capita in 2017 USD;6;15;1
LAO;12;Laos;2014;PHC expenditures in 2017 USD (millions);142.35;235.9;74.26
LAO;12;Laos;2014;PHC expenditures per capita in 2017 USD;21;35;11
LAO;12;Laos;2015;PHC ambulatory expenditures in 2017 USD (millions);43.6;109.74;10.91
LAO;12;Laos;2015;PHC ambulatory expenditures per capita in 2017 USD;6;16;2
LAO;12;Laos;2015;PHC expenditures in 2017 USD (millions);157.16;259.57;82.53
LAO;12;Laos;2015;PHC expenditures per capita in 2017 USD;23;38;12
LAO;12;Laos;2016;PHC ambulatory expenditures in 2017 USD (millions);41.54;104.12;10.54
LAO;12;Laos;2016;PHC ambulatory expenditures per capita in 2017 USD;6;15;2
LAO;12;Laos;2016;PHC expenditures in 2017 USD (millions);150.86;247.5;80.11
LAO;12;Laos;2016;PHC expenditures per capita in 2017 USD;22;36;12
LAO;12;Laos;2017;PHC ambulatory expenditures in 2017 USD (millions);46.87;117.08;12.03
LAO;12;Laos;2017;PHC ambulatory expenditures per capita in 2017 USD;7;17;2
LAO;12;Laos;2017;PHC expenditures in 2017 USD (millions);170.02;278.27;90.74
LAO;12;Laos;2017;PHC expenditures per capita in 2017 USD;24;40;13
LBN;146;Lebanon;2000;PHC ambulatory expenditures in 2017 USD (millions);300.85;839.18;35.79
LBN;146;Lebanon;2000;PHC ambulatory expenditures per capita in 2017 USD;57;159;7
LBN;146;Lebanon;2000;PHC expenditures in 2017 USD (millions);1017.51;1721.1;459.68
LBN;146;Lebanon;2000;PHC expenditures per capita in 2017 USD;193;327;87
LBN;146;Lebanon;2001;PHC ambulatory expenditures in 2017 USD (millions);279.89;776.81;33.54
LBN;146;Lebanon;2001;PHC ambulatory expenditures per capita in 2017 USD;52;144;6
LBN;146;Lebanon;2001;PHC expenditures in 2017 USD (millions);948.25;1602.36;429.68
LBN;146;Lebanon;2001;PHC expenditures per capita in 2017 USD;176;298;80
LBN;146;Lebanon;2002;PHC ambulatory expenditures in 2017 USD (millions);262.44;724.89;31.77
LBN;146;Lebanon;2002;PHC ambulatory expenditures per capita in 2017 USD;48;132;6
LBN;146;Lebanon;2002;PHC expenditures in 2017 USD (millions);890.67;1499.96;406.85
LBN;146;Lebanon;2002;PHC expenditures per capita in 2017 USD;162;273;74
LBN;146;Lebanon;2003;PHC ambulatory expenditures in 2017 USD (millions);253.45;696.23;31
LBN;146;Lebanon;2003;PHC ambulatory expenditures per capita in 2017 USD;45;124;6
LBN;146;Lebanon;2003;PHC expenditures in 2017 USD (millions);861.7;1452.94;397.02
LBN;146;Lebanon;2003;PHC expenditures per capita in 2017 USD;153;258;71
LBN;146;Lebanon;2004;PHC ambulatory expenditures in 2017 USD (millions);247.06;675.72;30.47
LBN;146;Lebanon;2004;PHC ambulatory expenditures per capita in 2017 USD;43;117;5
LBN;146;Lebanon;2004;PHC expenditures in 2017 USD (millions);840.98;1414.68;391.1
LBN;146;Lebanon;2004;PHC expenditures per capita in 2017 USD;146;246;68
LBN;146;Lebanon;2005;PHC ambulatory expenditures in 2017 USD (millions);246.16;670.31;30.5
LBN;146;Lebanon;2005;PHC ambulatory expenditures per capita in 2017 USD;42;114;5
LBN;146;Lebanon;2005;PHC expenditures in 2017 USD (millions);838.97;1410.24;390.82
LBN;146;Lebanon;2005;PHC expenditures per capita in 2017 USD;142;239;66
LBN;146;Lebanon;2006;PHC ambulatory expenditures in 2017 USD (millions);269.5;729.5;33.56
LBN;146;Lebanon;2006;PHC ambulatory expenditures per capita in 2017 USD;45;121;6
LBN;146;Lebanon;2006;PHC expenditures in 2017 USD (millions);917.82;1545.87;428.53
LBN;146;Lebanon;2006;PHC expenditures per capita in 2017 USD;152;256;71
LBN;146;Lebanon;2007;PHC ambulatory expenditures in 2017 USD (millions);286.31;772.19;35.87
LBN;146;Lebanon;2007;PHC ambulatory expenditures per capita in 2017 USD;46;125;6
LBN;146;Lebanon;2007;PHC expenditures in 2017 USD (millions);974.38;1639.21;455.11
LBN;146;Lebanon;2007;PHC expenditures per capita in 2017 USD;158;265;74
LBN;146;Lebanon;2008;PHC ambulatory expenditures in 2017 USD (millions);302.7;813.51;38.15
LBN;146;Lebanon;2008;PHC ambulatory expenditures per capita in 2017 USD;48;129;6
LBN;146;Lebanon;2008;PHC expenditures in 2017 USD (millions);1029.74;1731.8;481
LBN;146;Lebanon;2008;PHC expenditures per capita in 2017 USD;163;275;76
LBN;146;Lebanon;2009;PHC ambulatory expenditures in 2017 USD (millions);320.09;857.66;40.59
LBN;146;Lebanon;2009;PHC ambulatory expenditures per capita in 2017 USD;50;134;6
LBN;146;Lebanon;2009;PHC expenditures in 2017 USD (millions);1087.88;1828.86;508.43
LBN;146;Lebanon;2009;PHC expenditures per capita in 2017 USD;170;285;79
LBN;146;Lebanon;2010;PHC ambulatory expenditures in 2017 USD (millions);337.06;900.41;42.93
LBN;146;Lebanon;2010;PHC ambulatory expenditures per capita in 2017 USD;52;138;7
LBN;146;Lebanon;2010;PHC expenditures in 2017 USD (millions);1145.55;1928.47;534.74
LBN;146;Lebanon;2010;PHC expenditures per capita in 2017 USD;176;296;82
LBN;146;Lebanon;2011;PHC ambulatory expenditures in 2017 USD (millions);353.04;940.03;45.23
LBN;146;Lebanon;2011;PHC ambulatory expenditures per capita in 2017 USD;53;140;7
LBN;146;Lebanon;2011;PHC expenditures in 2017 USD (millions);1200.19;2019.37;561.61
LBN;146;Lebanon;2011;PHC expenditures per capita in 2017 USD;179;302;84
LBN;146;Lebanon;2012;PHC ambulatory expenditures in 2017 USD (millions);380.97;1009.72;49.22
LBN;146;Lebanon;2012;PHC ambulatory expenditures per capita in 2017 USD;53;139;7
LBN;146;Lebanon;2012;PHC expenditures in 2017 USD (millions);1296.76;2175.87;610.86
LBN;146;Lebanon;2012;PHC expenditures per capita in 2017 USD;179;300;84
LBN;146;Lebanon;2013;PHC ambulatory expenditures in 2017 USD (millions);382.37;1011.08;49.74
LBN;146;Lebanon;2013;PHC ambulatory expenditures per capita in 2017 USD;48;128;6
LBN;146;Lebanon;2013;PHC expenditures in 2017 USD (millions);1306.56;2188.79;617.79
LBN;146;Lebanon;2013;PHC expenditures per capita in 2017 USD;165;277;78
LBN;146;Lebanon;2014;PHC ambulatory expenditures in 2017 USD (millions);386.45;1020.97;50.44
LBN;146;Lebanon;2014;PHC ambulatory expenditures per capita in 2017 USD;47;125;6
LBN;146;Lebanon;2014;PHC expenditures in 2017 USD (millions);1321.61;2217.04;623.28
LBN;146;Lebanon;2014;PHC expenditures per capita in 2017 USD;162;271;76
LBN;146;Lebanon;2015;PHC ambulatory expenditures in 2017 USD (millions);380.25;1004.15;49.7
LBN;146;Lebanon;2015;PHC ambulatory expenditures per capita in 2017 USD;46;122;6
LBN;146;Lebanon;2015;PHC expenditures in 2017 USD (millions);1300.32;2176.51;615.1
LBN;146;Lebanon;2015;PHC expenditures per capita in 2017 USD;158;264;75
LBN;146;Lebanon;2016;PHC ambulatory expenditures in 2017 USD (millions);397.01;1047.92;52.05
LBN;146;Lebanon;2016;PHC ambulatory expenditures per capita in 2017 USD;47;125;6
LBN;146;Lebanon;2016;PHC expenditures in 2017 USD (millions);1355.45;2261.65;645.16
LBN;146;Lebanon;2016;PHC expenditures per capita in 2017 USD;162;270;77
LBN;146;Lebanon;2017;PHC ambulatory expenditures in 2017 USD (millions);416.37;1098.73;54.93
LBN;146;Lebanon;2017;PHC ambulatory expenditures per capita in 2017 USD;49;129;6
LBN;146;Lebanon;2017;PHC expenditures in 2017 USD (millions);1420.34;2367.74;675.75
LBN;146;Lebanon;2017;PHC expenditures per capita in 2017 USD;167;278;79
LBR;210;Liberia;2000;PHC ambulatory expenditures in 2017 USD (millions);6.94;10.89;2.25
LBR;210;Liberia;2000;PHC ambulatory expenditures per capita in 2017 USD;2;4;1
LBR;210;Liberia;2000;PHC expenditures in 2017 USD (millions);16.71;25.3;7.42
LBR;210;Liberia;2000;PHC expenditures per capita in 2017 USD;6;9;3
LBR;210;Liberia;2001;PHC ambulatory expenditures in 2017 USD (millions);5.93;9.23;1.9
LBR;210;Liberia;2001;PHC ambulatory expenditures per capita in 2017 USD;2;3;1
LBR;210;Liberia;2001;PHC expenditures in 2017 USD (millions);14.44;21.71;6.5
LBR;210;Liberia;2001;PHC expenditures per capita in 2017 USD;5;7;2
LBR;210;Liberia;2002;PHC ambulatory expenditures in 2017 USD (millions);6.36;9.91;2.03
LBR;210;Liberia;2002;PHC ambulatory expenditures per capita in 2017 USD;2;3;1
LBR;210;Liberia;2002;PHC expenditures in 2017 USD (millions);15.59;23.4;7.04
LBR;210;Liberia;2002;PHC expenditures per capita in 2017 USD;5;8;2
LBR;210;Liberia;2003;PHC ambulatory expenditures in 2017 USD (millions);6.04;9.4;1.93
LBR;210;Liberia;2003;PHC ambulatory expenditures per capita in 2017 USD;2;3;1
LBR;210;Liberia;2003;PHC expenditures in 2017 USD (millions);14.85;22.3;6.77
LBR;210;Liberia;2003;PHC expenditures per capita in 2017 USD;5;7;2
LBR;210;Liberia;2004;PHC ambulatory expenditures in 2017 USD (millions);9.3;14.45;2.99
LBR;210;Liberia;2004;PHC ambulatory expenditures per capita in 2017 USD;3;5;1
LBR;210;Liberia;2004;PHC expenditures in 2017 USD (millions);22.62;34.05;10.27
LBR;210;Liberia;2004;PHC expenditures per capita in 2017 USD;7;11;3
LBR;210;Liberia;2005;PHC ambulatory expenditures in 2017 USD (millions);10.95;17.04;3.53
LBR;210;Liberia;2005;PHC ambulatory expenditures per capita in 2017 USD;3;5;1
LBR;210;Liberia;2005;PHC expenditures in 2017 USD (millions);26.55;40.05;12
LBR;210;Liberia;2005;PHC expenditures per capita in 2017 USD;8;12;4
LBR;210;Liberia;2006;PHC ambulatory expenditures in 2017 USD (millions);12.35;19.25;4.01
LBR;210;Liberia;2006;PHC ambulatory expenditures per capita in 2017 USD;4;6;1
LBR;210;Liberia;2006;PHC expenditures in 2017 USD (millions);29.85;45.1;13.47
LBR;210;Liberia;2006;PHC expenditures per capita in 2017 USD;9;13;4
LBR;210;Liberia;2007;PHC ambulatory expenditures in 2017 USD (millions);14.88;23.21;4.85
LBR;210;Liberia;2007;PHC ambulatory expenditures per capita in 2017 USD;4;6;1
LBR;210;Liberia;2007;PHC expenditures in 2017 USD (millions);35.91;54.3;16.22
LBR;210;Liberia;2007;PHC expenditures per capita in 2017 USD;10;15;5
LBR;210;Liberia;2008;PHC ambulatory expenditures in 2017 USD (millions);22.19;34.78;7.33
LBR;210;Liberia;2008;PHC ambulatory expenditures per capita in 2017 USD;6;9;2
LBR;210;Liberia;2008;PHC expenditures in 2017 USD (millions);53.09;80.7;23.78
LBR;210;Liberia;2008;PHC expenditures per capita in 2017 USD;14;22;6
LBR;210;Liberia;2009;PHC ambulatory expenditures in 2017 USD (millions);28.23;44.2;9.24
LBR;210;Liberia;2009;PHC ambulatory expenditures per capita in 2017 USD;7;12;2
LBR;210;Liberia;2009;PHC expenditures in 2017 USD (millions);67.1;102.59;29.71
LBR;210;Liberia;2009;PHC expenditures per capita in 2017 USD;18;27;8
LBR;210;Liberia;2010;PHC ambulatory expenditures in 2017 USD (millions);29.38;45.98;9.58
LBR;210;Liberia;2010;PHC ambulatory expenditures per capita in 2017 USD;7;11;2
LBR;210;Liberia;2010;PHC expenditures in 2017 USD (millions);69.8;106.91;30.89
LBR;210;Liberia;2010;PHC expenditures per capita in 2017 USD;17;26;8
LBR;210;Liberia;2011;PHC ambulatory expenditures in 2017 USD (millions);31.71;49.62;10.34
LBR;210;Liberia;2011;PHC ambulatory expenditures per capita in 2017 USD;8;12;2
LBR;210;Liberia;2011;PHC expenditures in 2017 USD (millions);75.26;115.33;33.32
LBR;210;Liberia;2011;PHC expenditures per capita in 2017 USD;18;27;8
LBR;210;Liberia;2012;PHC ambulatory expenditures in 2017 USD (millions);35.19;55.01;11.4
LBR;210;Liberia;2012;PHC ambulatory expenditures per capita in 2017 USD;8;13;3
LBR;210;Liberia;2012;PHC expenditures in 2017 USD (millions);83.15;127.99;36.63
LBR;210;Liberia;2012;PHC expenditures per capita in 2017 USD;20;30;9
LBR;210;Liberia;2013;PHC ambulatory expenditures in 2017 USD (millions);34.35;53.67;11.11
LBR;210;Liberia;2013;PHC ambulatory expenditures per capita in 2017 USD;8;12;3
LBR;210;Liberia;2013;PHC expenditures in 2017 USD (millions);81.13;124.92;35.78
LBR;210;Liberia;2013;PHC expenditures per capita in 2017 USD;19;29;8
LBR;210;Liberia;2014;PHC ambulatory expenditures in 2017 USD (millions);64.44;100.45;20.73
LBR;210;Liberia;2014;PHC ambulatory expenditures per capita in 2017 USD;15;23;5
LBR;210;Liberia;2014;PHC expenditures in 2017 USD (millions);150.44;233.45;66.07
LBR;210;Liberia;2014;PHC expenditures per capita in 2017 USD;34;53;15
LBR;210;Liberia;2015;PHC ambulatory expenditures in 2017 USD (millions);98.86;154;32.1
LBR;210;Liberia;2015;PHC ambulatory expenditures per capita in 2017 USD;22;34;7
LBR;210;Liberia;2015;PHC expenditures in 2017 USD (millions);229.74;357.68;100.66
LBR;210;Liberia;2015;PHC expenditures per capita in 2017 USD;51;79;22
LBR;210;Liberia;2016;PHC ambulatory expenditures in 2017 USD (millions);47.53;74.32;15.46
LBR;210;Liberia;2016;PHC ambulatory expenditures per capita in 2017 USD;10;16;3
LBR;210;Liberia;2016;PHC expenditures in 2017 USD (millions);112.23;172.65;49.35
LBR;210;Liberia;2016;PHC expenditures per capita in 2017 USD;24;37;11
LBR;210;Liberia;2017;PHC ambulatory expenditures in 2017 USD (millions);47.53;74.38;15.53
LBR;210;Liberia;2017;PHC ambulatory expenditures per capita in 2017 USD;10;16;3
LBR;210;Liberia;2017;PHC expenditures in 2017 USD (millions);112.58;172.73;49.7
LBR;210;Liberia;2017;PHC expenditures per capita in 2017 USD;24;37;11
LBY;147;Libya;2000;PHC ambulatory expenditures in 2017 USD (millions);542.84;739.58;305.27
LBY;147;Libya;2000;PHC ambulatory expenditures per capita in 2017 USD;108;147;61
LBY;147;Libya;2000;PHC expenditures in 2017 USD (millions);1205.31;1486.3;907.68
LBY;147;Libya;2000;PHC expenditures per capita in 2017 USD;239;295;180
LBY;147;Libya;2001;PHC ambulatory expenditures in 2017 USD (millions);634.6;865.04;349.19
LBY;147;Libya;2001;PHC ambulatory expenditures per capita in 2017 USD;123;168;68
LBY;147;Libya;2001;PHC expenditures in 2017 USD (millions);1412.7;1741.31;1065.32
LBY;147;Libya;2001;PHC expenditures per capita in 2017 USD;274;338;207
LBY;147;Libya;2002;PHC ambulatory expenditures in 2017 USD (millions);665.03;908.26;358.79
LBY;147;Libya;2002;PHC ambulatory expenditures per capita in 2017 USD;126;172;68
LBY;147;Libya;2002;PHC expenditures in 2017 USD (millions);1486.75;1829.55;1120.18
LBY;147;Libya;2002;PHC expenditures per capita in 2017 USD;282;347;212
LBY;147;Libya;2003;PHC ambulatory expenditures in 2017 USD (millions);682.84;933.79;363.07
LBY;147;Libya;2003;PHC ambulatory expenditures per capita in 2017 USD;126;173;67
LBY;147;Libya;2003;PHC expenditures in 2017 USD (millions);1531.67;1882.93;1153.63
LBY;147;Libya;2003;PHC expenditures per capita in 2017 USD;284;349;214
LBY;147;Libya;2004;PHC ambulatory expenditures in 2017 USD (millions);645.37;883.62;339.29
LBY;147;Libya;2004;PHC ambulatory expenditures per capita in 2017 USD;117;160;61
LBY;147;Libya;2004;PHC expenditures in 2017 USD (millions);1454.52;1782.49;1097.78
LBY;147;Libya;2004;PHC expenditures per capita in 2017 USD;263;322;199
LBY;147;Libya;2005;PHC ambulatory expenditures in 2017 USD (millions);527.73;722.71;276.65
LBY;147;Libya;2005;PHC ambulatory expenditures per capita in 2017 USD;93;128;49
LBY;147;Libya;2005;PHC expenditures in 2017 USD (millions);1198.46;1467.02;907.41
LBY;147;Libya;2005;PHC expenditures per capita in 2017 USD;212;259;160
LBY;147;Libya;2006;PHC ambulatory expenditures in 2017 USD (millions);535.21;733.66;277.79
LBY;147;Libya;2006;PHC ambulatory expenditures per capita in 2017 USD;93;127;48
LBY;147;Libya;2006;PHC expenditures in 2017 USD (millions);1220.05;1489.81;924.71
LBY;147;Libya;2006;PHC expenditures per capita in 2017 USD;211;258;160
LBY;147;Libya;2007;PHC ambulatory expenditures in 2017 USD (millions);547.25;750.32;280.54
LBY;147;Libya;2007;PHC ambulatory expenditures per capita in 2017 USD;93;127;48
LBY;147;Libya;2007;PHC expenditures in 2017 USD (millions);1252.36;1527.52;949.57
LBY;147;Libya;2007;PHC expenditures per capita in 2017 USD;212;259;161
LBY;147;Libya;2008;PHC ambulatory expenditures in 2017 USD (millions);621.93;851.35;313.88
LBY;147;Libya;2008;PHC ambulatory expenditures per capita in 2017 USD;103;141;52
LBY;147;Libya;2008;PHC expenditures in 2017 USD (millions);1424.85;1736.77;1079.64
LBY;147;Libya;2008;PHC expenditures per capita in 2017 USD;237;288;179
LBY;147;Libya;2009;PHC ambulatory expenditures in 2017 USD (millions);784.62;1072.76;389.26
LBY;147;Libya;2009;PHC ambulatory expenditures per capita in 2017 USD;128;175;63
LBY;147;Libya;2009;PHC expenditures in 2017 USD (millions);1794.14;2189.81;1357.66
LBY;147;Libya;2009;PHC expenditures per capita in 2017 USD;292;357;221
LBY;147;Libya;2010;PHC ambulatory expenditures in 2017 USD (millions);729.86;998.28;359.86
LBY;147;Libya;2010;PHC ambulatory expenditures per capita in 2017 USD;118;161;58
LBY;147;Libya;2010;PHC expenditures in 2017 USD (millions);1675.91;2043.64;1270.23
LBY;147;Libya;2010;PHC expenditures per capita in 2017 USD;271;330;205
LBY;147;Libya;2011;PHC ambulatory expenditures in 2017 USD (millions);445.14;610.99;217.77
LBY;147;Libya;2011;PHC ambulatory expenditures per capita in 2017 USD;71;97;35
LBY;147;Libya;2011;PHC expenditures in 2017 USD (millions);1044.36;1269.4;796.51
LBY;147;Libya;2011;PHC expenditures per capita in 2017 USD;167;202;127
LBY;147;Libya;2012;PHC ambulatory expenditures in 2017 USD (millions);654.68;896.64;323.66
LBY;147;Libya;2012;PHC ambulatory expenditures per capita in 2017 USD;102;140;50
LBY;147;Libya;2012;PHC expenditures in 2017 USD (millions);1510.59;1840.92;1145.78
LBY;147;Libya;2012;PHC expenditures per capita in 2017 USD;235;287;178
LBY;147;Libya;2013;PHC ambulatory expenditures in 2017 USD (millions);646.17;887.86;311.61
LBY;147;Libya;2013;PHC ambulatory expenditures per capita in 2017 USD;99;136;48
LBY;147;Libya;2013;PHC expenditures in 2017 USD (millions);1498.2;1823.43;1136.9
LBY;147;Libya;2013;PHC expenditures per capita in 2017 USD;229;279;174
LBY;147;Libya;2014;PHC ambulatory expenditures in 2017 USD (millions);580.14;798.13;268.86
LBY;147;Libya;2014;PHC ambulatory expenditures per capita in 2017 USD;87;120;41
LBY;147;Libya;2014;PHC expenditures in 2017 USD (millions);1354.76;1644.71;1032.1
LBY;147;Libya;2014;PHC expenditures per capita in 2017 USD;204;248;156
LBY;147;Libya;2015;PHC ambulatory expenditures in 2017 USD (millions);526.41;724.16;242.58
LBY;147;Libya;2015;PHC ambulatory expenditures per capita in 2017 USD;78;108;36
LBY;147;Libya;2015;PHC expenditures in 2017 USD (millions);1229.56;1492.15;938.13
LBY;147;Libya;2015;PHC expenditures per capita in 2017 USD;183;222;139
LBY;147;Libya;2016;PHC ambulatory expenditures in 2017 USD (millions);493.48;678.51;229.22
LBY;147;Libya;2016;PHC ambulatory expenditures per capita in 2017 USD;72;99;34
LBY;147;Libya;2016;PHC expenditures in 2017 USD (millions);1150.69;1399.17;876.76
LBY;147;Libya;2016;PHC expenditures per capita in 2017 USD;169;205;129
LBY;147;Libya;2017;PHC ambulatory expenditures in 2017 USD (millions);459.27;630.73;219.57
LBY;147;Libya;2017;PHC ambulatory expenditures per capita in 2017 USD;66;91;32
LBY;147;Libya;2017;PHC expenditures in 2017 USD (millions);1066.22;1297.58;811.52
LBY;147;Libya;2017;PHC expenditures per capita in 2017 USD;154;188;117
LCA;116;Saint Lucia;2000;PHC ambulatory expenditures in 2017 USD (millions);12.94;17.69;6.72
LCA;116;Saint Lucia;2000;PHC ambulatory expenditures per capita in 2017 USD;83;114;43
LCA;116;Saint Lucia;2000;PHC expenditures in 2017 USD (millions);29.35;36.12;21.96
LCA;116;Saint Lucia;2000;PHC expenditures per capita in 2017 USD;189;232;141
LCA;116;Saint Lucia;2001;PHC ambulatory expenditures in 2017 USD (millions);12.83;17.54;6.63
LCA;116;Saint Lucia;2001;PHC ambulatory expenditures per capita in 2017 USD;82;112;42
LCA;116;Saint Lucia;2001;PHC expenditures in 2017 USD (millions);29.11;35.82;21.79
LCA;116;Saint Lucia;2001;PHC expenditures per capita in 2017 USD;185;228;139
LCA;116;Saint Lucia;2002;PHC ambulatory expenditures in 2017 USD (millions);13.22;18.08;6.82
LCA;116;Saint Lucia;2002;PHC ambulatory expenditures per capita in 2017 USD;83;114;43
LCA;116;Saint Lucia;2002;PHC expenditures in 2017 USD (millions);30;36.92;22.46
LCA;116;Saint Lucia;2002;PHC expenditures per capita in 2017 USD;189;233;142
LCA;116;Saint Lucia;2003;PHC ambulatory expenditures in 2017 USD (millions);13.52;18.49;7
LCA;116;Saint Lucia;2003;PHC ambulatory expenditures per capita in 2017 USD;84;115;44
LCA;116;Saint Lucia;2003;PHC expenditures in 2017 USD (millions);30.66;37.73;22.96
LCA;116;Saint Lucia;2003;PHC expenditures per capita in 2017 USD;191;236;143
LCA;116;Saint Lucia;2004;PHC ambulatory expenditures in 2017 USD (millions);13.87;18.97;7.18
LCA;116;Saint Lucia;2004;PHC ambulatory expenditures per capita in 2017 USD;86;117;44
LCA;116;Saint Lucia;2004;PHC expenditures in 2017 USD (millions);31.46;38.69;23.56
LCA;116;Saint Lucia;2004;PHC expenditures per capita in 2017 USD;195;239;146
LCA;116;Saint Lucia;2005;PHC ambulatory expenditures in 2017 USD (millions);14.77;20.21;7.62
LCA;116;Saint Lucia;2005;PHC ambulatory expenditures per capita in 2017 USD;91;124;47
LCA;116;Saint Lucia;2005;PHC expenditures in 2017 USD (millions);33.49;41.19;25.08
LCA;116;Saint Lucia;2005;PHC expenditures per capita in 2017 USD;206;253;154
LCA;116;Saint Lucia;2006;PHC ambulatory expenditures in 2017 USD (millions);14.89;20.36;7.71
LCA;116;Saint Lucia;2006;PHC ambulatory expenditures per capita in 2017 USD;91;124;47
LCA;116;Saint Lucia;2006;PHC expenditures in 2017 USD (millions);33.74;41.49;25.28
LCA;116;Saint Lucia;2006;PHC expenditures per capita in 2017 USD;205;253;154
LCA;116;Saint Lucia;2007;PHC ambulatory expenditures in 2017 USD (millions);14.84;20.29;7.71
LCA;116;Saint Lucia;2007;PHC ambulatory expenditures per capita in 2017 USD;90;123;47
LCA;116;Saint Lucia;2007;PHC expenditures in 2017 USD (millions);33.61;41.35;25.19
LCA;116;Saint Lucia;2007;PHC expenditures per capita in 2017 USD;203;250;152
LCA;116;Saint Lucia;2008;PHC ambulatory expenditures in 2017 USD (millions);15.89;21.72;8.24
LCA;116;Saint Lucia;2008;PHC ambulatory expenditures per capita in 2017 USD;95;130;49
LCA;116;Saint Lucia;2008;PHC expenditures in 2017 USD (millions);35.97;44.24;26.96
LCA;116;Saint Lucia;2008;PHC expenditures per capita in 2017 USD;215;265;161
LCA;116;Saint Lucia;2009;PHC ambulatory expenditures in 2017 USD (millions);16.4;22.42;8.48
LCA;116;Saint Lucia;2009;PHC ambulatory expenditures per capita in 2017 USD;97;133;50
LCA;116;Saint Lucia;2009;PHC expenditures in 2017 USD (millions);37.12;45.65;27.8
LCA;116;Saint Lucia;2009;PHC expenditures per capita in 2017 USD;221;271;165
LCA;116;Saint Lucia;2010;PHC ambulatory expenditures in 2017 USD (millions);15.89;21.72;8.2
LCA;116;Saint Lucia;2010;PHC ambulatory expenditures per capita in 2017 USD;94;128;48
LCA;116;Saint Lucia;2010;PHC expenditures in 2017 USD (millions);35.98;44.24;26.95
LCA;116;Saint Lucia;2010;PHC expenditures per capita in 2017 USD;212;261;159
LCA;116;Saint Lucia;2011;PHC ambulatory expenditures in 2017 USD (millions);19.13;26.15;9.98
LCA;116;Saint Lucia;2011;PHC ambulatory expenditures per capita in 2017 USD;112;153;58
LCA;116;Saint Lucia;2011;PHC expenditures in 2017 USD (millions);43.2;53.17;32.36
LCA;116;Saint Lucia;2011;PHC expenditures per capita in 2017 USD;253;312;190
LCA;116;Saint Lucia;2012;PHC ambulatory expenditures in 2017 USD (millions);18.82;25.74;9.69
LCA;116;Saint Lucia;2012;PHC ambulatory expenditures per capita in 2017 USD;110;150;56
LCA;116;Saint Lucia;2012;PHC expenditures in 2017 USD (millions);42.57;52.38;31.87
LCA;116;Saint Lucia;2012;PHC expenditures per capita in 2017 USD;248;305;186
LCA;116;Saint Lucia;2013;PHC ambulatory expenditures in 2017 USD (millions);16.08;22.01;8.17
LCA;116;Saint Lucia;2013;PHC ambulatory expenditures per capita in 2017 USD;93;127;47
LCA;116;Saint Lucia;2013;PHC expenditures in 2017 USD (millions);36.48;44.88;27.32
LCA;116;Saint Lucia;2013;PHC expenditures per capita in 2017 USD;211;260;158
LCA;116;Saint Lucia;2014;PHC ambulatory expenditures in 2017 USD (millions);15.48;21.21;7.77
LCA;116;Saint Lucia;2014;PHC ambulatory expenditures per capita in 2017 USD;89;122;45
LCA;116;Saint Lucia;2014;PHC expenditures in 2017 USD (millions);35.21;43.29;26.35
LCA;116;Saint Lucia;2014;PHC expenditures per capita in 2017 USD;203;249;152
LCA;116;Saint Lucia;2015;PHC ambulatory expenditures in 2017 USD (millions);14.98;20.52;7.49
LCA;116;Saint Lucia;2015;PHC ambulatory expenditures per capita in 2017 USD;86;117;43
LCA;116;Saint Lucia;2015;PHC expenditures in 2017 USD (millions);34.13;41.92;25.55
LCA;116;Saint Lucia;2015;PHC expenditures per capita in 2017 USD;195;240;146
LCA;116;Saint Lucia;2016;PHC ambulatory expenditures in 2017 USD (millions);15.47;21.16;7.73
LCA;116;Saint Lucia;2016;PHC ambulatory expenditures per capita in 2017 USD;88;120;44
LCA;116;Saint Lucia;2016;PHC expenditures in 2017 USD (millions);35.25;43.32;26.4
LCA;116;Saint Lucia;2016;PHC expenditures per capita in 2017 USD;201;247;150
LCA;116;Saint Lucia;2017;PHC ambulatory expenditures in 2017 USD (millions);15.16;20.73;7.5
LCA;116;Saint Lucia;2017;PHC ambulatory expenditures per capita in 2017 USD;86;117;43
LCA;116;Saint Lucia;2017;PHC expenditures in 2017 USD (millions);34.64;42.5;25.91
LCA;116;Saint Lucia;2017;PHC expenditures per capita in 2017 USD;196;241;147
LKA;17;Sri Lanka;2000;PHC ambulatory expenditures in 2017 USD (millions);247.29;379.52;102.4
LKA;17;Sri Lanka;2000;PHC ambulatory expenditures per capita in 2017 USD;13;20;5
LKA;17;Sri Lanka;2000;PHC expenditures in 2017 USD (millions);558.46;883.41;317.7
LKA;17;Sri Lanka;2000;PHC expenditures per capita in 2017 USD;30;47;17
LKA;17;Sri Lanka;2001;PHC ambulatory expenditures in 2017 USD (millions);250.53;384.26;103.96
LKA;17;Sri Lanka;2001;PHC ambulatory expenditures per capita in 2017 USD;13;20;5
LKA;17;Sri Lanka;2001;PHC expenditures in 2017 USD (millions);566.83;893.63;323.46
LKA;17;Sri Lanka;2001;PHC expenditures per capita in 2017 USD;30;47;17
LKA;17;Sri Lanka;2002;PHC ambulatory expenditures in 2017 USD (millions);251.38;385.28;104.49
LKA;17;Sri Lanka;2002;PHC ambulatory expenditures per capita in 2017 USD;13;20;5
LKA;17;Sri Lanka;2002;PHC expenditures in 2017 USD (millions);569.71;896.52;326.37
LKA;17;Sri Lanka;2002;PHC expenditures per capita in 2017 USD;30;47;17
LKA;17;Sri Lanka;2003;PHC ambulatory expenditures in 2017 USD (millions);255.36;391.04;106.38
LKA;17;Sri Lanka;2003;PHC ambulatory expenditures per capita in 2017 USD;13;20;6
LKA;17;Sri Lanka;2003;PHC expenditures in 2017 USD (millions);579.53;911.44;333.5
LKA;17;Sri Lanka;2003;PHC expenditures per capita in 2017 USD;30;47;17
LKA;17;Sri Lanka;2004;PHC ambulatory expenditures in 2017 USD (millions);266.02;406.92;111.01
LKA;17;Sri Lanka;2004;PHC ambulatory expenditures per capita in 2017 USD;14;21;6
LKA;17;Sri Lanka;2004;PHC expenditures in 2017 USD (millions);604.26;949.76;349.11
LKA;17;Sri Lanka;2004;PHC expenditures per capita in 2017 USD;31;49;18
LKA;17;Sri Lanka;2005;PHC ambulatory expenditures in 2017 USD (millions);284.74;435.31;118.75
LKA;17;Sri Lanka;2005;PHC ambulatory expenditures per capita in 2017 USD;14;22;6
LKA;17;Sri Lanka;2005;PHC expenditures in 2017 USD (millions);646.61;1016.64;374.87
LKA;17;Sri Lanka;2005;PHC expenditures per capita in 2017 USD;33;52;19
LKA;17;Sri Lanka;2006;PHC ambulatory expenditures in 2017 USD (millions);307.24;469.7;128.1
LKA;17;Sri Lanka;2006;PHC ambulatory expenditures per capita in 2017 USD;16;24;6
LKA;17;Sri Lanka;2006;PHC expenditures in 2017 USD (millions);697.37;1097.07;405.4
LKA;17;Sri Lanka;2006;PHC expenditures per capita in 2017 USD;35;55;20
LKA;17;Sri Lanka;2007;PHC ambulatory expenditures in 2017 USD (millions);320.89;490.73;133.71
LKA;17;Sri Lanka;2007;PHC ambulatory expenditures per capita in 2017 USD;16;25;7
LKA;17;Sri Lanka;2007;PHC expenditures in 2017 USD (millions);728.33;1146.82;423.69
LKA;17;Sri Lanka;2007;PHC expenditures per capita in 2017 USD;36;57;21
LKA;17;Sri Lanka;2008;PHC ambulatory expenditures in 2017 USD (millions);335.92;514.14;139.99
LKA;17;Sri Lanka;2008;PHC ambulatory expenditures per capita in 2017 USD;17;25;7
LKA;17;Sri Lanka;2008;PHC expenditures in 2017 USD (millions);762.09;1202.53;442.16
LKA;17;Sri Lanka;2008;PHC expenditures per capita in 2017 USD;38;60;22
LKA;17;Sri Lanka;2009;PHC ambulatory expenditures in 2017 USD (millions);370.59;567.39;154.54
LKA;17;Sri Lanka;2009;PHC ambulatory expenditures per capita in 2017 USD;18;28;8
LKA;17;Sri Lanka;2009;PHC expenditures in 2017 USD (millions);839.54;1327.04;486.07
LKA;17;Sri Lanka;2009;PHC expenditures per capita in 2017 USD;41;65;24
LKA;17;Sri Lanka;2010;PHC ambulatory expenditures in 2017 USD (millions);379.01;580.56;158.17
LKA;17;Sri Lanka;2010;PHC ambulatory expenditures per capita in 2017 USD;18;28;8
LKA;17;Sri Lanka;2010;PHC expenditures in 2017 USD (millions);858.9;1357.12;498.31
LKA;17;Sri Lanka;2010;PHC expenditures per capita in 2017 USD;42;66;24
LKA;17;Sri Lanka;2011;PHC ambulatory expenditures in 2017 USD (millions);401.39;614.76;167.5
LKA;17;Sri Lanka;2011;PHC ambulatory expenditures per capita in 2017 USD;19;30;8
LKA;17;Sri Lanka;2011;PHC expenditures in 2017 USD (millions);909.58;1436.04;527.59
LKA;17;Sri Lanka;2011;PHC expenditures per capita in 2017 USD;44;69;25
LKA;17;Sri Lanka;2012;PHC ambulatory expenditures in 2017 USD (millions);408.2;625.08;170.19
LKA;17;Sri Lanka;2012;PHC ambulatory expenditures per capita in 2017 USD;20;30;8
LKA;17;Sri Lanka;2012;PHC expenditures in 2017 USD (millions);926.06;1460.84;536.71
LKA;17;Sri Lanka;2012;PHC expenditures per capita in 2017 USD;44;70;26
LKA;17;Sri Lanka;2013;PHC ambulatory expenditures in 2017 USD (millions);430.22;658.33;179.3
LKA;17;Sri Lanka;2013;PHC ambulatory expenditures per capita in 2017 USD;20;31;9
LKA;17;Sri Lanka;2013;PHC expenditures in 2017 USD (millions);976.41;1538.51;565.68
LKA;17;Sri Lanka;2013;PHC expenditures per capita in 2017 USD;46;73;27
LKA;17;Sri Lanka;2014;PHC ambulatory expenditures in 2017 USD (millions);459.15;701.99;191.46
LKA;17;Sri Lanka;2014;PHC ambulatory expenditures per capita in 2017 USD;22;33;9
LKA;17;Sri Lanka;2014;PHC expenditures in 2017 USD (millions);1041.86;1639.58;604.64
LKA;17;Sri Lanka;2014;PHC expenditures per capita in 2017 USD;49;77;29
LKA;17;Sri Lanka;2015;PHC ambulatory expenditures in 2017 USD (millions);517.12;789.97;215.82
LKA;17;Sri Lanka;2015;PHC ambulatory expenditures per capita in 2017 USD;24;37;10
LKA;17;Sri Lanka;2015;PHC expenditures in 2017 USD (millions);1171.34;1841.57;681.65
LKA;17;Sri Lanka;2015;PHC expenditures per capita in 2017 USD;55;86;32
LKA;17;Sri Lanka;2016;PHC ambulatory expenditures in 2017 USD (millions);528.94;807.49;220.94
LKA;17;Sri Lanka;2016;PHC ambulatory expenditures per capita in 2017 USD;25;38;10
LKA;17;Sri Lanka;2016;PHC expenditures in 2017 USD (millions);1198.48;1881.75;700.04
LKA;17;Sri Lanka;2016;PHC expenditures per capita in 2017 USD;56;88;33
LKA;17;Sri Lanka;2017;PHC ambulatory expenditures in 2017 USD (millions);557.12;850.08;232.92
LKA;17;Sri Lanka;2017;PHC ambulatory expenditures per capita in 2017 USD;26;39;11
LKA;17;Sri Lanka;2017;PHC expenditures in 2017 USD (millions);1262.37;1980.3;739.85
LKA;17;Sri Lanka;2017;PHC expenditures per capita in 2017 USD;58;92;34
LSO;194;Lesotho;2000;PHC ambulatory expenditures in 2017 USD (millions);14.77;20.02;6.2
LSO;194;Lesotho;2000;PHC ambulatory expenditures per capita in 2017 USD;7;10;3
LSO;194;Lesotho;2000;PHC expenditures in 2017 USD (millions);35.15;42.47;26.89
LSO;194;Lesotho;2000;PHC expenditures per capita in 2017 USD;18;21;14
LSO;194;Lesotho;2001;PHC ambulatory expenditures in 2017 USD (millions);16.23;21.92;6.67
LSO;194;Lesotho;2001;PHC ambulatory expenditures per capita in 2017 USD;8;11;3
LSO;194;Lesotho;2001;PHC expenditures in 2017 USD (millions);38.78;46.79;29.65
LSO;194;Lesotho;2001;PHC expenditures per capita in 2017 USD;20;24;15
LSO;194;Lesotho;2002;PHC ambulatory expenditures in 2017 USD (millions);16.4;22.09;6.67
LSO;194;Lesotho;2002;PHC ambulatory expenditures per capita in 2017 USD;8;11;3
LSO;194;Lesotho;2002;PHC expenditures in 2017 USD (millions);39.39;47.59;30.09
LSO;194;Lesotho;2002;PHC expenditures per capita in 2017 USD;20;24;15
LSO;194;Lesotho;2003;PHC ambulatory expenditures in 2017 USD (millions);17.2;23.14;6.98
LSO;194;Lesotho;2003;PHC ambulatory expenditures per capita in 2017 USD;9;12;4
LSO;194;Lesotho;2003;PHC expenditures in 2017 USD (millions);41.32;49.91;31.61
LSO;194;Lesotho;2003;PHC expenditures per capita in 2017 USD;21;25;16
LSO;194;Lesotho;2004;PHC ambulatory expenditures in 2017 USD (millions);17.1;23.01;6.91
LSO;194;Lesotho;2004;PHC ambulatory expenditures per capita in 2017 USD;9;12;4
LSO;194;Lesotho;2004;PHC expenditures in 2017 USD (millions);41.19;49.63;31.59
LSO;194;Lesotho;2004;PHC expenditures per capita in 2017 USD;21;25;16
LSO;194;Lesotho;2005;PHC ambulatory expenditures in 2017 USD (millions);17.48;23.55;7
LSO;194;Lesotho;2005;PHC ambulatory expenditures per capita in 2017 USD;9;12;4
LSO;194;Lesotho;2005;PHC expenditures in 2017 USD (millions);42.2;50.73;32.38
LSO;194;Lesotho;2005;PHC expenditures per capita in 2017 USD;22;26;17
LSO;194;Lesotho;2006;PHC ambulatory expenditures in 2017 USD (millions);19.26;25.98;7.64
LSO;194;Lesotho;2006;PHC ambulatory expenditures per capita in 2017 USD;10;13;4
LSO;194;Lesotho;2006;PHC expenditures in 2017 USD (millions);46.49;55.83;35.66
LSO;194;Lesotho;2006;PHC expenditures per capita in 2017 USD;24;29;18
LSO;194;Lesotho;2007;PHC ambulatory expenditures in 2017 USD (millions);22.76;30.69;9.05
LSO;194;Lesotho;2007;PHC ambulatory expenditures per capita in 2017 USD;12;16;5
LSO;194;Lesotho;2007;PHC expenditures in 2017 USD (millions);54.69;65.7;41.85
LSO;194;Lesotho;2007;PHC expenditures per capita in 2017 USD;28;34;22
LSO;194;Lesotho;2008;PHC ambulatory expenditures in 2017 USD (millions);28.41;38.27;11.36
LSO;194;Lesotho;2008;PHC ambulatory expenditures per capita in 2017 USD;15;20;6
LSO;194;Lesotho;2008;PHC expenditures in 2017 USD (millions);67.84;81.64;51.8
LSO;194;Lesotho;2008;PHC expenditures per capita in 2017 USD;35;42;27
LSO;194;Lesotho;2009;PHC ambulatory expenditures in 2017 USD (millions);29.95;40.43;11.8
LSO;194;Lesotho;2009;PHC ambulatory expenditures per capita in 2017 USD;16;21;6
LSO;194;Lesotho;2009;PHC expenditures in 2017 USD (millions);71.69;86.21;54.7
LSO;194;Lesotho;2009;PHC expenditures per capita in 2017 USD;37;45;28
LSO;194;Lesotho;2010;PHC ambulatory expenditures in 2017 USD (millions);35.37;47.66;14.1
LSO;194;Lesotho;2010;PHC ambulatory expenditures per capita in 2017 USD;18;25;7
LSO;194;Lesotho;2010;PHC expenditures in 2017 USD (millions);84.15;101.44;63.92
LSO;194;Lesotho;2010;PHC expenditures per capita in 2017 USD;44;53;33
LSO;194;Lesotho;2011;PHC ambulatory expenditures in 2017 USD (millions);42.86;57.81;17.02
LSO;194;Lesotho;2011;PHC ambulatory expenditures per capita in 2017 USD;22;30;9
LSO;194;Lesotho;2011;PHC expenditures in 2017 USD (millions);101.88;122.69;77.32
LSO;194;Lesotho;2011;PHC expenditures per capita in 2017 USD;53;64;40
LSO;194;Lesotho;2012;PHC ambulatory expenditures in 2017 USD (millions);44.12;59.53;17.32
LSO;194;Lesotho;2012;PHC ambulatory expenditures per capita in 2017 USD;23;31;9
LSO;194;Lesotho;2012;PHC expenditures in 2017 USD (millions);105.25;126.39;80.04
LSO;194;Lesotho;2012;PHC expenditures per capita in 2017 USD;55;66;42
LSO;194;Lesotho;2013;PHC ambulatory expenditures in 2017 USD (millions);50.12;67.6;19.58
LSO;194;Lesotho;2013;PHC ambulatory expenditures per capita in 2017 USD;26;35;10
LSO;194;Lesotho;2013;PHC expenditures in 2017 USD (millions);119.58;143.43;91.01
LSO;194;Lesotho;2013;PHC expenditures per capita in 2017 USD;62;75;47
LSO;194;Lesotho;2014;PHC ambulatory expenditures in 2017 USD (millions);35.78;48.68;13.49
LSO;194;Lesotho;2014;PHC ambulatory expenditures per capita in 2017 USD;19;25;7
LSO;194;Lesotho;2014;PHC expenditures in 2017 USD (millions);86.85;104.08;66.32
LSO;194;Lesotho;2014;PHC expenditures per capita in 2017 USD;45;54;34
LSO;194;Lesotho;2015;PHC ambulatory expenditures in 2017 USD (millions);36.53;49.7;13.6
LSO;194;Lesotho;2015;PHC ambulatory expenditures per capita in 2017 USD;19;26;7
LSO;194;Lesotho;2015;PHC expenditures in 2017 USD (millions);89.06;106.65;67.74
LSO;194;Lesotho;2015;PHC expenditures per capita in 2017 USD;46;55;35
LSO;194;Lesotho;2016;PHC ambulatory expenditures in 2017 USD (millions);41.33;56.22;15.35
LSO;194;Lesotho;2016;PHC ambulatory expenditures per capita in 2017 USD;21;29;8
LSO;194;Lesotho;2016;PHC expenditures in 2017 USD (millions);100.56;120.39;76.48
LSO;194;Lesotho;2016;PHC expenditures per capita in 2017 USD;52;62;39
LSO;194;Lesotho;2017;PHC ambulatory expenditures in 2017 USD (millions);44.32;60.32;16.38
LSO;194;Lesotho;2017;PHC ambulatory expenditures per capita in 2017 USD;23;31;8
LSO;194;Lesotho;2017;PHC expenditures in 2017 USD (millions);107.91;129.18;82
LSO;194;Lesotho;2017;PHC expenditures per capita in 2017 USD;55;66;42
MAR;148;Morocco;2000;PHC ambulatory expenditures in 2017 USD (millions);338.99;691.04;10.02
MAR;148;Morocco;2000;PHC ambulatory expenditures per capita in 2017 USD;11;23;0
MAR;148;Morocco;2000;PHC expenditures in 2017 USD (millions);827.66;1187.13;410.67
MAR;148;Morocco;2000;PHC expenditures per capita in 2017 USD;28;40;14
MAR;148;Morocco;2001;PHC ambulatory expenditures in 2017 USD (millions);375.54;763.62;11.15
MAR;148;Morocco;2001;PHC ambulatory expenditures per capita in 2017 USD;13;26;0
MAR;148;Morocco;2001;PHC expenditures in 2017 USD (millions);917.51;1314.12;454.72
MAR;148;Morocco;2001;PHC expenditures per capita in 2017 USD;31;44;15
MAR;148;Morocco;2002;PHC ambulatory expenditures in 2017 USD (millions);420.77;855.29;12.56
MAR;148;Morocco;2002;PHC ambulatory expenditures per capita in 2017 USD;14;28;0
MAR;148;Morocco;2002;PHC expenditures in 2017 USD (millions);1029.05;1471.22;509.23
MAR;148;Morocco;2002;PHC expenditures per capita in 2017 USD;34;49;17
MAR;148;Morocco;2003;PHC ambulatory expenditures in 2017 USD (millions);447.31;909.21;13.4
MAR;148;Morocco;2003;PHC ambulatory expenditures per capita in 2017 USD;15;30;0
MAR;148;Morocco;2003;PHC expenditures in 2017 USD (millions);1094.79;1563.06;541.5
MAR;148;Morocco;2003;PHC expenditures per capita in 2017 USD;36;51;18
MAR;148;Morocco;2004;PHC ambulatory expenditures in 2017 USD (millions);475.19;963.37;14.33
MAR;148;Morocco;2004;PHC ambulatory expenditures per capita in 2017 USD;15;31;0
MAR;148;Morocco;2004;PHC expenditures in 2017 USD (millions);1165.43;1662.63;576.58
MAR;148;Morocco;2004;PHC expenditures per capita in 2017 USD;38;54;19
MAR;148;Morocco;2005;PHC ambulatory expenditures in 2017 USD (millions);545.78;1103.63;16.58
MAR;148;Morocco;2005;PHC ambulatory expenditures per capita in 2017 USD;17;35;1
MAR;148;Morocco;2005;PHC expenditures in 2017 USD (millions);1340.4;1913.79;663.15
MAR;148;Morocco;2005;PHC expenditures per capita in 2017 USD;43;61;21
MAR;148;Morocco;2006;PHC ambulatory expenditures in 2017 USD (millions);568.88;1145.53;17.44
MAR;148;Morocco;2006;PHC ambulatory expenditures per capita in 2017 USD;18;36;1
MAR;148;Morocco;2006;PHC expenditures in 2017 USD (millions);1401.03;2000.85;693.93
MAR;148;Morocco;2006;PHC expenditures per capita in 2017 USD;44;63;22
MAR;148;Morocco;2007;PHC ambulatory expenditures in 2017 USD (millions);616.83;1239.79;19.04
MAR;148;Morocco;2007;PHC ambulatory expenditures per capita in 2017 USD;19;39;1
MAR;148;Morocco;2007;PHC expenditures in 2017 USD (millions);1522.26;2174.98;754.49
MAR;148;Morocco;2007;PHC expenditures per capita in 2017 USD;47;68;24
MAR;148;Morocco;2008;PHC ambulatory expenditures in 2017 USD (millions);701.99;1411.4;21.69
MAR;148;Morocco;2008;PHC ambulatory expenditures per capita in 2017 USD;22;44;1
MAR;148;Morocco;2008;PHC expenditures in 2017 USD (millions);1732.12;2475.91;858.4
MAR;148;Morocco;2008;PHC expenditures per capita in 2017 USD;53;76;26
MAR;148;Morocco;2009;PHC ambulatory expenditures in 2017 USD (millions);757.25;1519.84;23.42
MAR;148;Morocco;2009;PHC ambulatory expenditures per capita in 2017 USD;23;46;1
MAR;148;Morocco;2009;PHC expenditures in 2017 USD (millions);1869.43;2671.45;926.85
MAR;148;Morocco;2009;PHC expenditures per capita in 2017 USD;57;81;28
MAR;148;Morocco;2010;PHC ambulatory expenditures in 2017 USD (millions);780.79;1563.7;24.22
MAR;148;Morocco;2010;PHC ambulatory expenditures per capita in 2017 USD;24;47;1
MAR;148;Morocco;2010;PHC expenditures in 2017 USD (millions);1930.28;2756.62;956.29
MAR;148;Morocco;2010;PHC expenditures per capita in 2017 USD;58;83;29
MAR;148;Morocco;2011;PHC ambulatory expenditures in 2017 USD (millions);839.71;1677.36;26.2
MAR;148;Morocco;2011;PHC ambulatory expenditures per capita in 2017 USD;25;50;1
MAR;148;Morocco;2011;PHC expenditures in 2017 USD (millions);2078.94;2966.79;1031.24
MAR;148;Morocco;2011;PHC expenditures per capita in 2017 USD;62;89;31
MAR;148;Morocco;2012;PHC ambulatory expenditures in 2017 USD (millions);861.69;1716.02;27.13
MAR;148;Morocco;2012;PHC ambulatory expenditures per capita in 2017 USD;25;51;1
MAR;148;Morocco;2012;PHC expenditures in 2017 USD (millions);2138.67;3048.38;1062.03
MAR;148;Morocco;2012;PHC expenditures per capita in 2017 USD;63;90;31
MAR;148;Morocco;2013;PHC ambulatory expenditures in 2017 USD (millions);882.82;1755.59;27.9
MAR;148;Morocco;2013;PHC ambulatory expenditures per capita in 2017 USD;26;51;1
MAR;148;Morocco;2013;PHC expenditures in 2017 USD (millions);2193.33;3124.9;1089.63
MAR;148;Morocco;2013;PHC expenditures per capita in 2017 USD;64;91;32
MAR;148;Morocco;2014;PHC ambulatory expenditures in 2017 USD (millions);882.56;1750.63;28.1
MAR;148;Morocco;2014;PHC ambulatory expenditures per capita in 2017 USD;26;51;1
MAR;148;Morocco;2014;PHC expenditures in 2017 USD (millions);2197.77;3128.68;1092
MAR;148;Morocco;2014;PHC expenditures per capita in 2017 USD;64;91;32
MAR;148;Morocco;2015;PHC ambulatory expenditures in 2017 USD (millions);853.09;1684.05;27.42
MAR;148;Morocco;2015;PHC ambulatory expenditures per capita in 2017 USD;24;48;1
MAR;148;Morocco;2015;PHC expenditures in 2017 USD (millions);2132.12;3030.86;1063.18
MAR;148;Morocco;2015;PHC expenditures per capita in 2017 USD;61;87;30
MAR;148;Morocco;2016;PHC ambulatory expenditures in 2017 USD (millions);900.02;1771.13;29.15
MAR;148;Morocco;2016;PHC ambulatory expenditures per capita in 2017 USD;26;50;1
MAR;148;Morocco;2016;PHC expenditures in 2017 USD (millions);2253.64;3199.19;1126.41
MAR;148;Morocco;2016;PHC expenditures per capita in 2017 USD;64;91;32
MAR;148;Morocco;2017;PHC ambulatory expenditures in 2017 USD (millions);916.62;1802.95;30.01
MAR;148;Morocco;2017;PHC ambulatory expenditures per capita in 2017 USD;26;51;1
MAR;148;Morocco;2017;PHC expenditures in 2017 USD (millions);2303.18;3256.38;1152.06
MAR;148;Morocco;2017;PHC expenditures per capita in 2017 USD;65;92;32
MDA;61;Moldova;2000;PHC ambulatory expenditures in 2017 USD (millions);41.15;87.68;8.35
MDA;61;Moldova;2000;PHC ambulatory expenditures per capita in 2017 USD;10;21;2
MDA;61;Moldova;2000;PHC expenditures in 2017 USD (millions);126.73;178.73;68.62
MDA;61;Moldova;2000;PHC expenditures per capita in 2017 USD;30;43;16
MDA;61;Moldova;2001;PHC ambulatory expenditures in 2017 USD (millions);42.03;89.83;8.52
MDA;61;Moldova;2001;PHC ambulatory expenditures per capita in 2017 USD;10;22;2
MDA;61;Moldova;2001;PHC expenditures in 2017 USD (millions);129.25;182.38;69.85
MDA;61;Moldova;2001;PHC expenditures per capita in 2017 USD;31;44;17
MDA;61;Moldova;2002;PHC ambulatory expenditures in 2017 USD (millions);48;102.49;9.77
MDA;61;Moldova;2002;PHC ambulatory expenditures per capita in 2017 USD;12;25;2
MDA;61;Moldova;2002;PHC expenditures in 2017 USD (millions);147.32;207.93;79.8
MDA;61;Moldova;2002;PHC expenditures per capita in 2017 USD;36;50;19
MDA;61;Moldova;2003;PHC ambulatory expenditures in 2017 USD (millions);56.42;120.3;11.54
MDA;61;Moldova;2003;PHC ambulatory expenditures per capita in 2017 USD;14;29;3
MDA;61;Moldova;2003;PHC expenditures in 2017 USD (millions);172.96;244.11;93.97
MDA;61;Moldova;2003;PHC expenditures per capita in 2017 USD;42;60;23
MDA;61;Moldova;2004;PHC ambulatory expenditures in 2017 USD (millions);67.83;144.35;13.95
MDA;61;Moldova;2004;PHC ambulatory expenditures per capita in 2017 USD;17;36;3
MDA;61;Moldova;2004;PHC expenditures in 2017 USD (millions);207.91;293.3;113.3
MDA;61;Moldova;2004;PHC expenditures per capita in 2017 USD;51;72;28
MDA;61;Moldova;2005;PHC ambulatory expenditures in 2017 USD (millions);80.4;170.74;16.57
MDA;61;Moldova;2005;PHC ambulatory expenditures per capita in 2017 USD;20;43;4
MDA;61;Moldova;2005;PHC expenditures in 2017 USD (millions);246.31;347.45;134.32
MDA;61;Moldova;2005;PHC expenditures per capita in 2017 USD;61;86;33
MDA;61;Moldova;2006;PHC ambulatory expenditures in 2017 USD (millions);89.7;189.97;18.51
MDA;61;Moldova;2006;PHC ambulatory expenditures per capita in 2017 USD;23;48;5
MDA;61;Moldova;2006;PHC expenditures in 2017 USD (millions);274.86;387.64;150
MDA;61;Moldova;2006;PHC expenditures per capita in 2017 USD;69;97;38
MDA;61;Moldova;2007;PHC ambulatory expenditures in 2017 USD (millions);100.45;212.85;20.7
MDA;61;Moldova;2007;PHC ambulatory expenditures per capita in 2017 USD;25;54;5
MDA;61;Moldova;2007;PHC expenditures in 2017 USD (millions);307.49;433.85;167.4
MDA;61;Moldova;2007;PHC expenditures per capita in 2017 USD;78;110;42
MDA;61;Moldova;2008;PHC ambulatory expenditures in 2017 USD (millions);106.98;226.99;22.01
MDA;61;Moldova;2008;PHC ambulatory expenditures per capita in 2017 USD;27;58;6
MDA;61;Moldova;2008;PHC expenditures in 2017 USD (millions);327.37;461.98;177.71
MDA;61;Moldova;2008;PHC expenditures per capita in 2017 USD;83;118;45
MDA;61;Moldova;2009;PHC ambulatory expenditures in 2017 USD (millions);115.3;245.11;23.68
MDA;61;Moldova;2009;PHC ambulatory expenditures per capita in 2017 USD;30;63;6
MDA;61;Moldova;2009;PHC expenditures in 2017 USD (millions);352.53;497.69;191.14
MDA;61;Moldova;2009;PHC expenditures per capita in 2017 USD;90;128;49
MDA;61;Moldova;2010;PHC ambulatory expenditures in 2017 USD (millions);114.95;244.41;23.59
MDA;61;Moldova;2010;PHC ambulatory expenditures per capita in 2017 USD;30;63;6
MDA;61;Moldova;2010;PHC expenditures in 2017 USD (millions);351.66;496.38;190.67
MDA;61;Moldova;2010;PHC expenditures per capita in 2017 USD;91;128;49
MDA;61;Moldova;2011;PHC ambulatory expenditures in 2017 USD (millions);113.01;239.5;23.24
MDA;61;Moldova;2011;PHC ambulatory expenditures per capita in 2017 USD;29;62;6
MDA;61;Moldova;2011;PHC expenditures in 2017 USD (millions);346.32;488.53;188.7
MDA;61;Moldova;2011;PHC expenditures per capita in 2017 USD;90;127;49
MDA;61;Moldova;2012;PHC ambulatory expenditures in 2017 USD (millions);113.1;239.05;23.34
MDA;61;Moldova;2012;PHC ambulatory expenditures per capita in 2017 USD;30;62;6
MDA;61;Moldova;2012;PHC expenditures in 2017 USD (millions);347.22;489.37;189.96
MDA;61;Moldova;2012;PHC expenditures per capita in 2017 USD;91;128;50
MDA;61;Moldova;2013;PHC ambulatory expenditures in 2017 USD (millions);113.31;238.78;23.44
MDA;61;Moldova;2013;PHC ambulatory expenditures per capita in 2017 USD;30;63;6
MDA;61;Moldova;2013;PHC expenditures in 2017 USD (millions);348.37;490.71;191.24
MDA;61;Moldova;2013;PHC expenditures per capita in 2017 USD;92;129;50
MDA;61;Moldova;2014;PHC ambulatory expenditures in 2017 USD (millions);119.6;251.31;24.81
MDA;61;Moldova;2014;PHC ambulatory expenditures per capita in 2017 USD;32;66;7
MDA;61;Moldova;2014;PHC expenditures in 2017 USD (millions);367.93;518.11;202.52
MDA;61;Moldova;2014;PHC expenditures per capita in 2017 USD;97;137;54
MDA;61;Moldova;2015;PHC ambulatory expenditures in 2017 USD (millions);118.65;248.79;24.68
MDA;61;Moldova;2015;PHC ambulatory expenditures per capita in 2017 USD;32;66;7
MDA;61;Moldova;2015;PHC expenditures in 2017 USD (millions);365.74;514.46;201.73
MDA;61;Moldova;2015;PHC expenditures per capita in 2017 USD;97;137;54
MDA;61;Moldova;2016;PHC ambulatory expenditures in 2017 USD (millions);113.86;237.49;23.79
MDA;61;Moldova;2016;PHC ambulatory expenditures per capita in 2017 USD;30;63;6
MDA;61;Moldova;2016;PHC expenditures in 2017 USD (millions);352.17;494.43;195.09
MDA;61;Moldova;2016;PHC expenditures per capita in 2017 USD;94;132;52
MDA;61;Moldova;2017;PHC ambulatory expenditures in 2017 USD (millions);114.95;238.28;24.13
MDA;61;Moldova;2017;PHC ambulatory expenditures per capita in 2017 USD;31;64;6
MDA;61;Moldova;2017;PHC expenditures in 2017 USD (millions);356.35;499.68;197.79
MDA;61;Moldova;2017;PHC expenditures per capita in 2017 USD;96;134;53
MDG;181;Madagascar;2000;PHC ambulatory expenditures in 2017 USD (millions);44.83;80.79;4.03
MDG;181;Madagascar;2000;PHC ambulatory expenditures per capita in 2017 USD;3;5;0
MDG;181;Madagascar;2000;PHC expenditures in 2017 USD (millions);123.48;252.88;62.27
MDG;181;Madagascar;2000;PHC expenditures per capita in 2017 USD;8;16;4
MDG;181;Madagascar;2001;PHC ambulatory expenditures in 2017 USD (millions);47.98;86.43;4.32
MDG;181;Madagascar;2001;PHC ambulatory expenditures per capita in 2017 USD;3;5;0
MDG;181;Madagascar;2001;PHC expenditures in 2017 USD (millions);132.29;270.45;66.5
MDG;181;Madagascar;2001;PHC expenditures per capita in 2017 USD;8;17;4
MDG;181;Madagascar;2002;PHC ambulatory expenditures in 2017 USD (millions);41.56;74.73;3.74
MDG;181;Madagascar;2002;PHC ambulatory expenditures per capita in 2017 USD;2;4;0
MDG;181;Madagascar;2002;PHC expenditures in 2017 USD (millions);115.15;234.23;57.84
MDG;181;Madagascar;2002;PHC expenditures per capita in 2017 USD;7;14;3
MDG;181;Madagascar;2003;PHC ambulatory expenditures in 2017 USD (millions);51.6;92.74;4.65
MDG;181;Madagascar;2003;PHC ambulatory expenditures per capita in 2017 USD;3;5;0
MDG;181;Madagascar;2003;PHC expenditures in 2017 USD (millions);142.5;290.41;71.33
MDG;181;Madagascar;2003;PHC expenditures per capita in 2017 USD;8;17;4
MDG;181;Madagascar;2004;PHC ambulatory expenditures in 2017 USD (millions);60.8;109.29;5.48
MDG;181;Madagascar;2004;PHC ambulatory expenditures per capita in 2017 USD;3;6;0
MDG;181;Madagascar;2004;PHC expenditures in 2017 USD (millions);167.71;342.05;84
MDG;181;Madagascar;2004;PHC expenditures per capita in 2017 USD;9;19;5
MDG;181;Madagascar;2005;PHC ambulatory expenditures in 2017 USD (millions);58.56;105.21;5.28
MDG;181;Madagascar;2005;PHC ambulatory expenditures per capita in 2017 USD;3;6;0
MDG;181;Madagascar;2005;PHC expenditures in 2017 USD (millions);161.68;329.74;81.09
MDG;181;Madagascar;2005;PHC expenditures per capita in 2017 USD;9;18;4
MDG;181;Madagascar;2006;PHC ambulatory expenditures in 2017 USD (millions);57.76;103.83;5.21
MDG;181;Madagascar;2006;PHC ambulatory expenditures per capita in 2017 USD;3;5;0
MDG;181;Madagascar;2006;PHC expenditures in 2017 USD (millions);159.56;325.29;80.38
MDG;181;Madagascar;2006;PHC expenditures per capita in 2017 USD;8;17;4
MDG;181;Madagascar;2007;PHC ambulatory expenditures in 2017 USD (millions);58.55;105.23;5.28
MDG;181;Madagascar;2007;PHC ambulatory expenditures per capita in 2017 USD;3;5;0
MDG;181;Madagascar;2007;PHC expenditures in 2017 USD (millions);161.42;330.05;81.54
MDG;181;Madagascar;2007;PHC expenditures per capita in 2017 USD;8;17;4
MDG;181;Madagascar;2008;PHC ambulatory expenditures in 2017 USD (millions);60.96;109.8;5.49
MDG;181;Madagascar;2008;PHC ambulatory expenditures per capita in 2017 USD;3;5;0
MDG;181;Madagascar;2008;PHC expenditures in 2017 USD (millions);167.56;343.6;83.98
MDG;181;Madagascar;2008;PHC expenditures per capita in 2017 USD;8;17;4
MDG;181;Madagascar;2009;PHC ambulatory expenditures in 2017 USD (millions);52.61;94.76;4.73
MDG;181;Madagascar;2009;PHC ambulatory expenditures per capita in 2017 USD;3;5;0
MDG;181;Madagascar;2009;PHC expenditures in 2017 USD (millions);144.92;296.92;73.04
MDG;181;Madagascar;2009;PHC expenditures per capita in 2017 USD;7;14;4
MDG;181;Madagascar;2010;PHC ambulatory expenditures in 2017 USD (millions);61.48;110.74;5.53
MDG;181;Madagascar;2010;PHC ambulatory expenditures per capita in 2017 USD;3;5;0
MDG;181;Madagascar;2010;PHC expenditures in 2017 USD (millions);168.85;346.66;84.76
MDG;181;Madagascar;2010;PHC expenditures per capita in 2017 USD;8;16;4
MDG;181;Madagascar;2011;PHC ambulatory expenditures in 2017 USD (millions);55.02;99.09;4.95
MDG;181;Madagascar;2011;PHC ambulatory expenditures per capita in 2017 USD;3;5;0
MDG;181;Madagascar;2011;PHC expenditures in 2017 USD (millions);151.82;310.56;76.39
MDG;181;Madagascar;2011;PHC expenditures per capita in 2017 USD;7;14;3
MDG;181;Madagascar;2012;PHC ambulatory expenditures in 2017 USD (millions);55;99.06;4.95
MDG;181;Madagascar;2012;PHC ambulatory expenditures per capita in 2017 USD;2;4;0
MDG;181;Madagascar;2012;PHC expenditures in 2017 USD (millions);152.04;311.18;76.65
MDG;181;Madagascar;2012;PHC expenditures per capita in 2017 USD;7;14;3
MDG;181;Madagascar;2013;PHC ambulatory expenditures in 2017 USD (millions);60.5;108.97;5.44
MDG;181;Madagascar;2013;PHC ambulatory expenditures per capita in 2017 USD;3;5;0
MDG;181;Madagascar;2013;PHC expenditures in 2017 USD (millions);167.12;343.16;84.16
MDG;181;Madagascar;2013;PHC expenditures per capita in 2017 USD;7;15;4
MDG;181;Madagascar;2014;PHC ambulatory expenditures in 2017 USD (millions);61.61;110.97;5.54
MDG;181;Madagascar;2014;PHC ambulatory expenditures per capita in 2017 USD;3;5;0
MDG;181;Madagascar;2014;PHC expenditures in 2017 USD (millions);170.49;350.65;86.38
MDG;181;Madagascar;2014;PHC expenditures per capita in 2017 USD;7;15;4
MDG;181;Madagascar;2015;PHC ambulatory expenditures in 2017 USD (millions);65.3;117.62;5.88
MDG;181;Madagascar;2015;PHC ambulatory expenditures per capita in 2017 USD;3;5;0
MDG;181;Madagascar;2015;PHC expenditures in 2017 USD (millions);181.04;372.55;92.58
MDG;181;Madagascar;2015;PHC expenditures per capita in 2017 USD;7;15;4
MDG;181;Madagascar;2016;PHC ambulatory expenditures in 2017 USD (millions);70.43;126.76;6.34
MDG;181;Madagascar;2016;PHC ambulatory expenditures per capita in 2017 USD;3;5;0
MDG;181;Madagascar;2016;PHC expenditures in 2017 USD (millions);195.52;401.88;100.18
MDG;181;Madagascar;2016;PHC expenditures per capita in 2017 USD;8;16;4
MDG;181;Madagascar;2017;PHC ambulatory expenditures in 2017 USD (millions);71.67;129.05;6.46
MDG;181;Madagascar;2017;PHC ambulatory expenditures per capita in 2017 USD;3;5;0
MDG;181;Madagascar;2017;PHC expenditures in 2017 USD (millions);199.7;409.12;101.85
MDG;181;Madagascar;2017;PHC expenditures per capita in 2017 USD;8;16;4
MDV;14;Maldives;2000;PHC ambulatory expenditures in 2017 USD (millions);43.26;80.48;9.99
MDV;14;Maldives;2000;PHC ambulatory expenditures per capita in 2017 USD;155;289;36
MDV;14;Maldives;2000;PHC expenditures in 2017 USD (millions);68.73;101.81;30.6
MDV;14;Maldives;2000;PHC expenditures per capita in 2017 USD;247;365;110
MDV;14;Maldives;2001;PHC ambulatory expenditures in 2017 USD (millions);43.38;80.69;10.02
MDV;14;Maldives;2001;PHC ambulatory expenditures per capita in 2017 USD;153;285;35
MDV;14;Maldives;2001;PHC expenditures in 2017 USD (millions);68.93;102.07;30.7
MDV;14;Maldives;2001;PHC expenditures per capita in 2017 USD;244;361;108
MDV;14;Maldives;2002;PHC ambulatory expenditures in 2017 USD (millions);45.49;84.61;10.51
MDV;14;Maldives;2002;PHC ambulatory expenditures per capita in 2017 USD;158;294;37
MDV;14;Maldives;2002;PHC expenditures in 2017 USD (millions);72.35;107.03;32.27
MDV;14;Maldives;2002;PHC expenditures per capita in 2017 USD;252;373;112
MDV;14;Maldives;2003;PHC ambulatory expenditures in 2017 USD (millions);47.38;88.17;10.96
MDV;14;Maldives;2003;PHC ambulatory expenditures per capita in 2017 USD;162;302;38
MDV;14;Maldives;2003;PHC expenditures in 2017 USD (millions);75.53;111.63;33.78
MDV;14;Maldives;2003;PHC expenditures per capita in 2017 USD;259;382;116
MDV;14;Maldives;2004;PHC ambulatory expenditures in 2017 USD (millions);49.44;92.09;11.41
MDV;14;Maldives;2004;PHC ambulatory expenditures per capita in 2017 USD;166;310;38
MDV;14;Maldives;2004;PHC expenditures in 2017 USD (millions);79.19;116.89;35.58
MDV;14;Maldives;2004;PHC expenditures per capita in 2017 USD;266;393;120
MDV;14;Maldives;2005;PHC ambulatory expenditures in 2017 USD (millions);57.79;107.9;13.28
MDV;14;Maldives;2005;PHC ambulatory expenditures per capita in 2017 USD;191;356;44
MDV;14;Maldives;2005;PHC expenditures in 2017 USD (millions);93.29;137.62;42.09
MDV;14;Maldives;2005;PHC expenditures per capita in 2017 USD;308;454;139
MDV;14;Maldives;2006;PHC ambulatory expenditures in 2017 USD (millions);64.46;120.5;14.83
MDV;14;Maldives;2006;PHC ambulatory expenditures per capita in 2017 USD;208;388;48
MDV;14;Maldives;2006;PHC expenditures in 2017 USD (millions);104.54;154.14;47.28
MDV;14;Maldives;2006;PHC expenditures per capita in 2017 USD;337;496;152
MDV;14;Maldives;2007;PHC ambulatory expenditures in 2017 USD (millions);72.89;135.95;16.7
MDV;14;Maldives;2007;PHC ambulatory expenditures per capita in 2017 USD;228;426;52
MDV;14;Maldives;2007;PHC expenditures in 2017 USD (millions);118.78;174.85;54.06
MDV;14;Maldives;2007;PHC expenditures per capita in 2017 USD;372;548;169
MDV;14;Maldives;2008;PHC ambulatory expenditures in 2017 USD (millions);83.77;156.1;19.2
MDV;14;Maldives;2008;PHC ambulatory expenditures per capita in 2017 USD;255;474;58
MDV;14;Maldives;2008;PHC expenditures in 2017 USD (millions);136.95;201.35;62.55
MDV;14;Maldives;2008;PHC expenditures per capita in 2017 USD;416;612;190
MDV;14;Maldives;2009;PHC ambulatory expenditures in 2017 USD (millions);81.24;151.42;18.68
MDV;14;Maldives;2009;PHC ambulatory expenditures per capita in 2017 USD;239;445;55
MDV;14;Maldives;2009;PHC expenditures in 2017 USD (millions);133.34;195.78;61.09
MDV;14;Maldives;2009;PHC expenditures per capita in 2017 USD;392;575;179
MDV;14;Maldives;2010;PHC ambulatory expenditures in 2017 USD (millions);77.04;143.69;17.74
MDV;14;Maldives;2010;PHC ambulatory expenditures per capita in 2017 USD;218;407;50
MDV;14;Maldives;2010;PHC expenditures in 2017 USD (millions);126.68;185.97;58.15
MDV;14;Maldives;2010;PHC expenditures per capita in 2017 USD;359;527;165
MDV;14;Maldives;2011;PHC ambulatory expenditures in 2017 USD (millions);77.12;143.89;17.79
MDV;14;Maldives;2011;PHC ambulatory expenditures per capita in 2017 USD;210;393;49
MDV;14;Maldives;2011;PHC expenditures in 2017 USD (millions);127.01;186.58;58.4
MDV;14;Maldives;2011;PHC expenditures per capita in 2017 USD;347;509;159
MDV;14;Maldives;2012;PHC ambulatory expenditures in 2017 USD (millions);78.66;146.81;18.19
MDV;14;Maldives;2012;PHC ambulatory expenditures per capita in 2017 USD;207;386;48
MDV;14;Maldives;2012;PHC expenditures in 2017 USD (millions);129.83;190.65;59.8
MDV;14;Maldives;2012;PHC expenditures per capita in 2017 USD;341;501;157
MDV;14;Maldives;2013;PHC ambulatory expenditures in 2017 USD (millions);80.23;149.73;18.59
MDV;14;Maldives;2013;PHC ambulatory expenditures per capita in 2017 USD;203;378;47
MDV;14;Maldives;2013;PHC expenditures in 2017 USD (millions);132.7;194.77;61.22
MDV;14;Maldives;2013;PHC expenditures per capita in 2017 USD;335;492;155
MDV;14;Maldives;2014;PHC ambulatory expenditures in 2017 USD (millions);94.28;175.99;21.91
MDV;14;Maldives;2014;PHC ambulatory expenditures per capita in 2017 USD;229;428;53
MDV;14;Maldives;2014;PHC expenditures in 2017 USD (millions);156.23;229.08;72.01
MDV;14;Maldives;2014;PHC expenditures per capita in 2017 USD;380;557;175
MDV;14;Maldives;2015;PHC ambulatory expenditures in 2017 USD (millions);101.73;189.66;23.56
MDV;14;Maldives;2015;PHC ambulatory expenditures per capita in 2017 USD;238;444;55
MDV;14;Maldives;2015;PHC expenditures in 2017 USD (millions);169.07;247.69;78.05
MDV;14;Maldives;2015;PHC expenditures per capita in 2017 USD;396;580;183
MDV;14;Maldives;2016;PHC ambulatory expenditures in 2017 USD (millions);117.29;218.43;27.09
MDV;14;Maldives;2016;PHC ambulatory expenditures per capita in 2017 USD;265;493;61
MDV;14;Maldives;2016;PHC expenditures in 2017 USD (millions);195.31;286.03;90.36
MDV;14;Maldives;2016;PHC expenditures per capita in 2017 USD;441;646;204
MDV;14;Maldives;2017;PHC ambulatory expenditures in 2017 USD (millions);115.18;213.96;26.52
MDV;14;Maldives;2017;PHC ambulatory expenditures per capita in 2017 USD;251;467;58
MDV;14;Maldives;2017;PHC expenditures in 2017 USD (millions);192.53;281.88;89.31
MDV;14;Maldives;2017;PHC expenditures per capita in 2017 USD;420;615;195
MEX;130;Mexico;2000;PHC ambulatory expenditures in 2017 USD (millions);5109.71;7107.38;2729.49
MEX;130;Mexico;2000;PHC ambulatory expenditures per capita in 2017 USD;50;70;27
MEX;130;Mexico;2000;PHC expenditures in 2017 USD (millions);13053.19;16389.73;10168.58
MEX;130;Mexico;2000;PHC expenditures per capita in 2017 USD;128;161;100
MEX;130;Mexico;2001;PHC ambulatory expenditures in 2017 USD (millions);5433.74;7556.79;2903.75
MEX;130;Mexico;2001;PHC ambulatory expenditures per capita in 2017 USD;53;73;28
MEX;130;Mexico;2001;PHC expenditures in 2017 USD (millions);13887.55;17427.32;10826.12
MEX;130;Mexico;2001;PHC expenditures per capita in 2017 USD;135;169;105
MEX;130;Mexico;2002;PHC ambulatory expenditures in 2017 USD (millions);5817.52;8091.09;3109.75
MEX;130;Mexico;2002;PHC ambulatory expenditures per capita in 2017 USD;56;77;30
MEX;130;Mexico;2002;PHC expenditures in 2017 USD (millions);14867.6;18655.47;11585.07
MEX;130;Mexico;2002;PHC expenditures per capita in 2017 USD;142;178;111
MEX;130;Mexico;2003;PHC ambulatory expenditures in 2017 USD (millions);6450.49;8969.19;3449.26
MEX;130;Mexico;2003;PHC ambulatory expenditures per capita in 2017 USD;61;85;33
MEX;130;Mexico;2003;PHC expenditures in 2017 USD (millions);16483.09;20679.1;12873.7
MEX;130;Mexico;2003;PHC expenditures per capita in 2017 USD;155;195;121
MEX;130;Mexico;2004;PHC ambulatory expenditures in 2017 USD (millions);6724.45;9347.82;3595.97
MEX;130;Mexico;2004;PHC ambulatory expenditures per capita in 2017 USD;63;87;33
MEX;130;Mexico;2004;PHC expenditures in 2017 USD (millions);17184.04;21559.11;13448.53
MEX;130;Mexico;2004;PHC expenditures per capita in 2017 USD;160;200;125
MEX;130;Mexico;2005;PHC ambulatory expenditures in 2017 USD (millions);6988.71;9710.18;3738.07
MEX;130;Mexico;2005;PHC ambulatory expenditures per capita in 2017 USD;64;89;34
MEX;130;Mexico;2005;PHC expenditures in 2017 USD (millions);17865.85;22407.26;14015.95
MEX;130;Mexico;2005;PHC expenditures per capita in 2017 USD;164;206;129
MEX;130;Mexico;2006;PHC ambulatory expenditures in 2017 USD (millions);7180.07;9970.91;3840.71
MEX;130;Mexico;2006;PHC ambulatory expenditures per capita in 2017 USD;65;90;35
MEX;130;Mexico;2006;PHC expenditures in 2017 USD (millions);18357.53;23008.59;14413.7
MEX;130;Mexico;2006;PHC expenditures per capita in 2017 USD;166;208;131
MEX;130;Mexico;2007;PHC ambulatory expenditures in 2017 USD (millions);7336.64;10183.48;3924.71
MEX;130;Mexico;2007;PHC ambulatory expenditures per capita in 2017 USD;66;91;35
MEX;130;Mexico;2007;PHC expenditures in 2017 USD (millions);18761.41;23500.79;14725.64
MEX;130;Mexico;2007;PHC expenditures per capita in 2017 USD;168;210;132
MEX;130;Mexico;2008;PHC ambulatory expenditures in 2017 USD (millions);7792.78;10810.76;4169.86
MEX;130;Mexico;2008;PHC ambulatory expenditures per capita in 2017 USD;69;95;37
MEX;130;Mexico;2008;PHC expenditures in 2017 USD (millions);19929.97;24964.23;15628.35
MEX;130;Mexico;2008;PHC expenditures per capita in 2017 USD;176;220;138
MEX;130;Mexico;2009;PHC ambulatory expenditures in 2017 USD (millions);7530.87;10448.04;4029.49
MEX;130;Mexico;2009;PHC ambulatory expenditures per capita in 2017 USD;66;91;35
MEX;130;Mexico;2009;PHC expenditures in 2017 USD (millions);19273.42;24129.89;15103.71
MEX;130;Mexico;2009;PHC expenditures per capita in 2017 USD;168;210;132
MEX;130;Mexico;2010;PHC ambulatory expenditures in 2017 USD (millions);7752.05;10757.62;4146.58
MEX;130;Mexico;2010;PHC ambulatory expenditures per capita in 2017 USD;67;93;36
MEX;130;Mexico;2010;PHC expenditures in 2017 USD (millions);19827.48;24813.98;15521.8
MEX;130;Mexico;2010;PHC expenditures per capita in 2017 USD;170;213;133
MEX;130;Mexico;2011;PHC ambulatory expenditures in 2017 USD (millions);7921.33;10986.13;4237.88
MEX;130;Mexico;2011;PHC ambulatory expenditures per capita in 2017 USD;67;93;36
MEX;130;Mexico;2011;PHC expenditures in 2017 USD (millions);20270.02;25356.3;15857.43
MEX;130;Mexico;2011;PHC expenditures per capita in 2017 USD;172;215;135
MEX;130;Mexico;2012;PHC ambulatory expenditures in 2017 USD (millions);8155.28;11298.29;4366.01
MEX;130;Mexico;2012;PHC ambulatory expenditures per capita in 2017 USD;68;95;37
MEX;130;Mexico;2012;PHC expenditures in 2017 USD (millions);20887.2;26135.37;16348.33
MEX;130;Mexico;2012;PHC expenditures per capita in 2017 USD;175;219;137
MEX;130;Mexico;2013;PHC ambulatory expenditures in 2017 USD (millions);8207.92;11356;4398.94
MEX;130;Mexico;2013;PHC ambulatory expenditures per capita in 2017 USD;68;94;36
MEX;130;Mexico;2013;PHC expenditures in 2017 USD (millions);21052.53;26354.27;16511.97
MEX;130;Mexico;2013;PHC expenditures per capita in 2017 USD;174;218;137
MEX;130;Mexico;2014;PHC ambulatory expenditures in 2017 USD (millions);8389.25;11592.53;4499.11
MEX;130;Mexico;2014;PHC ambulatory expenditures per capita in 2017 USD;69;95;37
MEX;130;Mexico;2014;PHC expenditures in 2017 USD (millions);21546.82;26951.38;16949.45
MEX;130;Mexico;2014;PHC expenditures per capita in 2017 USD;176;221;139
MEX;130;Mexico;2015;PHC ambulatory expenditures in 2017 USD (millions);8535.9;11789.2;4575.94
MEX;130;Mexico;2015;PHC ambulatory expenditures per capita in 2017 USD;69;95;37
MEX;130;Mexico;2015;PHC expenditures in 2017 USD (millions);21967.79;27439.69;17282.56
MEX;130;Mexico;2015;PHC expenditures per capita in 2017 USD;178;222;140
MEX;130;Mexico;2016;PHC ambulatory expenditures in 2017 USD (millions);8700.26;12014.31;4663.39
MEX;130;Mexico;2016;PHC ambulatory expenditures per capita in 2017 USD;70;96;37
MEX;130;Mexico;2016;PHC expenditures in 2017 USD (millions);22419.57;27994.66;17599.39
MEX;130;Mexico;2016;PHC expenditures per capita in 2017 USD;179;224;141
MEX;130;Mexico;2017;PHC ambulatory expenditures in 2017 USD (millions);8675.89;11979.01;4650.86
MEX;130;Mexico;2017;PHC ambulatory expenditures per capita in 2017 USD;69;95;37
MEX;130;Mexico;2017;PHC expenditures in 2017 USD (millions);22372.88;27943.99;17535.11
MEX;130;Mexico;2017;PHC expenditures per capita in 2017 USD;177;221;139
MHL;24;Marshall Islands;2000;PHC ambulatory expenditures in 2017 USD (millions);3.16;4.3;1.83
MHL;24;Marshall Islands;2000;PHC ambulatory expenditures per capita in 2017 USD;61;82;35
MHL;24;Marshall Islands;2000;PHC expenditures in 2017 USD (millions);6.84;8.52;5.11
MHL;24;Marshall Islands;2000;PHC expenditures per capita in 2017 USD;131;163;98
MHL;24;Marshall Islands;2001;PHC ambulatory expenditures in 2017 USD (millions);3.04;4.13;1.75
MHL;24;Marshall Islands;2001;PHC ambulatory expenditures per capita in 2017 USD;58;79;33
MHL;24;Marshall Islands;2001;PHC expenditures in 2017 USD (millions);6.61;8.22;4.94
MHL;24;Marshall Islands;2001;PHC expenditures per capita in 2017 USD;126;157;94
MHL;24;Marshall Islands;2002;PHC ambulatory expenditures in 2017 USD (millions);2.9;3.94;1.68
MHL;24;Marshall Islands;2002;PHC ambulatory expenditures per capita in 2017 USD;55;75;32
MHL;24;Marshall Islands;2002;PHC expenditures in 2017 USD (millions);6.28;7.82;4.7
MHL;24;Marshall Islands;2002;PHC expenditures per capita in 2017 USD;119;148;89
MHL;24;Marshall Islands;2003;PHC ambulatory expenditures in 2017 USD (millions);3.05;4.15;1.79
MHL;24;Marshall Islands;2003;PHC ambulatory expenditures per capita in 2017 USD;57;78;34
MHL;24;Marshall Islands;2003;PHC expenditures in 2017 USD (millions);6.58;8.19;4.93
MHL;24;Marshall Islands;2003;PHC expenditures per capita in 2017 USD;124;154;93
MHL;24;Marshall Islands;2004;PHC ambulatory expenditures in 2017 USD (millions);4.76;6.46;2.89
MHL;24;Marshall Islands;2004;PHC ambulatory expenditures per capita in 2017 USD;89;121;54
MHL;24;Marshall Islands;2004;PHC expenditures in 2017 USD (millions);10.17;12.73;7.61
MHL;24;Marshall Islands;2004;PHC expenditures per capita in 2017 USD;191;239;143
MHL;24;Marshall Islands;2005;PHC ambulatory expenditures in 2017 USD (millions);6.26;8.49;3.8
MHL;24;Marshall Islands;2005;PHC ambulatory expenditures per capita in 2017 USD;117;159;71
MHL;24;Marshall Islands;2005;PHC expenditures in 2017 USD (millions);13.35;16.72;9.98
MHL;24;Marshall Islands;2005;PHC expenditures per capita in 2017 USD;249;312;186
MHL;24;Marshall Islands;2006;PHC ambulatory expenditures in 2017 USD (millions);3.98;5.41;2.39
MHL;24;Marshall Islands;2006;PHC ambulatory expenditures per capita in 2017 USD;74;101;44
MHL;24;Marshall Islands;2006;PHC expenditures in 2017 USD (millions);8.55;10.68;6.4
MHL;24;Marshall Islands;2006;PHC expenditures per capita in 2017 USD;159;199;119
MHL;24;Marshall Islands;2007;PHC ambulatory expenditures in 2017 USD (millions);4.35;5.91;2.6
MHL;24;Marshall Islands;2007;PHC ambulatory expenditures per capita in 2017 USD;81;110;48
MHL;24;Marshall Islands;2007;PHC expenditures in 2017 USD (millions);9.34;11.67;6.99
MHL;24;Marshall Islands;2007;PHC expenditures per capita in 2017 USD;173;216;129
MHL;24;Marshall Islands;2008;PHC ambulatory expenditures in 2017 USD (millions);4.52;6.14;2.73
MHL;24;Marshall Islands;2008;PHC ambulatory expenditures per capita in 2017 USD;83;113;50
MHL;24;Marshall Islands;2008;PHC expenditures in 2017 USD (millions);9.69;12.12;7.25
MHL;24;Marshall Islands;2008;PHC expenditures per capita in 2017 USD;179;224;134
MHL;24;Marshall Islands;2009;PHC ambulatory expenditures in 2017 USD (millions);4.64;6.31;2.81
MHL;24;Marshall Islands;2009;PHC ambulatory expenditures per capita in 2017 USD;85;116;52
MHL;24;Marshall Islands;2009;PHC expenditures in 2017 USD (millions);9.94;12.45;7.43
MHL;24;Marshall Islands;2009;PHC expenditures per capita in 2017 USD;183;229;137
MHL;24;Marshall Islands;2010;PHC ambulatory expenditures in 2017 USD (millions);2.81;3.82;1.63
MHL;24;Marshall Islands;2010;PHC ambulatory expenditures per capita in 2017 USD;51;70;30
MHL;24;Marshall Islands;2010;PHC expenditures in 2017 USD (millions);6.09;7.59;4.56
MHL;24;Marshall Islands;2010;PHC expenditures per capita in 2017 USD;111;139;83
MHL;24;Marshall Islands;2011;PHC ambulatory expenditures in 2017 USD (millions);3.01;4.09;1.74
MHL;24;Marshall Islands;2011;PHC ambulatory expenditures per capita in 2017 USD;55;75;32
MHL;24;Marshall Islands;2011;PHC expenditures in 2017 USD (millions);6.52;8.13;4.88
MHL;24;Marshall Islands;2011;PHC expenditures per capita in 2017 USD;119;148;89
MHL;24;Marshall Islands;2012;PHC ambulatory expenditures in 2017 USD (millions);4.65;6.32;2.81
MHL;24;Marshall Islands;2012;PHC ambulatory expenditures per capita in 2017 USD;85;115;51
MHL;24;Marshall Islands;2012;PHC expenditures in 2017 USD (millions);9.99;12.49;7.47
MHL;24;Marshall Islands;2012;PHC expenditures per capita in 2017 USD;181;227;136
MHL;24;Marshall Islands;2013;PHC ambulatory expenditures in 2017 USD (millions);3.22;4.38;1.84
MHL;24;Marshall Islands;2013;PHC ambulatory expenditures per capita in 2017 USD;58;79;33
MHL;24;Marshall Islands;2013;PHC expenditures in 2017 USD (millions);7;8.71;5.24
MHL;24;Marshall Islands;2013;PHC expenditures per capita in 2017 USD;127;157;95
MHL;24;Marshall Islands;2014;PHC ambulatory expenditures in 2017 USD (millions);4.08;5.55;2.38
MHL;24;Marshall Islands;2014;PHC ambulatory expenditures per capita in 2017 USD;73;100;43
MHL;24;Marshall Islands;2014;PHC expenditures in 2017 USD (millions);8.81;10.98;6.59
MHL;24;Marshall Islands;2014;PHC expenditures per capita in 2017 USD;159;198;119
MHL;24;Marshall Islands;2015;PHC ambulatory expenditures in 2017 USD (millions);3.9;5.3;2.24
MHL;24;Marshall Islands;2015;PHC ambulatory expenditures per capita in 2017 USD;70;95;40
MHL;24;Marshall Islands;2015;PHC expenditures in 2017 USD (millions);8.45;10.53;6.32
MHL;24;Marshall Islands;2015;PHC expenditures per capita in 2017 USD;151;189;113
MHL;24;Marshall Islands;2016;PHC ambulatory expenditures in 2017 USD (millions);3.37;4.58;1.88
MHL;24;Marshall Islands;2016;PHC ambulatory expenditures per capita in 2017 USD;60;82;33
MHL;24;Marshall Islands;2016;PHC expenditures in 2017 USD (millions);7.36;9.11;5.51
MHL;24;Marshall Islands;2016;PHC expenditures per capita in 2017 USD;131;163;98
MHL;24;Marshall Islands;2017;PHC ambulatory expenditures in 2017 USD (millions);3.99;5.43;2.24
MHL;24;Marshall Islands;2017;PHC ambulatory expenditures per capita in 2017 USD;71;96;40
MHL;24;Marshall Islands;2017;PHC expenditures in 2017 USD (millions);8.69;10.79;6.5
MHL;24;Marshall Islands;2017;PHC expenditures per capita in 2017 USD;154;192;115
MKD;49;North Macedonia;2000;PHC ambulatory expenditures in 2017 USD (millions);72.38;99.68;32.66
MKD;49;North Macedonia;2000;PHC ambulatory expenditures per capita in 2017 USD;36;49;16
MKD;49;North Macedonia;2000;PHC expenditures in 2017 USD (millions);174.67;210.02;133.98
MKD;49;North Macedonia;2000;PHC expenditures per capita in 2017 USD;86;104;66
MKD;49;North Macedonia;2001;PHC ambulatory expenditures in 2017 USD (millions);82.75;114.04;37.1
MKD;49;North Macedonia;2001;PHC ambulatory expenditures per capita in 2017 USD;41;57;18
MKD;49;North Macedonia;2001;PHC expenditures in 2017 USD (millions);198.44;238.87;151.83
MKD;49;North Macedonia;2001;PHC expenditures per capita in 2017 USD;98;118;75
MKD;49;North Macedonia;2002;PHC ambulatory expenditures in 2017 USD (millions);85.29;117.56;37.88
MKD;49;North Macedonia;2002;PHC ambulatory expenditures per capita in 2017 USD;41;57;18
MKD;49;North Macedonia;2002;PHC expenditures in 2017 USD (millions);205.62;247.45;157.43
MKD;49;North Macedonia;2002;PHC expenditures per capita in 2017 USD;99;120;76
MKD;49;North Macedonia;2003;PHC ambulatory expenditures in 2017 USD (millions);85.65;117.97;37.92
MKD;49;North Macedonia;2003;PHC ambulatory expenditures per capita in 2017 USD;41;57;18
MKD;49;North Macedonia;2003;PHC expenditures in 2017 USD (millions);207.05;249.25;158.61
MKD;49;North Macedonia;2003;PHC expenditures per capita in 2017 USD;99;120;76
MKD;49;North Macedonia;2004;PHC ambulatory expenditures in 2017 USD (millions);87.87;120.96;38.91
MKD;49;North Macedonia;2004;PHC ambulatory expenditures per capita in 2017 USD;42;58;19
MKD;49;North Macedonia;2004;PHC expenditures in 2017 USD (millions);212.44;255.62;162.66
MKD;49;North Macedonia;2004;PHC expenditures per capita in 2017 USD;102;122;78
MKD;49;North Macedonia;2005;PHC ambulatory expenditures in 2017 USD (millions);91.26;125.61;40.44
MKD;49;North Macedonia;2005;PHC ambulatory expenditures per capita in 2017 USD;43;60;19
MKD;49;North Macedonia;2005;PHC expenditures in 2017 USD (millions);220.55;265.44;168.63
MKD;49;North Macedonia;2005;PHC expenditures per capita in 2017 USD;105;126;80
MKD;49;North Macedonia;2006;PHC ambulatory expenditures in 2017 USD (millions);94.94;130.69;42.05
MKD;49;North Macedonia;2006;PHC ambulatory expenditures per capita in 2017 USD;45;62;20
MKD;49;North Macedonia;2006;PHC expenditures in 2017 USD (millions);229.36;275.96;175.09
MKD;49;North Macedonia;2006;PHC expenditures per capita in 2017 USD;109;131;83
MKD;49;North Macedonia;2007;PHC ambulatory expenditures in 2017 USD (millions);101.58;139.77;44.92
MKD;49;North Macedonia;2007;PHC ambulatory expenditures per capita in 2017 USD;48;66;21
MKD;49;North Macedonia;2007;PHC expenditures in 2017 USD (millions);245.2;294.99;187.28
MKD;49;North Macedonia;2007;PHC expenditures per capita in 2017 USD;116;140;89
MKD;49;North Macedonia;2008;PHC ambulatory expenditures in 2017 USD (millions);110.68;152.11;48.62
MKD;49;North Macedonia;2008;PHC ambulatory expenditures per capita in 2017 USD;52;72;23
MKD;49;North Macedonia;2008;PHC expenditures in 2017 USD (millions);266.98;320.82;204.19
MKD;49;North Macedonia;2008;PHC expenditures per capita in 2017 USD;126;151;96
MKD;49;North Macedonia;2009;PHC ambulatory expenditures in 2017 USD (millions);113.82;156.38;49.75
MKD;49;North Macedonia;2009;PHC ambulatory expenditures per capita in 2017 USD;54;74;23
MKD;49;North Macedonia;2009;PHC expenditures in 2017 USD (millions);275.16;330.37;210.8
MKD;49;North Macedonia;2009;PHC expenditures per capita in 2017 USD;130;155;99
MKD;49;North Macedonia;2010;PHC ambulatory expenditures in 2017 USD (millions);116.15;159.59;50.64
MKD;49;North Macedonia;2010;PHC ambulatory expenditures per capita in 2017 USD;55;75;24
MKD;49;North Macedonia;2010;PHC expenditures in 2017 USD (millions);281.35;337.26;215.89
MKD;49;North Macedonia;2010;PHC expenditures per capita in 2017 USD;132;158;101
MKD;49;North Macedonia;2011;PHC ambulatory expenditures in 2017 USD (millions);117.59;161.58;51.25
MKD;49;North Macedonia;2011;PHC ambulatory expenditures per capita in 2017 USD;55;76;24
MKD;49;North Macedonia;2011;PHC expenditures in 2017 USD (millions);285.33;341.72;219.35
MKD;49;North Macedonia;2011;PHC expenditures per capita in 2017 USD;134;160;103
MKD;49;North Macedonia;2012;PHC ambulatory expenditures in 2017 USD (millions);121.81;167.41;52.83
MKD;49;North Macedonia;2012;PHC ambulatory expenditures per capita in 2017 USD;57;78;25
MKD;49;North Macedonia;2012;PHC expenditures in 2017 USD (millions);295.69;354.48;227.4
MKD;49;North Macedonia;2012;PHC expenditures per capita in 2017 USD;138;165;106
MKD;49;North Macedonia;2013;PHC ambulatory expenditures in 2017 USD (millions);124.65;171.3;54.03
MKD;49;North Macedonia;2013;PHC ambulatory expenditures per capita in 2017 USD;58;80;25
MKD;49;North Macedonia;2013;PHC expenditures in 2017 USD (millions);302.8;363.13;233.04
MKD;49;North Macedonia;2013;PHC expenditures per capita in 2017 USD;141;169;108
MKD;49;North Macedonia;2014;PHC ambulatory expenditures in 2017 USD (millions);129.79;178.35;56.15
MKD;49;North Macedonia;2014;PHC ambulatory expenditures per capita in 2017 USD;60;83;26
MKD;49;North Macedonia;2014;PHC expenditures in 2017 USD (millions);315.09;378.1;242.32
MKD;49;North Macedonia;2014;PHC expenditures per capita in 2017 USD;146;175;112
MKD;49;North Macedonia;2015;PHC ambulatory expenditures in 2017 USD (millions);137.75;189.27;59.57
MKD;49;North Macedonia;2015;PHC ambulatory expenditures per capita in 2017 USD;64;88;28
MKD;49;North Macedonia;2015;PHC expenditures in 2017 USD (millions);334.07;400.89;256.95
MKD;49;North Macedonia;2015;PHC expenditures per capita in 2017 USD;155;185;119
MKD;49;North Macedonia;2016;PHC ambulatory expenditures in 2017 USD (millions);140.28;192.72;60.46
MKD;49;North Macedonia;2016;PHC ambulatory expenditures per capita in 2017 USD;65;89;28
MKD;49;North Macedonia;2016;PHC expenditures in 2017 USD (millions);340.82;408.79;262.13
MKD;49;North Macedonia;2016;PHC expenditures per capita in 2017 USD;157;188;121
MKD;49;North Macedonia;2017;PHC ambulatory expenditures in 2017 USD (millions);145.75;200.23;62.66
MKD;49;North Macedonia;2017;PHC ambulatory expenditures per capita in 2017 USD;67;92;29
MKD;49;North Macedonia;2017;PHC expenditures in 2017 USD (millions);354.13;424.59;271.99
MKD;49;North Macedonia;2017;PHC expenditures per capita in 2017 USD;163;195;125
MLI;211;Mali;2000;PHC ambulatory expenditures in 2017 USD (millions);51.09;85.05;3.92
MLI;211;Mali;2000;PHC ambulatory expenditures per capita in 2017 USD;5;8;0
MLI;211;Mali;2000;PHC expenditures in 2017 USD (millions);190.28;266.62;110.6
MLI;211;Mali;2000;PHC expenditures per capita in 2017 USD;17;24;10
MLI;211;Mali;2001;PHC ambulatory expenditures in 2017 USD (millions);56;93.17;4.32
MLI;211;Mali;2001;PHC ambulatory expenditures per capita in 2017 USD;5;8;0
MLI;211;Mali;2001;PHC expenditures in 2017 USD (millions);208.7;292.14;121.22
MLI;211;Mali;2001;PHC expenditures per capita in 2017 USD;18;26;11
MLI;211;Mali;2002;PHC ambulatory expenditures in 2017 USD (millions);54.73;90.84;4.28
MLI;211;Mali;2002;PHC ambulatory expenditures per capita in 2017 USD;5;8;0
MLI;211;Mali;2002;PHC expenditures in 2017 USD (millions);204.59;285.52;120.01
MLI;211;Mali;2002;PHC expenditures per capita in 2017 USD;17;24;10
MLI;211;Mali;2003;PHC ambulatory expenditures in 2017 USD (millions);64.21;106.61;5.06
MLI;211;Mali;2003;PHC ambulatory expenditures per capita in 2017 USD;5;9;0
MLI;211;Mali;2003;PHC expenditures in 2017 USD (millions);240.41;334.92;141.87
MLI;211;Mali;2003;PHC expenditures per capita in 2017 USD;20;27;12
MLI;211;Mali;2004;PHC ambulatory expenditures in 2017 USD (millions);66.21;109.99;5.27
MLI;211;Mali;2004;PHC ambulatory expenditures per capita in 2017 USD;5;9;0
MLI;211;Mali;2004;PHC expenditures in 2017 USD (millions);248.38;345.39;147.68
MLI;211;Mali;2004;PHC expenditures per capita in 2017 USD;20;27;12
MLI;211;Mali;2005;PHC ambulatory expenditures in 2017 USD (millions);70.15;116.55;5.59
MLI;211;Mali;2005;PHC ambulatory expenditures per capita in 2017 USD;5;9;0
MLI;211;Mali;2005;PHC expenditures in 2017 USD (millions);263.22;365.92;156.38
MLI;211;Mali;2005;PHC expenditures per capita in 2017 USD;20;28;12
MLI;211;Mali;2006;PHC ambulatory expenditures in 2017 USD (millions);72.74;120.82;5.77
MLI;211;Mali;2006;PHC ambulatory expenditures per capita in 2017 USD;5;9;0
MLI;211;Mali;2006;PHC expenditures in 2017 USD (millions);272.63;379.4;161.01
MLI;211;Mali;2006;PHC expenditures per capita in 2017 USD;20;28;12
MLI;211;Mali;2007;PHC ambulatory expenditures in 2017 USD (millions);74.99;124.49;5.89
MLI;211;Mali;2007;PHC ambulatory expenditures per capita in 2017 USD;5;9;0
MLI;211;Mali;2007;PHC expenditures in 2017 USD (millions);280.46;391.08;163.81
MLI;211;Mali;2007;PHC expenditures per capita in 2017 USD;20;28;12
MLI;211;Mali;2008;PHC ambulatory expenditures in 2017 USD (millions);76.31;126.64;5.93
MLI;211;Mali;2008;PHC ambulatory expenditures per capita in 2017 USD;5;9;0
MLI;211;Mali;2008;PHC expenditures in 2017 USD (millions);284.67;397.9;165.24
MLI;211;Mali;2008;PHC expenditures per capita in 2017 USD;19;27;11
MLI;211;Mali;2009;PHC ambulatory expenditures in 2017 USD (millions);79.69;132.4;6.18
MLI;211;Mali;2009;PHC ambulatory expenditures per capita in 2017 USD;5;9;0
MLI;211;Mali;2009;PHC expenditures in 2017 USD (millions);297.09;415.44;172.54
MLI;211;Mali;2009;PHC expenditures per capita in 2017 USD;19;27;11
MLI;211;Mali;2010;PHC ambulatory expenditures in 2017 USD (millions);82.5;137.36;6.37
MLI;211;Mali;2010;PHC ambulatory expenditures per capita in 2017 USD;5;9;0
MLI;211;Mali;2010;PHC expenditures in 2017 USD (millions);307.14;430.1;178.2
MLI;211;Mali;2010;PHC expenditures per capita in 2017 USD;19;27;11
MLI;211;Mali;2011;PHC ambulatory expenditures in 2017 USD (millions);77.13;128.37;5.96
MLI;211;Mali;2011;PHC ambulatory expenditures per capita in 2017 USD;5;8;0
MLI;211;Mali;2011;PHC expenditures in 2017 USD (millions);287.33;402.1;166.81
MLI;211;Mali;2011;PHC expenditures per capita in 2017 USD;18;25;10
MLI;211;Mali;2012;PHC ambulatory expenditures in 2017 USD (millions);66.9;111.29;5.17
MLI;211;Mali;2012;PHC ambulatory expenditures per capita in 2017 USD;4;7;0
MLI;211;Mali;2012;PHC expenditures in 2017 USD (millions);249.32;348.78;144.85
MLI;211;Mali;2012;PHC expenditures per capita in 2017 USD;15;21;9
MLI;211;Mali;2013;PHC ambulatory expenditures in 2017 USD (millions);69.37;115.13;5.42
MLI;211;Mali;2013;PHC ambulatory expenditures per capita in 2017 USD;4;7;0
MLI;211;Mali;2013;PHC expenditures in 2017 USD (millions);259.26;361.69;151.2
MLI;211;Mali;2013;PHC expenditures per capita in 2017 USD;15;21;9
MLI;211;Mali;2014;PHC ambulatory expenditures in 2017 USD (millions);73.67;122.3;5.79
MLI;211;Mali;2014;PHC ambulatory expenditures per capita in 2017 USD;4;7;0
MLI;211;Mali;2014;PHC expenditures in 2017 USD (millions);275.73;384.09;161.96
MLI;211;Mali;2014;PHC expenditures per capita in 2017 USD;15;21;9
MLI;211;Mali;2015;PHC ambulatory expenditures in 2017 USD (millions);78.5;130.38;6.23
MLI;211;Mali;2015;PHC ambulatory expenditures per capita in 2017 USD;4;7;0
MLI;211;Mali;2015;PHC expenditures in 2017 USD (millions);294.36;409.32;174.45
MLI;211;Mali;2015;PHC expenditures per capita in 2017 USD;16;22;9
MLI;211;Mali;2016;PHC ambulatory expenditures in 2017 USD (millions);85.18;141.56;6.83
MLI;211;Mali;2016;PHC ambulatory expenditures per capita in 2017 USD;4;7;0
MLI;211;Mali;2016;PHC expenditures in 2017 USD (millions);320.14;444.17;191.14
MLI;211;Mali;2016;PHC expenditures per capita in 2017 USD;16;23;10
MLI;211;Mali;2017;PHC ambulatory expenditures in 2017 USD (millions);88.83;147.69;7.15
MLI;211;Mali;2017;PHC ambulatory expenditures per capita in 2017 USD;4;7;0
MLI;211;Mali;2017;PHC expenditures in 2017 USD (millions);334.63;463.31;201.69
MLI;211;Mali;2017;PHC expenditures per capita in 2017 USD;17;23;10
MMR;15;Myanmar;2000;PHC ambulatory expenditures in 2017 USD (millions);53.94;79.52;30.31
MMR;15;Myanmar;2000;PHC ambulatory expenditures per capita in 2017 USD;1;2;1
MMR;15;Myanmar;2000;PHC expenditures in 2017 USD (millions);122.83;172.53;71.87
MMR;15;Myanmar;2000;PHC expenditures per capita in 2017 USD;3;4;2
MMR;15;Myanmar;2001;PHC ambulatory expenditures in 2017 USD (millions);62.09;91.46;34.87
MMR;15;Myanmar;2001;PHC ambulatory expenditures per capita in 2017 USD;1;2;1
MMR;15;Myanmar;2001;PHC expenditures in 2017 USD (millions);141.22;198.23;82.51
MMR;15;Myanmar;2001;PHC expenditures per capita in 2017 USD;3;4;2
MMR;15;Myanmar;2002;PHC ambulatory expenditures in 2017 USD (millions);74.57;109.82;41.87
MMR;15;Myanmar;2002;PHC ambulatory expenditures per capita in 2017 USD;2;2;1
MMR;15;Myanmar;2002;PHC expenditures in 2017 USD (millions);169.24;237.61;98.5
MMR;15;Myanmar;2002;PHC expenditures per capita in 2017 USD;4;5;2
MMR;15;Myanmar;2003;PHC ambulatory expenditures in 2017 USD (millions);90.21;132.87;50.65
MMR;15;Myanmar;2003;PHC ambulatory expenditures per capita in 2017 USD;2;3;1
MMR;15;Myanmar;2003;PHC expenditures in 2017 USD (millions);204.33;287.36;118.99
MMR;15;Myanmar;2003;PHC expenditures per capita in 2017 USD;4;6;3
MMR;15;Myanmar;2004;PHC ambulatory expenditures in 2017 USD (millions);99.2;146.07;55.7
MMR;15;Myanmar;2004;PHC ambulatory expenditures per capita in 2017 USD;2;3;1
MMR;15;Myanmar;2004;PHC expenditures in 2017 USD (millions);224.76;316.15;131.04
MMR;15;Myanmar;2004;PHC expenditures per capita in 2017 USD;5;7;3
MMR;15;Myanmar;2005;PHC ambulatory expenditures in 2017 USD (millions);114.14;168.02;63.97
MMR;15;Myanmar;2005;PHC ambulatory expenditures per capita in 2017 USD;2;3;1
MMR;15;Myanmar;2005;PHC expenditures in 2017 USD (millions);258.62;364.01;150.65
MMR;15;Myanmar;2005;PHC expenditures per capita in 2017 USD;5;8;3
MMR;15;Myanmar;2006;PHC ambulatory expenditures in 2017 USD (millions);123.8;181.95;69.54
MMR;15;Myanmar;2006;PHC ambulatory expenditures per capita in 2017 USD;3;4;1
MMR;15;Myanmar;2006;PHC expenditures in 2017 USD (millions);281.17;394.95;163.88
MMR;15;Myanmar;2006;PHC expenditures per capita in 2017 USD;6;8;3
MMR;15;Myanmar;2007;PHC ambulatory expenditures in 2017 USD (millions);141.12;207.39;79.28
MMR;15;Myanmar;2007;PHC ambulatory expenditures per capita in 2017 USD;3;4;2
MMR;15;Myanmar;2007;PHC expenditures in 2017 USD (millions);320.89;450.25;187.62
MMR;15;Myanmar;2007;PHC expenditures per capita in 2017 USD;7;9;4
MMR;15;Myanmar;2008;PHC ambulatory expenditures in 2017 USD (millions);147.3;216.4;82.73
MMR;15;Myanmar;2008;PHC ambulatory expenditures per capita in 2017 USD;3;4;2
MMR;15;Myanmar;2008;PHC expenditures in 2017 USD (millions);335.44;470.64;196.06
MMR;15;Myanmar;2008;PHC expenditures per capita in 2017 USD;7;10;4
MMR;15;Myanmar;2009;PHC ambulatory expenditures in 2017 USD (millions);156.91;230.19;88.14
MMR;15;Myanmar;2009;PHC ambulatory expenditures per capita in 2017 USD;3;5;2
MMR;15;Myanmar;2009;PHC expenditures in 2017 USD (millions);357.96;501.99;209.45
MMR;15;Myanmar;2009;PHC expenditures per capita in 2017 USD;7;10;4
MMR;15;Myanmar;2010;PHC ambulatory expenditures in 2017 USD (millions);174.65;255.75;97.96
MMR;15;Myanmar;2010;PHC ambulatory expenditures per capita in 2017 USD;3;5;2
MMR;15;Myanmar;2010;PHC expenditures in 2017 USD (millions);399.29;559.77;234.62
MMR;15;Myanmar;2010;PHC expenditures per capita in 2017 USD;8;11;5
MMR;15;Myanmar;2011;PHC ambulatory expenditures in 2017 USD (millions);185.34;270.77;103.44
MMR;15;Myanmar;2011;PHC ambulatory expenditures per capita in 2017 USD;4;5;2
MMR;15;Myanmar;2011;PHC expenditures in 2017 USD (millions);425.09;595.41;250.98
MMR;15;Myanmar;2011;PHC expenditures per capita in 2017 USD;8;12;5
MMR;15;Myanmar;2012;PHC ambulatory expenditures in 2017 USD (millions);263.93;384.57;146.47
MMR;15;Myanmar;2012;PHC ambulatory expenditures per capita in 2017 USD;5;8;3
MMR;15;Myanmar;2012;PHC expenditures in 2017 USD (millions);606.86;847.25;358.68
MMR;15;Myanmar;2012;PHC expenditures per capita in 2017 USD;12;17;7
MMR;15;Myanmar;2013;PHC ambulatory expenditures in 2017 USD (millions);348.43;506.01;192.07
MMR;15;Myanmar;2013;PHC ambulatory expenditures per capita in 2017 USD;7;10;4
MMR;15;Myanmar;2013;PHC expenditures in 2017 USD (millions);798.17;1113.04;468.67
MMR;15;Myanmar;2013;PHC expenditures per capita in 2017 USD;16;22;9
MMR;15;Myanmar;2014;PHC ambulatory expenditures in 2017 USD (millions);458.36;663.79;251.79
MMR;15;Myanmar;2014;PHC ambulatory expenditures per capita in 2017 USD;9;13;5
MMR;15;Myanmar;2014;PHC expenditures in 2017 USD (millions);1047.16;1459.16;611.94
MMR;15;Myanmar;2014;PHC expenditures per capita in 2017 USD;20;28;12
MMR;15;Myanmar;2015;PHC ambulatory expenditures in 2017 USD (millions);525.61;759.48;289.58
MMR;15;Myanmar;2015;PHC ambulatory expenditures per capita in 2017 USD;10;15;6
MMR;15;Myanmar;2015;PHC expenditures in 2017 USD (millions);1200.9;1671.9;703.86
MMR;15;Myanmar;2015;PHC expenditures per capita in 2017 USD;23;32;14
MMR;15;Myanmar;2016;PHC ambulatory expenditures in 2017 USD (millions);579.25;836.59;319.69
MMR;15;Myanmar;2016;PHC ambulatory expenditures per capita in 2017 USD;11;16;6
MMR;15;Myanmar;2016;PHC expenditures in 2017 USD (millions);1322.71;1842.83;774.68
MMR;15;Myanmar;2016;PHC expenditures per capita in 2017 USD;25;35;15
MMR;15;Myanmar;2017;PHC ambulatory expenditures in 2017 USD (millions);607.4;876.18;336.35
MMR;15;Myanmar;2017;PHC ambulatory expenditures per capita in 2017 USD;12;17;6
MMR;15;Myanmar;2017;PHC expenditures in 2017 USD (millions);1389.05;1932.04;813.42
MMR;15;Myanmar;2017;PHC expenditures per capita in 2017 USD;26;37;15
MNE;50;Montenegro;2000;PHC ambulatory expenditures in 2017 USD (millions);20.48;33.47;5.84
MNE;50;Montenegro;2000;PHC ambulatory expenditures per capita in 2017 USD;32;53;9
MNE;50;Montenegro;2000;PHC expenditures in 2017 USD (millions);53.93;74.36;34.36
MNE;50;Montenegro;2000;PHC expenditures per capita in 2017 USD;85;117;54
MNE;50;Montenegro;2001;PHC ambulatory expenditures in 2017 USD (millions);22.28;36.48;6.32
MNE;50;Montenegro;2001;PHC ambulatory expenditures per capita in 2017 USD;35;57;10
MNE;50;Montenegro;2001;PHC expenditures in 2017 USD (millions);58.77;81.06;37.41
MNE;50;Montenegro;2001;PHC expenditures per capita in 2017 USD;92;128;59
MNE;50;Montenegro;2002;PHC ambulatory expenditures in 2017 USD (millions);23.23;38.14;6.59
MNE;50;Montenegro;2002;PHC ambulatory expenditures per capita in 2017 USD;37;60;10
MNE;50;Montenegro;2002;PHC expenditures in 2017 USD (millions);61.47;84.81;39.11
MNE;50;Montenegro;2002;PHC expenditures per capita in 2017 USD;97;133;62
MNE;50;Montenegro;2003;PHC ambulatory expenditures in 2017 USD (millions);26.17;43.13;7.43
MNE;50;Montenegro;2003;PHC ambulatory expenditures per capita in 2017 USD;41;68;12
MNE;50;Montenegro;2003;PHC expenditures in 2017 USD (millions);69.43;95.83;44.14
MNE;50;Montenegro;2003;PHC expenditures per capita in 2017 USD;109;151;69
MNE;50;Montenegro;2004;PHC ambulatory expenditures in 2017 USD (millions);27.18;44.84;7.66
MNE;50;Montenegro;2004;PHC ambulatory expenditures per capita in 2017 USD;43;71;12
MNE;50;Montenegro;2004;PHC expenditures in 2017 USD (millions);72.21;99.67;45.94
MNE;50;Montenegro;2004;PHC expenditures per capita in 2017 USD;114;157;72
MNE;50;Montenegro;2005;PHC ambulatory expenditures in 2017 USD (millions);27.75;45.87;7.75
MNE;50;Montenegro;2005;PHC ambulatory expenditures per capita in 2017 USD;44;72;12
MNE;50;Montenegro;2005;PHC expenditures in 2017 USD (millions);73.92;101.97;47.09
MNE;50;Montenegro;2005;PHC expenditures per capita in 2017 USD;117;161;74
MNE;50;Montenegro;2006;PHC ambulatory expenditures in 2017 USD (millions);33.77;55.8;9.44
MNE;50;Montenegro;2006;PHC ambulatory expenditures per capita in 2017 USD;53;88;15
MNE;50;Montenegro;2006;PHC expenditures in 2017 USD (millions);89.6;123.8;57.04
MNE;50;Montenegro;2006;PHC expenditures per capita in 2017 USD;141;195;90
MNE;50;Montenegro;2007;PHC ambulatory expenditures in 2017 USD (millions);37.58;62.16;10.5
MNE;50;Montenegro;2007;PHC ambulatory expenditures per capita in 2017 USD;59;98;17
MNE;50;Montenegro;2007;PHC expenditures in 2017 USD (millions);99.66;137.76;63.4
MNE;50;Montenegro;2007;PHC expenditures per capita in 2017 USD;157;218;100
MNE;50;Montenegro;2008;PHC ambulatory expenditures in 2017 USD (millions);43.85;72.64;12.22
MNE;50;Montenegro;2008;PHC ambulatory expenditures per capita in 2017 USD;69;115;19
MNE;50;Montenegro;2008;PHC expenditures in 2017 USD (millions);116.26;160.8;73.89
MNE;50;Montenegro;2008;PHC expenditures per capita in 2017 USD;184;254;117
MNE;50;Montenegro;2009;PHC ambulatory expenditures in 2017 USD (millions);42.6;70.76;11.79
MNE;50;Montenegro;2009;PHC ambulatory expenditures per capita in 2017 USD;67;112;19
MNE;50;Montenegro;2009;PHC expenditures in 2017 USD (millions);113.35;156.74;72.08
MNE;50;Montenegro;2009;PHC expenditures per capita in 2017 USD;179;248;114
MNE;50;Montenegro;2010;PHC ambulatory expenditures in 2017 USD (millions);41.66;69.23;11.51
MNE;50;Montenegro;2010;PHC ambulatory expenditures per capita in 2017 USD;66;110;18
MNE;50;Montenegro;2010;PHC expenditures in 2017 USD (millions);111;153.42;70.62
MNE;50;Montenegro;2010;PHC expenditures per capita in 2017 USD;176;243;112
MNE;50;Montenegro;2011;PHC ambulatory expenditures in 2017 USD (millions);42.52;70.69;11.73
MNE;50;Montenegro;2011;PHC ambulatory expenditures per capita in 2017 USD;67;112;19
MNE;50;Montenegro;2011;PHC expenditures in 2017 USD (millions);113.36;156.6;72.12
MNE;50;Montenegro;2011;PHC expenditures per capita in 2017 USD;180;248;114
MNE;50;Montenegro;2012;PHC ambulatory expenditures in 2017 USD (millions);42.29;70.46;11.61
MNE;50;Montenegro;2012;PHC ambulatory expenditures per capita in 2017 USD;67;112;18
MNE;50;Montenegro;2012;PHC expenditures in 2017 USD (millions);113.04;155.83;71.93
MNE;50;Montenegro;2012;PHC expenditures per capita in 2017 USD;179;247;114
MNE;50;Montenegro;2013;PHC ambulatory expenditures in 2017 USD (millions);43.53;72.65;11.93
MNE;50;Montenegro;2013;PHC ambulatory expenditures per capita in 2017 USD;69;115;19
MNE;50;Montenegro;2013;PHC expenditures in 2017 USD (millions);116.56;160.66;74.17
MNE;50;Montenegro;2013;PHC expenditures per capita in 2017 USD;185;255;118
MNE;50;Montenegro;2014;PHC ambulatory expenditures in 2017 USD (millions);43.52;72.78;11.91
MNE;50;Montenegro;2014;PHC ambulatory expenditures per capita in 2017 USD;69;116;19
MNE;50;Montenegro;2014;PHC expenditures in 2017 USD (millions);116.8;161.11;74.33
MNE;50;Montenegro;2014;PHC expenditures per capita in 2017 USD;186;256;118
MNE;50;Montenegro;2015;PHC ambulatory expenditures in 2017 USD (millions);46.39;77.75;12.69
MNE;50;Montenegro;2015;PHC ambulatory expenditures per capita in 2017 USD;74;124;20
MNE;50;Montenegro;2015;PHC expenditures in 2017 USD (millions);124.73;172.27;79.34
MNE;50;Montenegro;2015;PHC expenditures per capita in 2017 USD;199;274;126
MNE;50;Montenegro;2016;PHC ambulatory expenditures in 2017 USD (millions);48.97;82.22;13.4
MNE;50;Montenegro;2016;PHC ambulatory expenditures per capita in 2017 USD;78;131;21
MNE;50;Montenegro;2016;PHC expenditures in 2017 USD (millions);131.9;182.43;83.89
MNE;50;Montenegro;2016;PHC expenditures per capita in 2017 USD;210;291;134
MNE;50;Montenegro;2017;PHC ambulatory expenditures in 2017 USD (millions);50.75;85.38;13.84
MNE;50;Montenegro;2017;PHC ambulatory expenditures per capita in 2017 USD;81;136;22
MNE;50;Montenegro;2017;PHC expenditures in 2017 USD (millions);136.99;189.59;87.16
MNE;50;Montenegro;2017;PHC expenditures per capita in 2017 USD;219;303;139
MNG;38;Mongolia;2000;PHC ambulatory expenditures in 2017 USD (millions);25.42;37.81;10.15
MNG;38;Mongolia;2000;PHC ambulatory expenditures per capita in 2017 USD;10;15;4
MNG;38;Mongolia;2000;PHC expenditures in 2017 USD (millions);67.47;97.58;43.72
MNG;38;Mongolia;2000;PHC expenditures per capita in 2017 USD;28;40;18
MNG;38;Mongolia;2001;PHC ambulatory expenditures in 2017 USD (millions);28.02;41.66;11.19
MNG;38;Mongolia;2001;PHC ambulatory expenditures per capita in 2017 USD;11;17;5
MNG;38;Mongolia;2001;PHC expenditures in 2017 USD (millions);74.3;107.46;48.11
MNG;38;Mongolia;2001;PHC expenditures per capita in 2017 USD;30;44;20
MNG;38;Mongolia;2002;PHC ambulatory expenditures in 2017 USD (millions);26.22;39.17;10.43
MNG;38;Mongolia;2002;PHC ambulatory expenditures per capita in 2017 USD;11;16;4
MNG;38;Mongolia;2002;PHC expenditures in 2017 USD (millions);70.01;100.47;45.4
MNG;38;Mongolia;2002;PHC expenditures per capita in 2017 USD;28;40;18
MNG;38;Mongolia;2003;PHC ambulatory expenditures in 2017 USD (millions);26.08;39.04;10.31
MNG;38;Mongolia;2003;PHC ambulatory expenditures per capita in 2017 USD;10;15;4
MNG;38;Mongolia;2003;PHC expenditures in 2017 USD (millions);69.86;100.09;45.32
MNG;38;Mongolia;2003;PHC expenditures per capita in 2017 USD;28;40;18
MNG;38;Mongolia;2004;PHC ambulatory expenditures in 2017 USD (millions);27;40.51;10.86
MNG;38;Mongolia;2004;PHC ambulatory expenditures per capita in 2017 USD;11;16;4
MNG;38;Mongolia;2004;PHC expenditures in 2017 USD (millions);72.6;103.76;47.14
MNG;38;Mongolia;2004;PHC expenditures per capita in 2017 USD;28;41;18
MNG;38;Mongolia;2005;PHC ambulatory expenditures in 2017 USD (millions);28.53;42.86;11.51
MNG;38;Mongolia;2005;PHC ambulatory expenditures per capita in 2017 USD;11;17;4
MNG;38;Mongolia;2005;PHC expenditures in 2017 USD (millions);76.88;109.43;49.93
MNG;38;Mongolia;2005;PHC expenditures per capita in 2017 USD;30;42;19
MNG;38;Mongolia;2006;PHC ambulatory expenditures in 2017 USD (millions);31.76;47.73;12.83
MNG;38;Mongolia;2006;PHC ambulatory expenditures per capita in 2017 USD;12;18;5
MNG;38;Mongolia;2006;PHC expenditures in 2017 USD (millions);85.82;121.61;55.79
MNG;38;Mongolia;2006;PHC expenditures per capita in 2017 USD;33;46;21
MNG;38;Mongolia;2007;PHC ambulatory expenditures in 2017 USD (millions);41.21;61.83;16.47
MNG;38;Mongolia;2007;PHC ambulatory expenditures per capita in 2017 USD;15;23;6
MNG;38;Mongolia;2007;PHC expenditures in 2017 USD (millions);111.54;157.52;72.73
MNG;38;Mongolia;2007;PHC expenditures per capita in 2017 USD;42;59;27
MNG;38;Mongolia;2008;PHC ambulatory expenditures in 2017 USD (millions);44.6;66.77;17.54
MNG;38;Mongolia;2008;PHC ambulatory expenditures per capita in 2017 USD;16;25;6
MNG;38;Mongolia;2008;PHC expenditures in 2017 USD (millions);121.12;170.23;79.14
MNG;38;Mongolia;2008;PHC expenditures per capita in 2017 USD;45;63;29
MNG;38;Mongolia;2009;PHC ambulatory expenditures in 2017 USD (millions);42.65;63.93;16.65
MNG;38;Mongolia;2009;PHC ambulatory expenditures per capita in 2017 USD;15;23;6
MNG;38;Mongolia;2009;PHC expenditures in 2017 USD (millions);116.05;162.71;75.83
MNG;38;Mongolia;2009;PHC expenditures per capita in 2017 USD;42;59;27
MNG;38;Mongolia;2010;PHC ambulatory expenditures in 2017 USD (millions);44.83;67.23;17.56
MNG;38;Mongolia;2010;PHC ambulatory expenditures per capita in 2017 USD;16;24;6
MNG;38;Mongolia;2010;PHC expenditures in 2017 USD (millions);121.7;171;79.59
MNG;38;Mongolia;2010;PHC expenditures per capita in 2017 USD;43;61;28
MNG;38;Mongolia;2011;PHC ambulatory expenditures in 2017 USD (millions);52.49;78.66;20.4
MNG;38;Mongolia;2011;PHC ambulatory expenditures per capita in 2017 USD;18;27;7
MNG;38;Mongolia;2011;PHC expenditures in 2017 USD (millions);142.54;200.07;93.17
MNG;38;Mongolia;2011;PHC expenditures per capita in 2017 USD;49;69;32
MNG;38;Mongolia;2012;PHC ambulatory expenditures in 2017 USD (millions);58.04;87;22.56
MNG;38;Mongolia;2012;PHC ambulatory expenditures per capita in 2017 USD;20;30;8
MNG;38;Mongolia;2012;PHC expenditures in 2017 USD (millions);157.53;221.18;102.9
MNG;38;Mongolia;2012;PHC expenditures per capita in 2017 USD;54;75;35
MNG;38;Mongolia;2013;PHC ambulatory expenditures in 2017 USD (millions);64.76;97.23;25.25
MNG;38;Mongolia;2013;PHC ambulatory expenditures per capita in 2017 USD;22;32;8
MNG;38;Mongolia;2013;PHC expenditures in 2017 USD (millions);175.48;246.86;114.15
MNG;38;Mongolia;2013;PHC expenditures per capita in 2017 USD;58;82;38
MNG;38;Mongolia;2014;PHC ambulatory expenditures in 2017 USD (millions);69.23;103.92;27.01
MNG;38;Mongolia;2014;PHC ambulatory expenditures per capita in 2017 USD;23;34;9
MNG;38;Mongolia;2014;PHC expenditures in 2017 USD (millions);187.58;263.8;121.97
MNG;38;Mongolia;2014;PHC expenditures per capita in 2017 USD;61;86;40
MNG;38;Mongolia;2015;PHC ambulatory expenditures in 2017 USD (millions);70.27;105.55;27.43
MNG;38;Mongolia;2015;PHC ambulatory expenditures per capita in 2017 USD;22;34;9
MNG;38;Mongolia;2015;PHC expenditures in 2017 USD (millions);190.43;267.7;123.84
MNG;38;Mongolia;2015;PHC expenditures per capita in 2017 USD;61;86;40
MNG;38;Mongolia;2016;PHC ambulatory expenditures in 2017 USD (millions);83.5;125.27;32.57
MNG;38;Mongolia;2016;PHC ambulatory expenditures per capita in 2017 USD;26;39;10
MNG;38;Mongolia;2016;PHC expenditures in 2017 USD (millions);226.51;317.81;147.68
MNG;38;Mongolia;2016;PHC expenditures per capita in 2017 USD;71;100;46
MNG;38;Mongolia;2017;PHC ambulatory expenditures in 2017 USD (millions);81.39;122.05;31.79
MNG;38;Mongolia;2017;PHC ambulatory expenditures per capita in 2017 USD;25;38;10
MNG;38;Mongolia;2017;PHC expenditures in 2017 USD (millions);220.83;309.62;144.01
MNG;38;Mongolia;2017;PHC expenditures per capita in 2017 USD;68;95;44
MOZ;184;Mozambique;2000;PHC ambulatory expenditures in 2017 USD (millions);23.33;50.12;4.9
MOZ;184;Mozambique;2000;PHC ambulatory expenditures per capita in 2017 USD;1;3;0
MOZ;184;Mozambique;2000;PHC expenditures in 2017 USD (millions);77.09;140.08;32.29
MOZ;184;Mozambique;2000;PHC expenditures per capita in 2017 USD;4;8;2
MOZ;184;Mozambique;2001;PHC ambulatory expenditures in 2017 USD (millions);26.63;57.05;5.63
MOZ;184;Mozambique;2001;PHC ambulatory expenditures per capita in 2017 USD;2;3;0
MOZ;184;Mozambique;2001;PHC expenditures in 2017 USD (millions);88.3;159.12;36.92
MOZ;184;Mozambique;2001;PHC expenditures per capita in 2017 USD;5;9;2
MOZ;184;Mozambique;2002;PHC ambulatory expenditures in 2017 USD (millions);29.74;63.65;6.3
MOZ;184;Mozambique;2002;PHC ambulatory expenditures per capita in 2017 USD;2;3;0
MOZ;184;Mozambique;2002;PHC expenditures in 2017 USD (millions);98.74;177.44;41.25
MOZ;184;Mozambique;2002;PHC expenditures per capita in 2017 USD;5;10;2
MOZ;184;Mozambique;2003;PHC ambulatory expenditures in 2017 USD (millions);32.4;69.24;6.95
MOZ;184;Mozambique;2003;PHC ambulatory expenditures per capita in 2017 USD;2;4;0
MOZ;184;Mozambique;2003;PHC expenditures in 2017 USD (millions);107.81;192.83;45.01
MOZ;184;Mozambique;2003;PHC expenditures per capita in 2017 USD;6;10;2
MOZ;184;Mozambique;2004;PHC ambulatory expenditures in 2017 USD (millions);37.59;80.31;8.12
MOZ;184;Mozambique;2004;PHC ambulatory expenditures per capita in 2017 USD;2;4;0
MOZ;184;Mozambique;2004;PHC expenditures in 2017 USD (millions);125.14;223.61;52.23
MOZ;184;Mozambique;2004;PHC expenditures per capita in 2017 USD;6;12;3
MOZ;184;Mozambique;2005;PHC ambulatory expenditures in 2017 USD (millions);37.69;80.43;8.22
MOZ;184;Mozambique;2005;PHC ambulatory expenditures per capita in 2017 USD;2;4;0
MOZ;184;Mozambique;2005;PHC expenditures in 2017 USD (millions);125.78;223.87;52.82
MOZ;184;Mozambique;2005;PHC expenditures per capita in 2017 USD;6;11;3
MOZ;184;Mozambique;2006;PHC ambulatory expenditures in 2017 USD (millions);41.27;88.07;9.03
MOZ;184;Mozambique;2006;PHC ambulatory expenditures per capita in 2017 USD;2;4;0
MOZ;184;Mozambique;2006;PHC expenditures in 2017 USD (millions);137.74;245.23;57.72
MOZ;184;Mozambique;2006;PHC expenditures per capita in 2017 USD;7;12;3
MOZ;184;Mozambique;2007;PHC ambulatory expenditures in 2017 USD (millions);48.18;103.18;10.25
MOZ;184;Mozambique;2007;PHC ambulatory expenditures per capita in 2017 USD;2;5;0
MOZ;184;Mozambique;2007;PHC expenditures in 2017 USD (millions);160.25;287.45;67.15
MOZ;184;Mozambique;2007;PHC expenditures per capita in 2017 USD;8;14;3
MOZ;184;Mozambique;2008;PHC ambulatory expenditures in 2017 USD (millions);54.2;117.16;11.53
MOZ;184;Mozambique;2008;PHC ambulatory expenditures per capita in 2017 USD;2;5;1
MOZ;184;Mozambique;2008;PHC expenditures in 2017 USD (millions);179.57;324.95;75.39
MOZ;184;Mozambique;2008;PHC expenditures per capita in 2017 USD;8;15;3
MOZ;184;Mozambique;2009;PHC ambulatory expenditures in 2017 USD (millions);48.92;105.92;10.41
MOZ;184;Mozambique;2009;PHC ambulatory expenditures per capita in 2017 USD;2;5;0
MOZ;184;Mozambique;2009;PHC expenditures in 2017 USD (millions);162.17;293.8;67.9
MOZ;184;Mozambique;2009;PHC expenditures per capita in 2017 USD;7;13;3
MOZ;184;Mozambique;2010;PHC ambulatory expenditures in 2017 USD (millions);51.97;112.6;11.05
MOZ;184;Mozambique;2010;PHC ambulatory expenditures per capita in 2017 USD;2;5;0
MOZ;184;Mozambique;2010;PHC expenditures in 2017 USD (millions);172.09;312.61;71.22
MOZ;184;Mozambique;2010;PHC expenditures per capita in 2017 USD;7;13;3
MOZ;184;Mozambique;2011;PHC ambulatory expenditures in 2017 USD (millions);52.67;114.11;11.21
MOZ;184;Mozambique;2011;PHC ambulatory expenditures per capita in 2017 USD;2;5;0
MOZ;184;Mozambique;2011;PHC expenditures in 2017 USD (millions);174.42;316.67;72
MOZ;184;Mozambique;2011;PHC expenditures per capita in 2017 USD;7;13;3
MOZ;184;Mozambique;2012;PHC ambulatory expenditures in 2017 USD (millions);57.82;125.21;12.3
MOZ;184;Mozambique;2012;PHC ambulatory expenditures per capita in 2017 USD;2;5;0
MOZ;184;Mozambique;2012;PHC expenditures in 2017 USD (millions);191.62;347.1;79.42
MOZ;184;Mozambique;2012;PHC expenditures per capita in 2017 USD;8;14;3
MOZ;184;Mozambique;2013;PHC ambulatory expenditures in 2017 USD (millions);65.72;142.27;13.97
MOZ;184;Mozambique;2013;PHC ambulatory expenditures per capita in 2017 USD;3;5;1
MOZ;184;Mozambique;2013;PHC expenditures in 2017 USD (millions);217.95;393.96;90.65
MOZ;184;Mozambique;2013;PHC expenditures per capita in 2017 USD;8;15;3
MOZ;184;Mozambique;2014;PHC ambulatory expenditures in 2017 USD (millions);82.45;178.43;17.54
MOZ;184;Mozambique;2014;PHC ambulatory expenditures per capita in 2017 USD;3;7;1
MOZ;184;Mozambique;2014;PHC expenditures in 2017 USD (millions);273.3;493.77;113.59
MOZ;184;Mozambique;2014;PHC expenditures per capita in 2017 USD;10;18;4
MOZ;184;Mozambique;2015;PHC ambulatory expenditures in 2017 USD (millions);69.14;149.34;14.75
MOZ;184;Mozambique;2015;PHC ambulatory expenditures per capita in 2017 USD;2;5;1
MOZ;184;Mozambique;2015;PHC expenditures in 2017 USD (millions);230.1;413.8;96.32
MOZ;184;Mozambique;2015;PHC expenditures per capita in 2017 USD;8;15;3
MOZ;184;Mozambique;2016;PHC ambulatory expenditures in 2017 USD (millions);75.39;162.87;16.22
MOZ;184;Mozambique;2016;PHC ambulatory expenditures per capita in 2017 USD;3;6;1
MOZ;184;Mozambique;2016;PHC expenditures in 2017 USD (millions);251.12;451.34;105.13
MOZ;184;Mozambique;2016;PHC expenditures per capita in 2017 USD;9;16;4
MOZ;184;Mozambique;2017;PHC ambulatory expenditures in 2017 USD (millions);78.55;169.27;17.21
MOZ;184;Mozambique;2017;PHC ambulatory expenditures per capita in 2017 USD;3;6;1
MOZ;184;Mozambique;2017;PHC expenditures in 2017 USD (millions);262.16;469.86;110.68
MOZ;184;Mozambique;2017;PHC expenditures per capita in 2017 USD;9;16;4
MRT;212;Mauritania;2000;PHC ambulatory expenditures in 2017 USD (millions);9.45;19.33;2.57
MRT;212;Mauritania;2000;PHC ambulatory expenditures per capita in 2017 USD;4;7;1
MRT;212;Mauritania;2000;PHC expenditures in 2017 USD (millions);38.21;57.55;24.37
MRT;212;Mauritania;2000;PHC expenditures per capita in 2017 USD;15;22;9
MRT;212;Mauritania;2001;PHC ambulatory expenditures in 2017 USD (millions);9.6;19.58;2.62
MRT;212;Mauritania;2001;PHC ambulatory expenditures per capita in 2017 USD;4;7;1
MRT;212;Mauritania;2001;PHC expenditures in 2017 USD (millions);38.78;58.28;24.74
MRT;212;Mauritania;2001;PHC expenditures per capita in 2017 USD;14;22;9
MRT;212;Mauritania;2002;PHC ambulatory expenditures in 2017 USD (millions);10.31;20.97;2.83
MRT;212;Mauritania;2002;PHC ambulatory expenditures per capita in 2017 USD;4;8;1
MRT;212;Mauritania;2002;PHC expenditures in 2017 USD (millions);41.61;62.4;26.63
MRT;212;Mauritania;2002;PHC expenditures per capita in 2017 USD;15;23;10
MRT;212;Mauritania;2003;PHC ambulatory expenditures in 2017 USD (millions);11.48;23.31;3.17
MRT;212;Mauritania;2003;PHC ambulatory expenditures per capita in 2017 USD;4;8;1
MRT;212;Mauritania;2003;PHC expenditures in 2017 USD (millions);46.28;69.3;29.69
MRT;212;Mauritania;2003;PHC expenditures per capita in 2017 USD;16;25;11
MRT;212;Mauritania;2004;PHC ambulatory expenditures in 2017 USD (millions);10.82;21.92;3
MRT;212;Mauritania;2004;PHC ambulatory expenditures per capita in 2017 USD;4;8;1
MRT;212;Mauritania;2004;PHC expenditures in 2017 USD (millions);43.62;65.2;28.06
MRT;212;Mauritania;2004;PHC expenditures per capita in 2017 USD;15;23;10
MRT;212;Mauritania;2005;PHC ambulatory expenditures in 2017 USD (millions);10.23;20.67;2.85
MRT;212;Mauritania;2005;PHC ambulatory expenditures per capita in 2017 USD;3;7;1
MRT;212;Mauritania;2005;PHC expenditures in 2017 USD (millions);41.27;61.55;26.69
MRT;212;Mauritania;2005;PHC expenditures per capita in 2017 USD;14;21;9
MRT;212;Mauritania;2006;PHC ambulatory expenditures in 2017 USD (millions);10.62;21.48;2.96
MRT;212;Mauritania;2006;PHC ambulatory expenditures per capita in 2017 USD;4;7;1
MRT;212;Mauritania;2006;PHC expenditures in 2017 USD (millions);42.85;63.99;27.7
MRT;212;Mauritania;2006;PHC expenditures per capita in 2017 USD;14;21;9
MRT;212;Mauritania;2007;PHC ambulatory expenditures in 2017 USD (millions);11.53;23.31;3.22
MRT;212;Mauritania;2007;PHC ambulatory expenditures per capita in 2017 USD;4;8;1
MRT;212;Mauritania;2007;PHC expenditures in 2017 USD (millions);46.53;69.51;30.03
MRT;212;Mauritania;2007;PHC expenditures per capita in 2017 USD;15;22;10
MRT;212;Mauritania;2008;PHC ambulatory expenditures in 2017 USD (millions);11.84;23.91;3.31
MRT;212;Mauritania;2008;PHC ambulatory expenditures per capita in 2017 USD;4;8;1
MRT;212;Mauritania;2008;PHC expenditures in 2017 USD (millions);47.78;71.38;30.84
MRT;212;Mauritania;2008;PHC expenditures per capita in 2017 USD;15;22;10
MRT;212;Mauritania;2009;PHC ambulatory expenditures in 2017 USD (millions);11.25;22.7;3.15
MRT;212;Mauritania;2009;PHC ambulatory expenditures per capita in 2017 USD;3;7;1
MRT;212;Mauritania;2009;PHC expenditures in 2017 USD (millions);45.46;67.91;29.43
MRT;212;Mauritania;2009;PHC expenditures per capita in 2017 USD;14;21;9
MRT;212;Mauritania;2010;PHC ambulatory expenditures in 2017 USD (millions);10.96;22.1;3.06
MRT;212;Mauritania;2010;PHC ambulatory expenditures per capita in 2017 USD;3;7;1
MRT;212;Mauritania;2010;PHC expenditures in 2017 USD (millions);44.29;66.16;28.79
MRT;212;Mauritania;2010;PHC expenditures per capita in 2017 USD;13;20;9
MRT;212;Mauritania;2011;PHC ambulatory expenditures in 2017 USD (millions);11.06;22.26;3.09
MRT;212;Mauritania;2011;PHC ambulatory expenditures per capita in 2017 USD;3;7;1
MRT;212;Mauritania;2011;PHC expenditures in 2017 USD (millions);44.68;66.65;29.16
MRT;212;Mauritania;2011;PHC expenditures per capita in 2017 USD;13;20;9
MRT;212;Mauritania;2012;PHC ambulatory expenditures in 2017 USD (millions);12.16;24.4;3.42
MRT;212;Mauritania;2012;PHC ambulatory expenditures per capita in 2017 USD;3;7;1
MRT;212;Mauritania;2012;PHC expenditures in 2017 USD (millions);49.03;72.96;32.09
MRT;212;Mauritania;2012;PHC expenditures per capita in 2017 USD;14;21;9
MRT;212;Mauritania;2013;PHC ambulatory expenditures in 2017 USD (millions);13.28;26.64;3.74
MRT;212;Mauritania;2013;PHC ambulatory expenditures per capita in 2017 USD;4;7;1
MRT;212;Mauritania;2013;PHC expenditures in 2017 USD (millions);53.5;79.56;35.03
MRT;212;Mauritania;2013;PHC expenditures per capita in 2017 USD;15;22;10
MRT;212;Mauritania;2014;PHC ambulatory expenditures in 2017 USD (millions);15.24;30.56;4.31
MRT;212;Mauritania;2014;PHC ambulatory expenditures per capita in 2017 USD;4;8;1
MRT;212;Mauritania;2014;PHC expenditures in 2017 USD (millions);61.32;91.04;40.16
MRT;212;Mauritania;2014;PHC expenditures per capita in 2017 USD;17;25;11
MRT;212;Mauritania;2015;PHC ambulatory expenditures in 2017 USD (millions);16.81;33.67;4.77
MRT;212;Mauritania;2015;PHC ambulatory expenditures per capita in 2017 USD;4;9;1
MRT;212;Mauritania;2015;PHC expenditures in 2017 USD (millions);67.52;100;44.28
MRT;212;Mauritania;2015;PHC expenditures per capita in 2017 USD;18;27;12
MRT;212;Mauritania;2016;PHC ambulatory expenditures in 2017 USD (millions);16.44;32.88;4.67
MRT;212;Mauritania;2016;PHC ambulatory expenditures per capita in 2017 USD;4;9;1
MRT;212;Mauritania;2016;PHC expenditures in 2017 USD (millions);66;97.57;43.3
MRT;212;Mauritania;2016;PHC expenditures per capita in 2017 USD;17;25;11
MRT;212;Mauritania;2017;PHC ambulatory expenditures in 2017 USD (millions);17.72;35.39;5.05
MRT;212;Mauritania;2017;PHC ambulatory expenditures per capita in 2017 USD;5;9;1
MRT;212;Mauritania;2017;PHC expenditures in 2017 USD (millions);71.04;105;46.6
MRT;212;Mauritania;2017;PHC expenditures per capita in 2017 USD;18;27;12
MUS;183;Mauritius;2000;PHC ambulatory expenditures in 2017 USD (millions);15.19;34.21;2.57
MUS;183;Mauritius;2000;PHC ambulatory expenditures per capita in 2017 USD;13;28;2
MUS;183;Mauritius;2000;PHC expenditures in 2017 USD (millions);65.3;97.66;36.92
MUS;183;Mauritius;2000;PHC expenditures per capita in 2017 USD;54;81;30
MUS;183;Mauritius;2001;PHC ambulatory expenditures in 2017 USD (millions);16.34;36.75;2.77
MUS;183;Mauritius;2001;PHC ambulatory expenditures per capita in 2017 USD;13;30;2
MUS;183;Mauritius;2001;PHC expenditures in 2017 USD (millions);70.07;104.81;39.62
MUS;183;Mauritius;2001;PHC expenditures per capita in 2017 USD;57;86;32
MUS;183;Mauritius;2002;PHC ambulatory expenditures in 2017 USD (millions);17.89;40.23;3.03
MUS;183;Mauritius;2002;PHC ambulatory expenditures per capita in 2017 USD;15;33;2
MUS;183;Mauritius;2002;PHC expenditures in 2017 USD (millions);76.52;114.53;43.16
MUS;183;Mauritius;2002;PHC expenditures per capita in 2017 USD;62;93;35
MUS;183;Mauritius;2003;PHC ambulatory expenditures in 2017 USD (millions);19.4;43.71;3.27
MUS;183;Mauritius;2003;PHC ambulatory expenditures per capita in 2017 USD;16;35;3
MUS;183;Mauritius;2003;PHC expenditures in 2017 USD (millions);82.79;124.11;46.54
MUS;183;Mauritius;2003;PHC expenditures per capita in 2017 USD;67;100;38
MUS;183;Mauritius;2004;PHC ambulatory expenditures in 2017 USD (millions);20.8;46.99;3.49
MUS;183;Mauritius;2004;PHC ambulatory expenditures per capita in 2017 USD;17;38;3
MUS;183;Mauritius;2004;PHC expenditures in 2017 USD (millions);88.59;132.99;49.62
MUS;183;Mauritius;2004;PHC expenditures per capita in 2017 USD;71;107;40
MUS;183;Mauritius;2005;PHC ambulatory expenditures in 2017 USD (millions);22.04;49.94;3.68
MUS;183;Mauritius;2005;PHC ambulatory expenditures per capita in 2017 USD;18;40;3
MUS;183;Mauritius;2005;PHC expenditures in 2017 USD (millions);93.7;140.84;52.39
MUS;183;Mauritius;2005;PHC expenditures per capita in 2017 USD;75;113;42
MUS;183;Mauritius;2006;PHC ambulatory expenditures in 2017 USD (millions);23.48;53.46;3.89
MUS;183;Mauritius;2006;PHC ambulatory expenditures per capita in 2017 USD;19;43;3
MUS;183;Mauritius;2006;PHC expenditures in 2017 USD (millions);99.71;150.02;55.69
MUS;183;Mauritius;2006;PHC expenditures per capita in 2017 USD;79;119;44
MUS;183;Mauritius;2007;PHC ambulatory expenditures in 2017 USD (millions);25.42;58.16;4.17
MUS;183;Mauritius;2007;PHC ambulatory expenditures per capita in 2017 USD;20;46;3
MUS;183;Mauritius;2007;PHC expenditures in 2017 USD (millions);107.74;162.41;60.16
MUS;183;Mauritius;2007;PHC expenditures per capita in 2017 USD;86;129;48
MUS;183;Mauritius;2008;PHC ambulatory expenditures in 2017 USD (millions);28.35;65.1;4.62
MUS;183;Mauritius;2008;PHC ambulatory expenditures per capita in 2017 USD;22;52;4
MUS;183;Mauritius;2008;PHC expenditures in 2017 USD (millions);119.86;181.03;66.56
MUS;183;Mauritius;2008;PHC expenditures per capita in 2017 USD;95;143;53
MUS;183;Mauritius;2009;PHC ambulatory expenditures in 2017 USD (millions);31.8;73.13;5.17
MUS;183;Mauritius;2009;PHC ambulatory expenditures per capita in 2017 USD;25;58;4
MUS;183;Mauritius;2009;PHC expenditures in 2017 USD (millions);134.17;203.07;74.27
MUS;183;Mauritius;2009;PHC expenditures per capita in 2017 USD;106;160;59
MUS;183;Mauritius;2010;PHC ambulatory expenditures in 2017 USD (millions);33.71;77.57;5.48
MUS;183;Mauritius;2010;PHC ambulatory expenditures per capita in 2017 USD;27;61;4
MUS;183;Mauritius;2010;PHC expenditures in 2017 USD (millions);142.12;215.24;78.59
MUS;183;Mauritius;2010;PHC expenditures per capita in 2017 USD;112;170;62
MUS;183;Mauritius;2011;PHC ambulatory expenditures in 2017 USD (millions);35.56;81.76;5.79
MUS;183;Mauritius;2011;PHC ambulatory expenditures per capita in 2017 USD;28;64;5
MUS;183;Mauritius;2011;PHC expenditures in 2017 USD (millions);149.79;226.76;82.83
MUS;183;Mauritius;2011;PHC expenditures per capita in 2017 USD;118;179;65
MUS;183;Mauritius;2012;PHC ambulatory expenditures in 2017 USD (millions);37.33;85.73;6.09
MUS;183;Mauritius;2012;PHC ambulatory expenditures per capita in 2017 USD;29;67;5
MUS;183;Mauritius;2012;PHC expenditures in 2017 USD (millions);157.12;237.83;86.89
MUS;183;Mauritius;2012;PHC expenditures per capita in 2017 USD;124;187;68
MUS;183;Mauritius;2013;PHC ambulatory expenditures in 2017 USD (millions);42.17;96.72;6.89
MUS;183;Mauritius;2013;PHC ambulatory expenditures per capita in 2017 USD;33;76;5
MUS;183;Mauritius;2013;PHC expenditures in 2017 USD (millions);177.17;268.3;97.88
MUS;183;Mauritius;2013;PHC expenditures per capita in 2017 USD;139;211;77
MUS;183;Mauritius;2014;PHC ambulatory expenditures in 2017 USD (millions);46.34;106.16;7.6
MUS;183;Mauritius;2014;PHC ambulatory expenditures per capita in 2017 USD;36;83;6
MUS;183;Mauritius;2014;PHC expenditures in 2017 USD (millions);194.46;294.48;107.45
MUS;183;Mauritius;2014;PHC expenditures per capita in 2017 USD;153;231;84
MUS;183;Mauritius;2015;PHC ambulatory expenditures in 2017 USD (millions);51.47;117.67;8.48
MUS;183;Mauritius;2015;PHC ambulatory expenditures per capita in 2017 USD;40;92;7
MUS;183;Mauritius;2015;PHC expenditures in 2017 USD (millions);215.68;326.2;119.35
MUS;183;Mauritius;2015;PHC expenditures per capita in 2017 USD;169;256;94
MUS;183;Mauritius;2016;PHC ambulatory expenditures in 2017 USD (millions);55.51;126.57;9.2
MUS;183;Mauritius;2016;PHC ambulatory expenditures per capita in 2017 USD;44;99;7
MUS;183;Mauritius;2016;PHC expenditures in 2017 USD (millions);232.45;351.02;128.63
MUS;183;Mauritius;2016;PHC expenditures per capita in 2017 USD;183;276;101
MUS;183;Mauritius;2017;PHC ambulatory expenditures in 2017 USD (millions);58.56;132.94;9.71
MUS;183;Mauritius;2017;PHC ambulatory expenditures per capita in 2017 USD;46;105;8
MUS;183;Mauritius;2017;PHC expenditures in 2017 USD (millions);245.11;369.95;135.41
MUS;183;Mauritius;2017;PHC expenditures per capita in 2017 USD;193;291;106
MWI;182;Malawi;2000;PHC ambulatory expenditures in 2017 USD (millions);7.93;16.6;2.55
MWI;182;Malawi;2000;PHC ambulatory expenditures per capita in 2017 USD;1;1;0
MWI;182;Malawi;2000;PHC expenditures in 2017 USD (millions);84.58;102.02;67.97
MWI;182;Malawi;2000;PHC expenditures per capita in 2017 USD;8;9;6
MWI;182;Malawi;2001;PHC ambulatory expenditures in 2017 USD (millions);6.81;14.21;2.22
MWI;182;Malawi;2001;PHC ambulatory expenditures per capita in 2017 USD;1;1;0
MWI;182;Malawi;2001;PHC expenditures in 2017 USD (millions);72.71;87.66;58.54
MWI;182;Malawi;2001;PHC expenditures per capita in 2017 USD;6;8;5
MWI;182;Malawi;2002;PHC ambulatory expenditures in 2017 USD (millions);6.95;14.45;2.3
MWI;182;Malawi;2002;PHC ambulatory expenditures per capita in 2017 USD;1;1;0
MWI;182;Malawi;2002;PHC expenditures in 2017 USD (millions);73.98;88.88;59.55
MWI;182;Malawi;2002;PHC expenditures per capita in 2017 USD;6;8;5
MWI;182;Malawi;2003;PHC ambulatory expenditures in 2017 USD (millions);8.45;17.62;2.79
MWI;182;Malawi;2003;PHC ambulatory expenditures per capita in 2017 USD;1;1;0
MWI;182;Malawi;2003;PHC expenditures in 2017 USD (millions);89.87;108.06;72.31
MWI;182;Malawi;2003;PHC expenditures per capita in 2017 USD;7;9;6
MWI;182;Malawi;2004;PHC ambulatory expenditures in 2017 USD (millions);10.44;21.87;3.41
MWI;182;Malawi;2004;PHC ambulatory expenditures per capita in 2017 USD;1;2;0
MWI;182;Malawi;2004;PHC expenditures in 2017 USD (millions);111.11;133.82;89.08
MWI;182;Malawi;2004;PHC expenditures per capita in 2017 USD;9;11;7
MWI;182;Malawi;2005;PHC ambulatory expenditures in 2017 USD (millions);11.01;23.12;3.59
MWI;182;Malawi;2005;PHC ambulatory expenditures per capita in 2017 USD;1;2;0
MWI;182;Malawi;2005;PHC expenditures in 2017 USD (millions);117.33;141.55;94.03
MWI;182;Malawi;2005;PHC expenditures per capita in 2017 USD;9;11;7
MWI;182;Malawi;2006;PHC ambulatory expenditures in 2017 USD (millions);14.02;29.75;4.41
MWI;182;Malawi;2006;PHC ambulatory expenditures per capita in 2017 USD;1;2;0
MWI;182;Malawi;2006;PHC expenditures in 2017 USD (millions);149.9;182;119.9
MWI;182;Malawi;2006;PHC expenditures per capita in 2017 USD;12;14;9
MWI;182;Malawi;2007;PHC ambulatory expenditures in 2017 USD (millions);18.14;38.94;5.63
MWI;182;Malawi;2007;PHC ambulatory expenditures per capita in 2017 USD;1;3;0
MWI;182;Malawi;2007;PHC expenditures in 2017 USD (millions);194.49;237.81;154.19
MWI;182;Malawi;2007;PHC expenditures per capita in 2017 USD;15;18;12
MWI;182;Malawi;2008;PHC ambulatory expenditures in 2017 USD (millions);21.24;45.87;6.53
MWI;182;Malawi;2008;PHC ambulatory expenditures per capita in 2017 USD;2;3;0
MWI;182;Malawi;2008;PHC expenditures in 2017 USD (millions);228.23;280.38;180.49
MWI;182;Malawi;2008;PHC expenditures per capita in 2017 USD;17;21;13
MWI;182;Malawi;2009;PHC ambulatory expenditures in 2017 USD (millions);19.88;43.06;6.04
MWI;182;Malawi;2009;PHC ambulatory expenditures per capita in 2017 USD;1;3;0
MWI;182;Malawi;2009;PHC expenditures in 2017 USD (millions);214.08;263.67;168.58
MWI;182;Malawi;2009;PHC expenditures per capita in 2017 USD;15;19;12
MWI;182;Malawi;2010;PHC ambulatory expenditures in 2017 USD (millions);17.47;37.84;5.31
MWI;182;Malawi;2010;PHC ambulatory expenditures per capita in 2017 USD;1;3;0
MWI;182;Malawi;2010;PHC expenditures in 2017 USD (millions);188.44;231.85;147.95
MWI;182;Malawi;2010;PHC expenditures per capita in 2017 USD;13;16;10
MWI;182;Malawi;2011;PHC ambulatory expenditures in 2017 USD (millions);22.52;49.22;6.77
MWI;182;Malawi;2011;PHC ambulatory expenditures per capita in 2017 USD;2;3;0
MWI;182;Malawi;2011;PHC expenditures in 2017 USD (millions);243.31;301.03;190.08
MWI;182;Malawi;2011;PHC expenditures per capita in 2017 USD;17;20;13
MWI;182;Malawi;2012;PHC ambulatory expenditures in 2017 USD (millions);24.53;53.68;7.36
MWI;182;Malawi;2012;PHC ambulatory expenditures per capita in 2017 USD;2;4;0
MWI;182;Malawi;2012;PHC expenditures in 2017 USD (millions);265.27;328.87;206.85
MWI;182;Malawi;2012;PHC expenditures per capita in 2017 USD;18;22;14
MWI;182;Malawi;2013;PHC ambulatory expenditures in 2017 USD (millions);27.16;59.37;8.16
MWI;182;Malawi;2013;PHC ambulatory expenditures per capita in 2017 USD;2;4;1
MWI;182;Malawi;2013;PHC expenditures in 2017 USD (millions);293.35;363.35;229.11
MWI;182;Malawi;2013;PHC expenditures per capita in 2017 USD;19;23;15
MWI;182;Malawi;2014;PHC ambulatory expenditures in 2017 USD (millions);25.88;56.53;7.78
MWI;182;Malawi;2014;PHC ambulatory expenditures per capita in 2017 USD;2;4;0
MWI;182;Malawi;2014;PHC expenditures in 2017 USD (millions);279.53;346.01;218.7
MWI;182;Malawi;2014;PHC expenditures per capita in 2017 USD;18;22;14
MWI;182;Malawi;2015;PHC ambulatory expenditures in 2017 USD (millions);29.26;63.87;8.82
MWI;182;Malawi;2015;PHC ambulatory expenditures per capita in 2017 USD;2;4;1
MWI;182;Malawi;2015;PHC expenditures in 2017 USD (millions);315.64;390.91;247.19
MWI;182;Malawi;2015;PHC expenditures per capita in 2017 USD;19;24;15
MWI;182;Malawi;2016;PHC ambulatory expenditures in 2017 USD (millions);30.67;66.84;9.28
MWI;182;Malawi;2016;PHC ambulatory expenditures per capita in 2017 USD;2;4;1
MWI;182;Malawi;2016;PHC expenditures in 2017 USD (millions);330.64;408.64;259.03
MWI;182;Malawi;2016;PHC expenditures per capita in 2017 USD;20;24;15
MWI;182;Malawi;2017;PHC ambulatory expenditures in 2017 USD (millions);35.09;76.42;10.65
MWI;182;Malawi;2017;PHC ambulatory expenditures per capita in 2017 USD;2;4;1
MWI;182;Malawi;2017;PHC expenditures in 2017 USD (millions);378;467.22;296.05
MWI;182;Malawi;2017;PHC expenditures per capita in 2017 USD;22;27;17
MYS;13;Malaysia;2000;PHC ambulatory expenditures in 2017 USD (millions);599.03;800.88;339.69
MYS;13;Malaysia;2000;PHC ambulatory expenditures per capita in 2017 USD;25;34;14
MYS;13;Malaysia;2000;PHC expenditures in 2017 USD (millions);1304.82;1531.74;1035.33
MYS;13;Malaysia;2000;PHC expenditures per capita in 2017 USD;55;64;43
MYS;13;Malaysia;2001;PHC ambulatory expenditures in 2017 USD (millions);664.91;887.36;375.24
MYS;13;Malaysia;2001;PHC ambulatory expenditures per capita in 2017 USD;27;36;15
MYS;13;Malaysia;2001;PHC expenditures in 2017 USD (millions);1449.65;1700.15;1144.76
MYS;13;Malaysia;2001;PHC expenditures per capita in 2017 USD;59;70;47
MYS;13;Malaysia;2002;PHC ambulatory expenditures in 2017 USD (millions);705.29;940.35;396.38
MYS;13;Malaysia;2002;PHC ambulatory expenditures per capita in 2017 USD;28;38;16
MYS;13;Malaysia;2002;PHC expenditures in 2017 USD (millions);1537.71;1802.67;1211.91
MYS;13;Malaysia;2002;PHC expenditures per capita in 2017 USD;62;72;49
MYS;13;Malaysia;2003;PHC ambulatory expenditures in 2017 USD (millions);785.84;1047.39;440.07
MYS;13;Malaysia;2003;PHC ambulatory expenditures per capita in 2017 USD;31;41;17
MYS;13;Malaysia;2003;PHC expenditures in 2017 USD (millions);1708.84;2002.79;1343.14
MYS;13;Malaysia;2003;PHC expenditures per capita in 2017 USD;67;79;53
MYS;13;Malaysia;2004;PHC ambulatory expenditures in 2017 USD (millions);824.72;1098.81;460.61
MYS;13;Malaysia;2004;PHC ambulatory expenditures per capita in 2017 USD;32;43;18
MYS;13;Malaysia;2004;PHC expenditures in 2017 USD (millions);1793.71;2099.81;1406.36
MYS;13;Malaysia;2004;PHC expenditures per capita in 2017 USD;69;81;54
MYS;13;Malaysia;2005;PHC ambulatory expenditures in 2017 USD (millions);868.72;1157.12;485.13
MYS;13;Malaysia;2005;PHC ambulatory expenditures per capita in 2017 USD;33;44;18
MYS;13;Malaysia;2005;PHC expenditures in 2017 USD (millions);1889.36;2208.92;1479.14
MYS;13;Malaysia;2005;PHC expenditures per capita in 2017 USD;72;84;56
MYS;13;Malaysia;2006;PHC ambulatory expenditures in 2017 USD (millions);956.97;1274.78;533.83
MYS;13;Malaysia;2006;PHC ambulatory expenditures per capita in 2017 USD;36;48;20
MYS;13;Malaysia;2006;PHC expenditures in 2017 USD (millions);2075.18;2427.69;1630.61
MYS;13;Malaysia;2006;PHC expenditures per capita in 2017 USD;78;91;61
MYS;13;Malaysia;2007;PHC ambulatory expenditures in 2017 USD (millions);1026.71;1367.63;574.08
MYS;13;Malaysia;2007;PHC ambulatory expenditures per capita in 2017 USD;38;51;21
MYS;13;Malaysia;2007;PHC expenditures in 2017 USD (millions);2222.93;2601.38;1752.61
MYS;13;Malaysia;2007;PHC expenditures per capita in 2017 USD;82;96;65
MYS;13;Malaysia;2008;PHC ambulatory expenditures in 2017 USD (millions);1112.02;1480.95;621
MYS;13;Malaysia;2008;PHC ambulatory expenditures per capita in 2017 USD;41;54;23
MYS;13;Malaysia;2008;PHC expenditures in 2017 USD (millions);2405.04;2814.86;1902.68
MYS;13;Malaysia;2008;PHC expenditures per capita in 2017 USD;88;103;69
MYS;13;Malaysia;2009;PHC ambulatory expenditures in 2017 USD (millions);1208.96;1610;674.88
MYS;13;Malaysia;2009;PHC ambulatory expenditures per capita in 2017 USD;44;58;24
MYS;13;Malaysia;2009;PHC expenditures in 2017 USD (millions);2610;3056.49;2067.77
MYS;13;Malaysia;2009;PHC expenditures per capita in 2017 USD;94;110;74
MYS;13;Malaysia;2010;PHC ambulatory expenditures in 2017 USD (millions);1214.07;1616.63;678.56
MYS;13;Malaysia;2010;PHC ambulatory expenditures per capita in 2017 USD;43;57;24
MYS;13;Malaysia;2010;PHC expenditures in 2017 USD (millions);2622.78;3073.92;2084.24
MYS;13;Malaysia;2010;PHC expenditures per capita in 2017 USD;93;109;74
MYS;13;Malaysia;2011;PHC ambulatory expenditures in 2017 USD (millions);1348.61;1794.86;752.38
MYS;13;Malaysia;2011;PHC ambulatory expenditures per capita in 2017 USD;47;63;26
MYS;13;Malaysia;2011;PHC expenditures in 2017 USD (millions);2912.9;3422.17;2313.43
MYS;13;Malaysia;2011;PHC expenditures per capita in 2017 USD;102;120;81
MYS;13;Malaysia;2012;PHC ambulatory expenditures in 2017 USD (millions);1499.38;1994.72;834.72
MYS;13;Malaysia;2012;PHC ambulatory expenditures per capita in 2017 USD;52;69;29
MYS;13;Malaysia;2012;PHC expenditures in 2017 USD (millions);3236.5;3802.35;2566.89
MYS;13;Malaysia;2012;PHC expenditures per capita in 2017 USD;112;132;89
MYS;13;Malaysia;2013;PHC ambulatory expenditures in 2017 USD (millions);1613.46;2146.15;891.86
MYS;13;Malaysia;2013;PHC ambulatory expenditures per capita in 2017 USD;55;73;31
MYS;13;Malaysia;2013;PHC expenditures in 2017 USD (millions);3487.97;4094.35;2758.26
MYS;13;Malaysia;2013;PHC expenditures per capita in 2017 USD;119;140;94
MYS;13;Malaysia;2014;PHC ambulatory expenditures in 2017 USD (millions);1734.84;2305.34;952
MYS;13;Malaysia;2014;PHC ambulatory expenditures per capita in 2017 USD;59;78;32
MYS;13;Malaysia;2014;PHC expenditures in 2017 USD (millions);3761.2;4410.55;2962.24
MYS;13;Malaysia;2014;PHC expenditures per capita in 2017 USD;127;149;100
MYS;13;Malaysia;2015;PHC ambulatory expenditures in 2017 USD (millions);1859.93;2471.32;1014.95
MYS;13;Malaysia;2015;PHC ambulatory expenditures per capita in 2017 USD;62;83;34
MYS;13;Malaysia;2015;PHC expenditures in 2017 USD (millions);4039.5;4738.81;3172.81
MYS;13;Malaysia;2015;PHC expenditures per capita in 2017 USD;135;158;106
MYS;13;Malaysia;2016;PHC ambulatory expenditures in 2017 USD (millions);1925.64;2559.26;1047.24
MYS;13;Malaysia;2016;PHC ambulatory expenditures per capita in 2017 USD;64;84;35
MYS;13;Malaysia;2016;PHC expenditures in 2017 USD (millions);4187.71;4914.78;3291.36
MYS;13;Malaysia;2016;PHC expenditures per capita in 2017 USD;138;162;109
MYS;13;Malaysia;2017;PHC ambulatory expenditures in 2017 USD (millions);2043.88;2716.2;1108.28
MYS;13;Malaysia;2017;PHC ambulatory expenditures per capita in 2017 USD;67;89;36
MYS;13;Malaysia;2017;PHC expenditures in 2017 USD (millions);4443.83;5215.82;3494.17
MYS;13;Malaysia;2017;PHC expenditures per capita in 2017 USD;145;170;114
NAM;195;Namibia;2000;PHC ambulatory expenditures in 2017 USD (millions);104.7;151.99;57.89
NAM;195;Namibia;2000;PHC ambulatory expenditures per capita in 2017 USD;57;82;31
NAM;195;Namibia;2000;PHC expenditures in 2017 USD (millions);229.11;329.15;143.36
NAM;195;Namibia;2000;PHC expenditures per capita in 2017 USD;124;178;78
NAM;195;Namibia;2001;PHC ambulatory expenditures in 2017 USD (millions);108.96;158.11;60.23
NAM;195;Namibia;2001;PHC ambulatory expenditures per capita in 2017 USD;58;84;32
NAM;195;Namibia;2001;PHC expenditures in 2017 USD (millions);239.29;342.66;150.74
NAM;195;Namibia;2001;PHC expenditures per capita in 2017 USD;127;183;80
NAM;195;Namibia;2002;PHC ambulatory expenditures in 2017 USD (millions);113.78;165.24;63.12
NAM;195;Namibia;2002;PHC ambulatory expenditures per capita in 2017 USD;60;87;33
NAM;195;Namibia;2002;PHC expenditures in 2017 USD (millions);250.74;358.16;158.12
NAM;195;Namibia;2002;PHC expenditures per capita in 2017 USD;132;188;83
NAM;195;Namibia;2003;PHC ambulatory expenditures in 2017 USD (millions);119.71;173.52;66.51
NAM;195;Namibia;2003;PHC ambulatory expenditures per capita in 2017 USD;62;90;34
NAM;195;Namibia;2003;PHC expenditures in 2017 USD (millions);264.54;376.6;167.53
NAM;195;Namibia;2003;PHC expenditures per capita in 2017 USD;137;195;87
NAM;195;Namibia;2004;PHC ambulatory expenditures in 2017 USD (millions);123.02;178.2;68.39
NAM;195;Namibia;2004;PHC ambulatory expenditures per capita in 2017 USD;63;91;35
NAM;195;Namibia;2004;PHC expenditures in 2017 USD (millions);272.54;387.1;173.03
NAM;195;Namibia;2004;PHC expenditures per capita in 2017 USD;139;198;88
NAM;195;Namibia;2005;PHC ambulatory expenditures in 2017 USD (millions);123.2;178.12;68.53
NAM;195;Namibia;2005;PHC ambulatory expenditures per capita in 2017 USD;62;90;35
NAM;195;Namibia;2005;PHC expenditures in 2017 USD (millions);273.71;388.11;174.16
NAM;195;Namibia;2005;PHC expenditures per capita in 2017 USD;138;196;88
NAM;195;Namibia;2006;PHC ambulatory expenditures in 2017 USD (millions);130.4;188.78;72.51
NAM;195;Namibia;2006;PHC ambulatory expenditures per capita in 2017 USD;65;94;36
NAM;195;Namibia;2006;PHC expenditures in 2017 USD (millions);289.46;410.77;183.59
NAM;195;Namibia;2006;PHC expenditures per capita in 2017 USD;144;204;91
NAM;195;Namibia;2007;PHC ambulatory expenditures in 2017 USD (millions);135.09;195.73;75.11
NAM;195;Namibia;2007;PHC ambulatory expenditures per capita in 2017 USD;66;96;37
NAM;195;Namibia;2007;PHC expenditures in 2017 USD (millions);299.92;425.8;189.79
NAM;195;Namibia;2007;PHC expenditures per capita in 2017 USD;147;209;93
NAM;195;Namibia;2008;PHC ambulatory expenditures in 2017 USD (millions);138.54;200.71;77.04
NAM;195;Namibia;2008;PHC ambulatory expenditures per capita in 2017 USD;67;97;37
NAM;195;Namibia;2008;PHC expenditures in 2017 USD (millions);307.76;436.95;194.53
NAM;195;Namibia;2008;PHC expenditures per capita in 2017 USD;149;212;94
NAM;195;Namibia;2009;PHC ambulatory expenditures in 2017 USD (millions);149.95;217.24;83.36
NAM;195;Namibia;2009;PHC ambulatory expenditures per capita in 2017 USD;72;104;40
NAM;195;Namibia;2009;PHC expenditures in 2017 USD (millions);332.39;472.58;209.68
NAM;195;Namibia;2009;PHC expenditures per capita in 2017 USD;159;226;100
NAM;195;Namibia;2010;PHC ambulatory expenditures in 2017 USD (millions);156.62;226.86;87.1
NAM;195;Namibia;2010;PHC ambulatory expenditures per capita in 2017 USD;74;107;41
NAM;195;Namibia;2010;PHC expenditures in 2017 USD (millions);347.28;493.76;219.24
NAM;195;Namibia;2010;PHC expenditures per capita in 2017 USD;164;233;104
NAM;195;Namibia;2011;PHC ambulatory expenditures in 2017 USD (millions);167.9;243.15;93.47
NAM;195;Namibia;2011;PHC ambulatory expenditures per capita in 2017 USD;78;113;43
NAM;195;Namibia;2011;PHC expenditures in 2017 USD (millions);372.09;528.85;235.15
NAM;195;Namibia;2011;PHC expenditures per capita in 2017 USD;173;246;109
NAM;195;Namibia;2012;PHC ambulatory expenditures in 2017 USD (millions);173.76;251.65;96.72
NAM;195;Namibia;2012;PHC ambulatory expenditures per capita in 2017 USD;80;115;44
NAM;195;Namibia;2012;PHC expenditures in 2017 USD (millions);385.16;547.51;243.51
NAM;195;Namibia;2012;PHC expenditures per capita in 2017 USD;177;251;112
NAM;195;Namibia;2013;PHC ambulatory expenditures in 2017 USD (millions);176.2;255.12;98.09
NAM;195;Namibia;2013;PHC ambulatory expenditures per capita in 2017 USD;80;115;44
NAM;195;Namibia;2013;PHC expenditures in 2017 USD (millions);391.57;555.38;248.43
NAM;195;Namibia;2013;PHC expenditures per capita in 2017 USD;177;251;112
NAM;195;Namibia;2014;PHC ambulatory expenditures in 2017 USD (millions);192.72;278.45;107.52
NAM;195;Namibia;2014;PHC ambulatory expenditures per capita in 2017 USD;86;124;48
NAM;195;Namibia;2014;PHC expenditures in 2017 USD (millions);428.19;606.15;272.1
NAM;195;Namibia;2014;PHC expenditures per capita in 2017 USD;190;270;121
NAM;195;Namibia;2015;PHC ambulatory expenditures in 2017 USD (millions);203.39;293.11;113.17
NAM;195;Namibia;2015;PHC ambulatory expenditures per capita in 2017 USD;89;128;50
NAM;195;Namibia;2015;PHC expenditures in 2017 USD (millions);452.7;639.46;288.5
NAM;195;Namibia;2015;PHC expenditures per capita in 2017 USD;198;280;126
NAM;195;Namibia;2016;PHC ambulatory expenditures in 2017 USD (millions);201.02;288.95;111.55
NAM;195;Namibia;2016;PHC ambulatory expenditures per capita in 2017 USD;87;125;48
NAM;195;Namibia;2016;PHC expenditures in 2017 USD (millions);449.37;632.98;287.35
NAM;195;Namibia;2016;PHC expenditures per capita in 2017 USD;194;273;124
NAM;195;Namibia;2017;PHC ambulatory expenditures in 2017 USD (millions);195.15;280.58;108.53
NAM;195;Namibia;2017;PHC ambulatory expenditures per capita in 2017 USD;83;119;46
NAM;195;Namibia;2017;PHC expenditures in 2017 USD (millions);438.5;616.02;281.22
NAM;195;Namibia;2017;PHC expenditures per capita in 2017 USD;186;262;119
NER;213;Niger;2000;PHC ambulatory expenditures in 2017 USD (millions);15.64;47.53;2.07
NER;213;Niger;2000;PHC ambulatory expenditures per capita in 2017 USD;1;4;0
NER;213;Niger;2000;PHC expenditures in 2017 USD (millions);110.43;164.5;64.1
NER;213;Niger;2000;PHC expenditures per capita in 2017 USD;10;15;6
NER;213;Niger;2001;PHC ambulatory expenditures in 2017 USD (millions);16.93;51.44;2.24
NER;213;Niger;2001;PHC ambulatory expenditures per capita in 2017 USD;1;4;0
NER;213;Niger;2001;PHC expenditures in 2017 USD (millions);119.56;178.05;69.42
NER;213;Niger;2001;PHC expenditures per capita in 2017 USD;10;15;6
NER;213;Niger;2002;PHC ambulatory expenditures in 2017 USD (millions);18.27;55.45;2.42
NER;213;Niger;2002;PHC ambulatory expenditures per capita in 2017 USD;2;5;0
NER;213;Niger;2002;PHC expenditures in 2017 USD (millions);129.01;192.01;74.99
NER;213;Niger;2002;PHC expenditures per capita in 2017 USD;11;16;6
NER;213;Niger;2003;PHC ambulatory expenditures in 2017 USD (millions);19.88;60.3;2.63
NER;213;Niger;2003;PHC ambulatory expenditures per capita in 2017 USD;2;5;0
NER;213;Niger;2003;PHC expenditures in 2017 USD (millions);140.39;208.86;81.63
NER;213;Niger;2003;PHC expenditures per capita in 2017 USD;11;17;6
NER;213;Niger;2004;PHC ambulatory expenditures in 2017 USD (millions);20.69;62.69;2.75
NER;213;Niger;2004;PHC ambulatory expenditures per capita in 2017 USD;2;5;0
NER;213;Niger;2004;PHC expenditures in 2017 USD (millions);146.22;217.27;85.17
NER;213;Niger;2004;PHC expenditures per capita in 2017 USD;11;17;7
NER;213;Niger;2005;PHC ambulatory expenditures in 2017 USD (millions);21.91;66.34;2.91
NER;213;Niger;2005;PHC ambulatory expenditures per capita in 2017 USD;2;5;0
NER;213;Niger;2005;PHC expenditures in 2017 USD (millions);154.91;230.02;90.35
NER;213;Niger;2005;PHC expenditures per capita in 2017 USD;11;17;7
NER;213;Niger;2006;PHC ambulatory expenditures in 2017 USD (millions);24.96;75.59;3.32
NER;213;Niger;2006;PHC ambulatory expenditures per capita in 2017 USD;2;5;0
NER;213;Niger;2006;PHC expenditures in 2017 USD (millions);176.48;262.11;102.85
NER;213;Niger;2006;PHC expenditures per capita in 2017 USD;13;19;7
NER;213;Niger;2007;PHC ambulatory expenditures in 2017 USD (millions);25.79;78.05;3.43
NER;213;Niger;2007;PHC ambulatory expenditures per capita in 2017 USD;2;5;0
NER;213;Niger;2007;PHC expenditures in 2017 USD (millions);182.3;270.67;106.28
NER;213;Niger;2007;PHC expenditures per capita in 2017 USD;12;19;7
NER;213;Niger;2008;PHC ambulatory expenditures in 2017 USD (millions);28.15;85.25;3.74
NER;213;Niger;2008;PHC ambulatory expenditures per capita in 2017 USD;2;6;0
NER;213;Niger;2008;PHC expenditures in 2017 USD (millions);198.98;295.58;115.94
NER;213;Niger;2008;PHC expenditures per capita in 2017 USD;13;19;8
NER;213;Niger;2009;PHC ambulatory expenditures in 2017 USD (millions);26.82;81.18;3.57
NER;213;Niger;2009;PHC ambulatory expenditures per capita in 2017 USD;2;5;0
NER;213;Niger;2009;PHC expenditures in 2017 USD (millions);189.6;281.53;110.55
NER;213;Niger;2009;PHC expenditures per capita in 2017 USD;12;18;7
NER;213;Niger;2010;PHC ambulatory expenditures in 2017 USD (millions);25.71;77.84;3.42
NER;213;Niger;2010;PHC ambulatory expenditures per capita in 2017 USD;2;5;0
NER;213;Niger;2010;PHC expenditures in 2017 USD (millions);181.72;269.93;105.93
NER;213;Niger;2010;PHC expenditures per capita in 2017 USD;11;16;6
NER;213;Niger;2011;PHC ambulatory expenditures in 2017 USD (millions);25.57;77.43;3.4
NER;213;Niger;2011;PHC ambulatory expenditures per capita in 2017 USD;2;5;0
NER;213;Niger;2011;PHC expenditures in 2017 USD (millions);180.68;268.48;105.27
NER;213;Niger;2011;PHC expenditures per capita in 2017 USD;11;16;6
NER;213;Niger;2012;PHC ambulatory expenditures in 2017 USD (millions);24.73;74.86;3.29
NER;213;Niger;2012;PHC ambulatory expenditures per capita in 2017 USD;1;4;0
NER;213;Niger;2012;PHC expenditures in 2017 USD (millions);174.73;259.63;101.81
NER;213;Niger;2012;PHC expenditures per capita in 2017 USD;10;15;6
NER;213;Niger;2013;PHC ambulatory expenditures in 2017 USD (millions);27.94;84.58;3.71
NER;213;Niger;2013;PHC ambulatory expenditures per capita in 2017 USD;2;5;0
NER;213;Niger;2013;PHC expenditures in 2017 USD (millions);197.41;293.36;114.99
NER;213;Niger;2013;PHC expenditures per capita in 2017 USD;11;16;6
NER;213;Niger;2014;PHC ambulatory expenditures in 2017 USD (millions);31.11;94.17;4.13
NER;213;Niger;2014;PHC ambulatory expenditures per capita in 2017 USD;2;5;0
NER;213;Niger;2014;PHC expenditures in 2017 USD (millions);219.77;326.64;127.98
NER;213;Niger;2014;PHC expenditures per capita in 2017 USD;12;17;7
NER;213;Niger;2015;PHC ambulatory expenditures in 2017 USD (millions);32.85;99.43;4.37
NER;213;Niger;2015;PHC ambulatory expenditures per capita in 2017 USD;2;5;0
NER;213;Niger;2015;PHC expenditures in 2017 USD (millions);232.13;344.94;135.2
NER;213;Niger;2015;PHC expenditures per capita in 2017 USD;12;17;7
NER;213;Niger;2016;PHC ambulatory expenditures in 2017 USD (millions);32.69;98.92;4.35
NER;213;Niger;2016;PHC ambulatory expenditures per capita in 2017 USD;2;5;0
NER;213;Niger;2016;PHC expenditures in 2017 USD (millions);231.01;343.24;134.54
NER;213;Niger;2016;PHC expenditures per capita in 2017 USD;11;17;7
NER;213;Niger;2017;PHC ambulatory expenditures in 2017 USD (millions);36.43;110.21;4.85
NER;213;Niger;2017;PHC ambulatory expenditures per capita in 2017 USD;2;5;0
NER;213;Niger;2017;PHC expenditures in 2017 USD (millions);257.51;382.28;150.09
NER;213;Niger;2017;PHC expenditures per capita in 2017 USD;12;18;7
NGA;214;Nigeria;2000;PHC ambulatory expenditures in 2017 USD (millions);784;1190.86;397.51
NGA;214;Nigeria;2000;PHC ambulatory expenditures per capita in 2017 USD;6;10;3
NGA;214;Nigeria;2000;PHC expenditures in 2017 USD (millions);2002.85;3121.84;1055.08
NGA;214;Nigeria;2000;PHC expenditures per capita in 2017 USD;16;26;9
NGA;214;Nigeria;2001;PHC ambulatory expenditures in 2017 USD (millions);896.76;1357.47;457.11
NGA;214;Nigeria;2001;PHC ambulatory expenditures per capita in 2017 USD;7;11;4
NGA;214;Nigeria;2001;PHC expenditures in 2017 USD (millions);2289.44;3566.56;1212.74
NGA;214;Nigeria;2001;PHC expenditures per capita in 2017 USD;18;28;10
NGA;214;Nigeria;2002;PHC ambulatory expenditures in 2017 USD (millions);876.63;1326.96;446.49
NGA;214;Nigeria;2002;PHC ambulatory expenditures per capita in 2017 USD;7;10;3
NGA;214;Nigeria;2002;PHC expenditures in 2017 USD (millions);2245.8;3498.55;1191.57
NGA;214;Nigeria;2002;PHC expenditures per capita in 2017 USD;17;27;9
NGA;214;Nigeria;2003;PHC ambulatory expenditures in 2017 USD (millions);1224.99;1851.7;624.32
NGA;214;Nigeria;2003;PHC ambulatory expenditures per capita in 2017 USD;9;14;5
NGA;214;Nigeria;2003;PHC expenditures in 2017 USD (millions);3123.41;4879.27;1646.1
NGA;214;Nigeria;2003;PHC expenditures per capita in 2017 USD;23;36;12
NGA;214;Nigeria;2004;PHC ambulatory expenditures in 2017 USD (millions);1369.9;2070.76;698.41
NGA;214;Nigeria;2004;PHC ambulatory expenditures per capita in 2017 USD;10;15;5
NGA;214;Nigeria;2004;PHC expenditures in 2017 USD (millions);3495.55;5456.87;1838.68
NGA;214;Nigeria;2004;PHC expenditures per capita in 2017 USD;25;40;13
NGA;214;Nigeria;2005;PHC ambulatory expenditures in 2017 USD (millions);1545.85;2335.07;788.22
NGA;214;Nigeria;2005;PHC ambulatory expenditures per capita in 2017 USD;11;16;6
NGA;214;Nigeria;2005;PHC expenditures in 2017 USD (millions);3946.16;6153.98;2068.72
NGA;214;Nigeria;2005;PHC expenditures per capita in 2017 USD;28;43;15
NGA;214;Nigeria;2006;PHC ambulatory expenditures in 2017 USD (millions);1454.98;2200.05;742.57
NGA;214;Nigeria;2006;PHC ambulatory expenditures per capita in 2017 USD;10;15;5
NGA;214;Nigeria;2006;PHC expenditures in 2017 USD (millions);3729.46;5805;1949.38
NGA;214;Nigeria;2006;PHC expenditures per capita in 2017 USD;25;39;13
NGA;214;Nigeria;2007;PHC ambulatory expenditures in 2017 USD (millions);1752.92;2647.6;894.99
NGA;214;Nigeria;2007;PHC ambulatory expenditures per capita in 2017 USD;12;17;6
NGA;214;Nigeria;2007;PHC expenditures in 2017 USD (millions);4483.6;6997.56;2349.47
NGA;214;Nigeria;2007;PHC expenditures per capita in 2017 USD;30;46;15
NGA;214;Nigeria;2008;PHC ambulatory expenditures in 2017 USD (millions);1681.54;2543.91;858.21
NGA;214;Nigeria;2008;PHC ambulatory expenditures per capita in 2017 USD;11;16;5
NGA;214;Nigeria;2008;PHC expenditures in 2017 USD (millions);4313.57;6737.77;2264.76
NGA;214;Nigeria;2008;PHC expenditures per capita in 2017 USD;28;43;14
NGA;214;Nigeria;2009;PHC ambulatory expenditures in 2017 USD (millions);1831.24;2773.69;932.28
NGA;214;Nigeria;2009;PHC ambulatory expenditures per capita in 2017 USD;11;17;6
NGA;214;Nigeria;2009;PHC expenditures in 2017 USD (millions);4693.09;7335.59;2465.22
NGA;214;Nigeria;2009;PHC expenditures per capita in 2017 USD;29;45;15
NGA;214;Nigeria;2010;PHC ambulatory expenditures in 2017 USD (millions);1891.96;2866.95;962.48
NGA;214;Nigeria;2010;PHC ambulatory expenditures per capita in 2017 USD;11;17;6
NGA;214;Nigeria;2010;PHC expenditures in 2017 USD (millions);4851.87;7573.99;2556.69
NGA;214;Nigeria;2010;PHC expenditures per capita in 2017 USD;29;46;15
NGA;214;Nigeria;2011;PHC ambulatory expenditures in 2017 USD (millions);1981.75;3002.93;1008.36
NGA;214;Nigeria;2011;PHC ambulatory expenditures per capita in 2017 USD;12;17;6
NGA;214;Nigeria;2011;PHC expenditures in 2017 USD (millions);5084.45;7927.14;2683.72
NGA;214;Nigeria;2011;PHC expenditures per capita in 2017 USD;30;46;16
NGA;214;Nigeria;2012;PHC ambulatory expenditures in 2017 USD (millions);1994.85;3023.45;1014.8
NGA;214;Nigeria;2012;PHC ambulatory expenditures per capita in 2017 USD;11;17;6
NGA;214;Nigeria;2012;PHC expenditures in 2017 USD (millions);5126.71;7992.25;2708.71
NGA;214;Nigeria;2012;PHC expenditures per capita in 2017 USD;29;45;15
NGA;214;Nigeria;2013;PHC ambulatory expenditures in 2017 USD (millions);2141.88;3246.15;1090.02
NGA;214;Nigeria;2013;PHC ambulatory expenditures per capita in 2017 USD;12;18;6
NGA;214;Nigeria;2013;PHC expenditures in 2017 USD (millions);5504.57;8599.28;2912.08
NGA;214;Nigeria;2013;PHC expenditures per capita in 2017 USD;30;47;16
NGA;214;Nigeria;2014;PHC ambulatory expenditures in 2017 USD (millions);2225.9;3372.36;1133.49
NGA;214;Nigeria;2014;PHC ambulatory expenditures per capita in 2017 USD;12;18;6
NGA;214;Nigeria;2014;PHC expenditures in 2017 USD (millions);5730.98;8936.35;3027.24
NGA;214;Nigeria;2014;PHC expenditures per capita in 2017 USD;30;47;16
NGA;214;Nigeria;2015;PHC ambulatory expenditures in 2017 USD (millions);2356.6;3570.76;1200.86
NGA;214;Nigeria;2015;PHC ambulatory expenditures per capita in 2017 USD;12;18;6
NGA;214;Nigeria;2015;PHC expenditures in 2017 USD (millions);6077.21;9448.49;3218.43
NGA;214;Nigeria;2015;PHC expenditures per capita in 2017 USD;31;49;17
NGA;214;Nigeria;2016;PHC ambulatory expenditures in 2017 USD (millions);2262.53;3428.1;1154.47
NGA;214;Nigeria;2016;PHC ambulatory expenditures per capita in 2017 USD;11;17;6
NGA;214;Nigeria;2016;PHC expenditures in 2017 USD (millions);5863.44;9084.19;3112.78
NGA;214;Nigeria;2016;PHC expenditures per capita in 2017 USD;29;45;16
NGA;214;Nigeria;2017;PHC ambulatory expenditures in 2017 USD (millions);2492.22;3770.16;1273.32
NGA;214;Nigeria;2017;PHC ambulatory expenditures per capita in 2017 USD;12;18;6
NGA;214;Nigeria;2017;PHC expenditures in 2017 USD (millions);6458.89;9989.4;3447.8
NGA;214;Nigeria;2017;PHC expenditures per capita in 2017 USD;31;48;17
NIC;131;Nicaragua;2000;PHC ambulatory expenditures in 2017 USD (millions);40.33;71.66;15.91
NIC;131;Nicaragua;2000;PHC ambulatory expenditures per capita in 2017 USD;8;14;3
NIC;131;Nicaragua;2000;PHC expenditures in 2017 USD (millions);187.05;252.52;128.15
NIC;131;Nicaragua;2000;PHC expenditures per capita in 2017 USD;38;51;26
NIC;131;Nicaragua;2001;PHC ambulatory expenditures in 2017 USD (millions);40.05;70.84;15.85
NIC;131;Nicaragua;2001;PHC ambulatory expenditures per capita in 2017 USD;8;14;3
NIC;131;Nicaragua;2001;PHC expenditures in 2017 USD (millions);185.11;249.64;126.92
NIC;131;Nicaragua;2001;PHC expenditures per capita in 2017 USD;37;50;25
NIC;131;Nicaragua;2002;PHC ambulatory expenditures in 2017 USD (millions);41.02;72.37;16.21
NIC;131;Nicaragua;2002;PHC ambulatory expenditures per capita in 2017 USD;8;14;3
NIC;131;Nicaragua;2002;PHC expenditures in 2017 USD (millions);189.16;254.95;129.87
NIC;131;Nicaragua;2002;PHC expenditures per capita in 2017 USD;37;50;25
NIC;131;Nicaragua;2003;PHC ambulatory expenditures in 2017 USD (millions);43.69;76.92;17.26
NIC;131;Nicaragua;2003;PHC ambulatory expenditures per capita in 2017 USD;8;15;3
NIC;131;Nicaragua;2003;PHC expenditures in 2017 USD (millions);200.96;270.88;138.14
NIC;131;Nicaragua;2003;PHC expenditures per capita in 2017 USD;39;52;27
NIC;131;Nicaragua;2004;PHC ambulatory expenditures in 2017 USD (millions);47.03;82.64;18.58
NIC;131;Nicaragua;2004;PHC ambulatory expenditures per capita in 2017 USD;9;16;4
NIC;131;Nicaragua;2004;PHC expenditures in 2017 USD (millions);215.63;290.6;148.44
NIC;131;Nicaragua;2004;PHC expenditures per capita in 2017 USD;41;55;28
NIC;131;Nicaragua;2005;PHC ambulatory expenditures in 2017 USD (millions);51.13;89.78;20.2
NIC;131;Nicaragua;2005;PHC ambulatory expenditures per capita in 2017 USD;10;17;4
NIC;131;Nicaragua;2005;PHC expenditures in 2017 USD (millions);233.75;314.84;160.99
NIC;131;Nicaragua;2005;PHC expenditures per capita in 2017 USD;44;59;30
NIC;131;Nicaragua;2006;PHC ambulatory expenditures in 2017 USD (millions);53.56;94;21.17
NIC;131;Nicaragua;2006;PHC ambulatory expenditures per capita in 2017 USD;10;17;4
NIC;131;Nicaragua;2006;PHC expenditures in 2017 USD (millions);244.49;329.13;168.42
NIC;131;Nicaragua;2006;PHC expenditures per capita in 2017 USD;45;61;31
NIC;131;Nicaragua;2007;PHC ambulatory expenditures in 2017 USD (millions);58.92;103.32;23.29
NIC;131;Nicaragua;2007;PHC ambulatory expenditures per capita in 2017 USD;11;19;4
NIC;131;Nicaragua;2007;PHC expenditures in 2017 USD (millions);268.33;360.97;184.91
NIC;131;Nicaragua;2007;PHC expenditures per capita in 2017 USD;49;65;33
NIC;131;Nicaragua;2008;PHC ambulatory expenditures in 2017 USD (millions);63.49;111.22;25.08
NIC;131;Nicaragua;2008;PHC ambulatory expenditures per capita in 2017 USD;11;20;4
NIC;131;Nicaragua;2008;PHC expenditures in 2017 USD (millions);288.55;388.26;198.88
NIC;131;Nicaragua;2008;PHC expenditures per capita in 2017 USD;51;69;35
NIC;131;Nicaragua;2009;PHC ambulatory expenditures in 2017 USD (millions);65.53;114.78;25.86
NIC;131;Nicaragua;2009;PHC ambulatory expenditures per capita in 2017 USD;12;20;5
NIC;131;Nicaragua;2009;PHC expenditures in 2017 USD (millions);297.3;399.98;205.12
NIC;131;Nicaragua;2009;PHC expenditures per capita in 2017 USD;52;70;36
NIC;131;Nicaragua;2010;PHC ambulatory expenditures in 2017 USD (millions);65.28;114.25;25.77
NIC;131;Nicaragua;2010;PHC ambulatory expenditures per capita in 2017 USD;11;20;4
NIC;131;Nicaragua;2010;PHC expenditures in 2017 USD (millions);295.63;397.62;204.03
NIC;131;Nicaragua;2010;PHC expenditures per capita in 2017 USD;51;69;35
NIC;131;Nicaragua;2011;PHC ambulatory expenditures in 2017 USD (millions);70.69;123.59;27.94
NIC;131;Nicaragua;2011;PHC ambulatory expenditures per capita in 2017 USD;12;21;5
NIC;131;Nicaragua;2011;PHC expenditures in 2017 USD (millions);319.08;429.24;219.81
NIC;131;Nicaragua;2011;PHC expenditures per capita in 2017 USD;54;73;37
NIC;131;Nicaragua;2012;PHC ambulatory expenditures in 2017 USD (millions);76.91;134.39;30.41
NIC;131;Nicaragua;2012;PHC ambulatory expenditures per capita in 2017 USD;13;23;5
NIC;131;Nicaragua;2012;PHC expenditures in 2017 USD (millions);346.19;465.77;238.21
NIC;131;Nicaragua;2012;PHC expenditures per capita in 2017 USD;58;78;40
NIC;131;Nicaragua;2013;PHC ambulatory expenditures in 2017 USD (millions);83.7;146.24;33.13
NIC;131;Nicaragua;2013;PHC ambulatory expenditures per capita in 2017 USD;14;24;5
NIC;131;Nicaragua;2013;PHC expenditures in 2017 USD (millions);375.66;505.39;258.33
NIC;131;Nicaragua;2013;PHC expenditures per capita in 2017 USD;62;84;43
NIC;131;Nicaragua;2014;PHC ambulatory expenditures in 2017 USD (millions);90.1;157.1;35.72
NIC;131;Nicaragua;2014;PHC ambulatory expenditures per capita in 2017 USD;15;26;6
NIC;131;Nicaragua;2014;PHC expenditures in 2017 USD (millions);402.69;541.33;276.88
NIC;131;Nicaragua;2014;PHC expenditures per capita in 2017 USD;66;88;45
NIC;131;Nicaragua;2015;PHC ambulatory expenditures in 2017 USD (millions);98.63;171.45;39.14
NIC;131;Nicaragua;2015;PHC ambulatory expenditures per capita in 2017 USD;16;28;6
NIC;131;Nicaragua;2015;PHC expenditures in 2017 USD (millions);439.53;589.99;302.03
NIC;131;Nicaragua;2015;PHC expenditures per capita in 2017 USD;71;95;49
NIC;131;Nicaragua;2016;PHC ambulatory expenditures in 2017 USD (millions);111.39;192.98;44.24
NIC;131;Nicaragua;2016;PHC ambulatory expenditures per capita in 2017 USD;18;31;7
NIC;131;Nicaragua;2016;PHC expenditures in 2017 USD (millions);494.28;662.68;339.69
NIC;131;Nicaragua;2016;PHC expenditures per capita in 2017 USD;78;105;54
NIC;131;Nicaragua;2017;PHC ambulatory expenditures in 2017 USD (millions);116.24;200.99;46.29
NIC;131;Nicaragua;2017;PHC ambulatory expenditures per capita in 2017 USD;18;31;7
NIC;131;Nicaragua;2017;PHC expenditures in 2017 USD (millions);513.37;687.26;353.11
NIC;131;Nicaragua;2017;PHC expenditures per capita in 2017 USD;80;107;55
NPL;164;Nepal;2000;PHC ambulatory expenditures in 2017 USD (millions);61.78;104.91;27.27
NPL;164;Nepal;2000;PHC ambulatory expenditures per capita in 2017 USD;3;4;1
NPL;164;Nepal;2000;PHC expenditures in 2017 USD (millions);242.1;350.02;146.37
NPL;164;Nepal;2000;PHC expenditures per capita in 2017 USD;10;15;6
NPL;164;Nepal;2001;PHC ambulatory expenditures in 2017 USD (millions);68.08;115.39;30.11
NPL;164;Nepal;2001;PHC ambulatory expenditures per capita in 2017 USD;3;5;1
NPL;164;Nepal;2001;PHC expenditures in 2017 USD (millions);266.82;385.39;161.68
NPL;164;Nepal;2001;PHC expenditures per capita in 2017 USD;11;16;7
NPL;164;Nepal;2002;PHC ambulatory expenditures in 2017 USD (millions);69.11;116.74;30.67
NPL;164;Nepal;2002;PHC ambulatory expenditures per capita in 2017 USD;3;5;1
NPL;164;Nepal;2002;PHC expenditures in 2017 USD (millions);270.54;390.58;164.26
NPL;164;Nepal;2002;PHC expenditures per capita in 2017 USD;11;16;7
NPL;164;Nepal;2003;PHC ambulatory expenditures in 2017 USD (millions);72.91;123.35;32.34
NPL;164;Nepal;2003;PHC ambulatory expenditures per capita in 2017 USD;3;5;1
NPL;164;Nepal;2003;PHC expenditures in 2017 USD (millions);285.59;412.43;173.5
NPL;164;Nepal;2003;PHC expenditures per capita in 2017 USD;11;16;7
NPL;164;Nepal;2004;PHC ambulatory expenditures in 2017 USD (millions);73.37;123.95;32.61
NPL;164;Nepal;2004;PHC ambulatory expenditures per capita in 2017 USD;3;5;1
NPL;164;Nepal;2004;PHC expenditures in 2017 USD (millions);287.41;415.03;174.85
NPL;164;Nepal;2004;PHC expenditures per capita in 2017 USD;11;16;7
NPL;164;Nepal;2005;PHC ambulatory expenditures in 2017 USD (millions);77.14;130.13;34.35
NPL;164;Nepal;2005;PHC ambulatory expenditures per capita in 2017 USD;3;5;1
NPL;164;Nepal;2005;PHC expenditures in 2017 USD (millions);302;435.96;183.97
NPL;164;Nepal;2005;PHC expenditures per capita in 2017 USD;12;17;7
NPL;164;Nepal;2006;PHC ambulatory expenditures in 2017 USD (millions);77.32;130.46;34.46
NPL;164;Nepal;2006;PHC ambulatory expenditures per capita in 2017 USD;3;5;1
NPL;164;Nepal;2006;PHC expenditures in 2017 USD (millions);302.84;437.01;184.67
NPL;164;Nepal;2006;PHC expenditures per capita in 2017 USD;12;17;7
NPL;164;Nepal;2007;PHC ambulatory expenditures in 2017 USD (millions);85.39;144.32;38.03
NPL;164;Nepal;2007;PHC ambulatory expenditures per capita in 2017 USD;3;5;1
NPL;164;Nepal;2007;PHC expenditures in 2017 USD (millions);334.6;482.9;204.09
NPL;164;Nepal;2007;PHC expenditures per capita in 2017 USD;13;18;8
NPL;164;Nepal;2008;PHC ambulatory expenditures in 2017 USD (millions);97.37;165.37;43.23
NPL;164;Nepal;2008;PHC ambulatory expenditures per capita in 2017 USD;4;6;2
NPL;164;Nepal;2008;PHC expenditures in 2017 USD (millions);382.31;552.1;233.13
NPL;164;Nepal;2008;PHC expenditures per capita in 2017 USD;14;20;9
NPL;164;Nepal;2009;PHC ambulatory expenditures in 2017 USD (millions);109.57;185.84;48.68
NPL;164;Nepal;2009;PHC ambulatory expenditures per capita in 2017 USD;4;7;2
NPL;164;Nepal;2009;PHC expenditures in 2017 USD (millions);429.78;620.67;262.15
NPL;164;Nepal;2009;PHC expenditures per capita in 2017 USD;16;23;10
NPL;164;Nepal;2010;PHC ambulatory expenditures in 2017 USD (millions);121.84;207.36;53.97
NPL;164;Nepal;2010;PHC ambulatory expenditures per capita in 2017 USD;4;7;2
NPL;164;Nepal;2010;PHC expenditures in 2017 USD (millions);478.14;690.6;291.23
NPL;164;Nepal;2010;PHC expenditures per capita in 2017 USD;17;25;11
NPL;164;Nepal;2011;PHC ambulatory expenditures in 2017 USD (millions);128.27;218.23;56.82
NPL;164;Nepal;2011;PHC ambulatory expenditures per capita in 2017 USD;5;8;2
NPL;164;Nepal;2011;PHC expenditures in 2017 USD (millions);503.36;726.77;306.33
NPL;164;Nepal;2011;PHC expenditures per capita in 2017 USD;18;26;11
NPL;164;Nepal;2012;PHC ambulatory expenditures in 2017 USD (millions);138.06;234.71;61.19
NPL;164;Nepal;2012;PHC ambulatory expenditures per capita in 2017 USD;5;8;2
NPL;164;Nepal;2012;PHC expenditures in 2017 USD (millions);541.61;781.79;329.63
NPL;164;Nepal;2012;PHC expenditures per capita in 2017 USD;19;28;12
NPL;164;Nepal;2013;PHC ambulatory expenditures in 2017 USD (millions);147.77;251.36;65.44
NPL;164;Nepal;2013;PHC ambulatory expenditures per capita in 2017 USD;5;9;2
NPL;164;Nepal;2013;PHC expenditures in 2017 USD (millions);579.9;837.13;353.06
NPL;164;Nepal;2013;PHC expenditures per capita in 2017 USD;20;29;12
NPL;164;Nepal;2014;PHC ambulatory expenditures in 2017 USD (millions);165.71;281.58;73.5
NPL;164;Nepal;2014;PHC ambulatory expenditures per capita in 2017 USD;6;10;3
NPL;164;Nepal;2014;PHC expenditures in 2017 USD (millions);649.65;938.03;395.96
NPL;164;Nepal;2014;PHC expenditures per capita in 2017 USD;22;32;14
NPL;164;Nepal;2015;PHC ambulatory expenditures in 2017 USD (millions);174.88;296.32;77.87
NPL;164;Nepal;2015;PHC ambulatory expenditures per capita in 2017 USD;6;10;3
NPL;164;Nepal;2015;PHC expenditures in 2017 USD (millions);684.81;987.65;418.5
NPL;164;Nepal;2015;PHC expenditures per capita in 2017 USD;23;34;14
NPL;164;Nepal;2016;PHC ambulatory expenditures in 2017 USD (millions);176.28;296.9;78.94
NPL;164;Nepal;2016;PHC ambulatory expenditures per capita in 2017 USD;6;10;3
NPL;164;Nepal;2016;PHC expenditures in 2017 USD (millions);689.4;992.7;423.06
NPL;164;Nepal;2016;PHC expenditures per capita in 2017 USD;23;34;14
NPL;164;Nepal;2017;PHC ambulatory expenditures in 2017 USD (millions);190.41;318.2;85.83
NPL;164;Nepal;2017;PHC ambulatory expenditures per capita in 2017 USD;6;11;3
NPL;164;Nepal;2017;PHC expenditures in 2017 USD (millions);743.02;1069.14;457.15
NPL;164;Nepal;2017;PHC expenditures per capita in 2017 USD;25;36;15
PAK;165;Pakistan;2000;PHC ambulatory expenditures in 2017 USD (millions);654.07;1125.37;269.41
PAK;165;Pakistan;2000;PHC ambulatory expenditures per capita in 2017 USD;5;8;2
PAK;165;Pakistan;2000;PHC expenditures in 2017 USD (millions);1554.68;2345.19;886.31
PAK;165;Pakistan;2000;PHC expenditures per capita in 2017 USD;11;17;6
PAK;165;Pakistan;2001;PHC ambulatory expenditures in 2017 USD (millions);649.35;1116.79;267.4
PAK;165;Pakistan;2001;PHC ambulatory expenditures per capita in 2017 USD;4;8;2
PAK;165;Pakistan;2001;PHC expenditures in 2017 USD (millions);1548.63;2333.95;885.91
PAK;165;Pakistan;2001;PHC expenditures per capita in 2017 USD;11;16;6
PAK;165;Pakistan;2002;PHC ambulatory expenditures in 2017 USD (millions);695.87;1196.61;286.37
PAK;165;Pakistan;2002;PHC ambulatory expenditures per capita in 2017 USD;5;8;2
PAK;165;Pakistan;2002;PHC expenditures in 2017 USD (millions);1659.39;2497.35;946.16
PAK;165;Pakistan;2002;PHC expenditures per capita in 2017 USD;11;17;6
PAK;165;Pakistan;2003;PHC ambulatory expenditures in 2017 USD (millions);656.43;1130.87;269.39
PAK;165;Pakistan;2003;PHC ambulatory expenditures per capita in 2017 USD;4;7;2
PAK;165;Pakistan;2003;PHC expenditures in 2017 USD (millions);1569.23;2362.45;899.54
PAK;165;Pakistan;2003;PHC expenditures per capita in 2017 USD;10;16;6
PAK;165;Pakistan;2004;PHC ambulatory expenditures in 2017 USD (millions);704.61;1217.13;288.17
PAK;165;Pakistan;2004;PHC ambulatory expenditures per capita in 2017 USD;5;8;2
PAK;165;Pakistan;2004;PHC expenditures in 2017 USD (millions);1679.13;2538.76;954.57
PAK;165;Pakistan;2004;PHC expenditures per capita in 2017 USD;11;16;6
PAK;165;Pakistan;2005;PHC ambulatory expenditures in 2017 USD (millions);781.37;1352.93;318.83
PAK;165;Pakistan;2005;PHC ambulatory expenditures per capita in 2017 USD;5;8;2
PAK;165;Pakistan;2005;PHC expenditures in 2017 USD (millions);1853.66;2818.3;1050.61
PAK;165;Pakistan;2005;PHC expenditures per capita in 2017 USD;12;18;7
PAK;165;Pakistan;2006;PHC ambulatory expenditures in 2017 USD (millions);874.49;1517.4;356.21
PAK;165;Pakistan;2006;PHC ambulatory expenditures per capita in 2017 USD;5;9;2
PAK;165;Pakistan;2006;PHC expenditures in 2017 USD (millions);2065.67;3151.15;1165.02
PAK;165;Pakistan;2006;PHC expenditures per capita in 2017 USD;13;19;7
PAK;165;Pakistan;2007;PHC ambulatory expenditures in 2017 USD (millions);979.53;1700.31;398.77
PAK;165;Pakistan;2007;PHC ambulatory expenditures per capita in 2017 USD;6;10;2
PAK;165;Pakistan;2007;PHC expenditures in 2017 USD (millions);2305.25;3520.11;1299.92
PAK;165;Pakistan;2007;PHC expenditures per capita in 2017 USD;14;21;8
PAK;165;Pakistan;2008;PHC ambulatory expenditures in 2017 USD (millions);1022.59;1775.59;415.79
PAK;165;Pakistan;2008;PHC ambulatory expenditures per capita in 2017 USD;6;10;2
PAK;165;Pakistan;2008;PHC expenditures in 2017 USD (millions);2402.5;3671.88;1351.85
PAK;165;Pakistan;2008;PHC expenditures per capita in 2017 USD;14;21;8
PAK;165;Pakistan;2009;PHC ambulatory expenditures in 2017 USD (millions);975.63;1694.76;396.07
PAK;165;Pakistan;2009;PHC ambulatory expenditures per capita in 2017 USD;6;10;2
PAK;165;Pakistan;2009;PHC expenditures in 2017 USD (millions);2295.21;3508.36;1288.53
PAK;165;Pakistan;2009;PHC expenditures per capita in 2017 USD;13;20;7
PAK;165;Pakistan;2010;PHC ambulatory expenditures in 2017 USD (millions);990.25;1718.87;402.74
PAK;165;Pakistan;2010;PHC ambulatory expenditures per capita in 2017 USD;5;9;2
PAK;165;Pakistan;2010;PHC expenditures in 2017 USD (millions);2330.25;3550.42;1308.19
PAK;165;Pakistan;2010;PHC expenditures per capita in 2017 USD;13;20;7
PAK;165;Pakistan;2011;PHC ambulatory expenditures in 2017 USD (millions);953.59;1653.33;388.52
PAK;165;Pakistan;2011;PHC ambulatory expenditures per capita in 2017 USD;5;9;2
PAK;165;Pakistan;2011;PHC expenditures in 2017 USD (millions);2250.49;3414.42;1263.3
PAK;165;Pakistan;2011;PHC expenditures per capita in 2017 USD;12;18;7
PAK;165;Pakistan;2012;PHC ambulatory expenditures in 2017 USD (millions);1053.93;1826.65;429.68
PAK;165;Pakistan;2012;PHC ambulatory expenditures per capita in 2017 USD;6;10;2
PAK;165;Pakistan;2012;PHC expenditures in 2017 USD (millions);2482.82;3775.23;1388.85
PAK;165;Pakistan;2012;PHC expenditures per capita in 2017 USD;13;20;7
PAK;165;Pakistan;2013;PHC ambulatory expenditures in 2017 USD (millions);1126.79;1953.16;459.54
PAK;165;Pakistan;2013;PHC ambulatory expenditures per capita in 2017 USD;6;10;2
PAK;165;Pakistan;2013;PHC expenditures in 2017 USD (millions);2653.07;4046.28;1479.08
PAK;165;Pakistan;2013;PHC expenditures per capita in 2017 USD;14;21;8
PAK;165;Pakistan;2014;PHC ambulatory expenditures in 2017 USD (millions);1133.54;1963.96;463
PAK;165;Pakistan;2014;PHC ambulatory expenditures per capita in 2017 USD;6;10;2
PAK;165;Pakistan;2014;PHC expenditures in 2017 USD (millions);2674.23;4081.97;1487.65
PAK;165;Pakistan;2014;PHC expenditures per capita in 2017 USD;13;20;7
PAK;165;Pakistan;2015;PHC ambulatory expenditures in 2017 USD (millions);1225.77;2122.05;501.56
PAK;165;Pakistan;2015;PHC ambulatory expenditures per capita in 2017 USD;6;10;2
PAK;165;Pakistan;2015;PHC expenditures in 2017 USD (millions);2892.87;4411.73;1625.03
PAK;165;Pakistan;2015;PHC expenditures per capita in 2017 USD;14;22;8
PAK;165;Pakistan;2016;PHC ambulatory expenditures in 2017 USD (millions);1342.76;2322.02;550.69
PAK;165;Pakistan;2016;PHC ambulatory expenditures per capita in 2017 USD;6;11;3
PAK;165;Pakistan;2016;PHC expenditures in 2017 USD (millions);3169.13;4826.32;1787.55
PAK;165;Pakistan;2016;PHC expenditures per capita in 2017 USD;15;23;9
PAK;165;Pakistan;2017;PHC ambulatory expenditures in 2017 USD (millions);1447.51;2493.31;595.9
PAK;165;Pakistan;2017;PHC ambulatory expenditures per capita in 2017 USD;7;12;3
PAK;165;Pakistan;2017;PHC expenditures in 2017 USD (millions);3421.33;5212.67;1953.87
PAK;165;Pakistan;2017;PHC expenditures per capita in 2017 USD;16;24;9
PER;123;Peru;2000;PHC ambulatory expenditures in 2017 USD (millions);795.22;1085.4;432.79
PER;123;Peru;2000;PHC ambulatory expenditures per capita in 2017 USD;31;42;17
PER;123;Peru;2000;PHC expenditures in 2017 USD (millions);1801.84;2215.79;1352.97
PER;123;Peru;2000;PHC expenditures per capita in 2017 USD;70;86;53
PER;123;Peru;2001;PHC ambulatory expenditures in 2017 USD (millions);810.58;1107.81;435.11
PER;123;Peru;2001;PHC ambulatory expenditures per capita in 2017 USD;31;43;17
PER;123;Peru;2001;PHC expenditures in 2017 USD (millions);1842.58;2262.41;1383.53
PER;123;Peru;2001;PHC expenditures per capita in 2017 USD;71;87;53
PER;123;Peru;2002;PHC ambulatory expenditures in 2017 USD (millions);838.77;1147.91;444.06
PER;123;Peru;2002;PHC ambulatory expenditures per capita in 2017 USD;32;44;17
PER;123;Peru;2002;PHC expenditures in 2017 USD (millions);1912.67;2347.33;1441
PER;123;Peru;2002;PHC expenditures per capita in 2017 USD;73;89;55
PER;123;Peru;2003;PHC ambulatory expenditures in 2017 USD (millions);872.96;1196.51;454.52
PER;123;Peru;2003;PHC ambulatory expenditures per capita in 2017 USD;33;45;17
PER;123;Peru;2003;PHC expenditures in 2017 USD (millions);1997.4;2447.02;1507.22
PER;123;Peru;2003;PHC expenditures per capita in 2017 USD;75;92;57
PER;123;Peru;2004;PHC ambulatory expenditures in 2017 USD (millions);880.49;1206.01;453.86
PER;123;Peru;2004;PHC ambulatory expenditures per capita in 2017 USD;33;45;17
PER;123;Peru;2004;PHC expenditures in 2017 USD (millions);2020.87;2471.75;1525.69
PER;123;Peru;2004;PHC expenditures per capita in 2017 USD;75;92;57
PER;123;Peru;2005;PHC ambulatory expenditures in 2017 USD (millions);925.93;1267.16;476.28
PER;123;Peru;2005;PHC ambulatory expenditures per capita in 2017 USD;34;47;18
PER;123;Peru;2005;PHC expenditures in 2017 USD (millions);2127.93;2603.47;1606.75
PER;123;Peru;2005;PHC expenditures per capita in 2017 USD;78;96;59
PER;123;Peru;2006;PHC ambulatory expenditures in 2017 USD (millions);953.87;1305.71;494.98
PER;123;Peru;2006;PHC ambulatory expenditures per capita in 2017 USD;35;47;18
PER;123;Peru;2006;PHC expenditures in 2017 USD (millions);2191.89;2682.64;1655.59
PER;123;Peru;2006;PHC expenditures per capita in 2017 USD;80;97;60
PER;123;Peru;2007;PHC ambulatory expenditures in 2017 USD (millions);1006.06;1377.53;523.7
PER;123;Peru;2007;PHC ambulatory expenditures per capita in 2017 USD;36;49;19
PER;123;Peru;2007;PHC expenditures in 2017 USD (millions);2311.32;2829.07;1746.67
PER;123;Peru;2007;PHC expenditures per capita in 2017 USD;83;102;63
PER;123;Peru;2008;PHC ambulatory expenditures in 2017 USD (millions);1120.69;1534.79;583.96
PER;123;Peru;2008;PHC ambulatory expenditures per capita in 2017 USD;40;54;21
PER;123;Peru;2008;PHC expenditures in 2017 USD (millions);2571.72;3149.28;1943.2
PER;123;Peru;2008;PHC expenditures per capita in 2017 USD;91;112;69
PER;123;Peru;2009;PHC ambulatory expenditures in 2017 USD (millions);1213.16;1660.85;629.73
PER;123;Peru;2009;PHC ambulatory expenditures per capita in 2017 USD;42;58;22
PER;123;Peru;2009;PHC expenditures in 2017 USD (millions);2785.81;3409.63;2104.14
PER;123;Peru;2009;PHC expenditures per capita in 2017 USD;98;119;74
PER;123;Peru;2010;PHC ambulatory expenditures in 2017 USD (millions);1288.77;1764.43;668.13
PER;123;Peru;2010;PHC ambulatory expenditures per capita in 2017 USD;45;61;23
PER;123;Peru;2010;PHC expenditures in 2017 USD (millions);2962.13;3624.19;2235.36
PER;123;Peru;2010;PHC expenditures per capita in 2017 USD;102;125;77
PER;123;Peru;2011;PHC ambulatory expenditures in 2017 USD (millions);1327.36;1816.65;684.39
PER;123;Peru;2011;PHC ambulatory expenditures per capita in 2017 USD;45;62;23
PER;123;Peru;2011;PHC expenditures in 2017 USD (millions);3058.23;3739.06;2308.95
PER;123;Peru;2011;PHC expenditures per capita in 2017 USD;104;127;78
PER;123;Peru;2012;PHC ambulatory expenditures in 2017 USD (millions);1430.44;1955.99;729.84
PER;123;Peru;2012;PHC ambulatory expenditures per capita in 2017 USD;48;65;24
PER;123;Peru;2012;PHC expenditures in 2017 USD (millions);3302.32;4034.03;2491.38
PER;123;Peru;2012;PHC expenditures per capita in 2017 USD;110;134;83
PER;123;Peru;2013;PHC ambulatory expenditures in 2017 USD (millions);1552.6;2123.71;782.02
PER;123;Peru;2013;PHC ambulatory expenditures per capita in 2017 USD;50;69;25
PER;123;Peru;2013;PHC expenditures in 2017 USD (millions);3591.46;4376.31;2707.83
PER;123;Peru;2013;PHC expenditures per capita in 2017 USD;117;142;88
PER;123;Peru;2014;PHC ambulatory expenditures in 2017 USD (millions);1658.18;2272.01;824.44
PER;123;Peru;2014;PHC ambulatory expenditures per capita in 2017 USD;53;72;26
PER;123;Peru;2014;PHC expenditures in 2017 USD (millions);3843.44;4678.48;2896.66
PER;123;Peru;2014;PHC expenditures per capita in 2017 USD;122;149;92
PER;123;Peru;2015;PHC ambulatory expenditures in 2017 USD (millions);1770.7;2429.01;874.05
PER;123;Peru;2015;PHC ambulatory expenditures per capita in 2017 USD;55;76;27
PER;123;Peru;2015;PHC expenditures in 2017 USD (millions);4110.48;4997.85;3098.76
PER;123;Peru;2015;PHC expenditures per capita in 2017 USD;128;156;96
PER;123;Peru;2016;PHC ambulatory expenditures in 2017 USD (millions);1764.58;2424.68;853.32
PER;123;Peru;2016;PHC ambulatory expenditures per capita in 2017 USD;54;74;26
PER;123;Peru;2016;PHC expenditures in 2017 USD (millions);4110.65;4991.06;3102.87
PER;123;Peru;2016;PHC expenditures per capita in 2017 USD;126;153;95
PER;123;Peru;2017;PHC ambulatory expenditures in 2017 USD (millions);1842.76;2531.73;874.52
PER;123;Peru;2017;PHC ambulatory expenditures per capita in 2017 USD;55;76;26
PER;123;Peru;2017;PHC expenditures in 2017 USD (millions);4299.04;5223.39;3249.53
PER;123;Peru;2017;PHC expenditures per capita in 2017 USD;129;157;98
PHL;16;Philippines;2000;PHC ambulatory expenditures in 2017 USD (millions);278.11;584.98;86.34
PHL;16;Philippines;2000;PHC ambulatory expenditures per capita in 2017 USD;3;7;1
PHL;16;Philippines;2000;PHC expenditures in 2017 USD (millions);1563.56;2221.98;1053.84
PHL;16;Philippines;2000;PHC expenditures per capita in 2017 USD;20;28;13
PHL;16;Philippines;2001;PHC ambulatory expenditures in 2017 USD (millions);283.63;596;88.12
PHL;16;Philippines;2001;PHC ambulatory expenditures per capita in 2017 USD;3;7;1
PHL;16;Philippines;2001;PHC expenditures in 2017 USD (millions);1594.05;2264.55;1074.56
PHL;16;Philippines;2001;PHC expenditures per capita in 2017 USD;20;28;13
PHL;16;Philippines;2002;PHC ambulatory expenditures in 2017 USD (millions);289.21;607.15;90.08
PHL;16;Philippines;2002;PHC ambulatory expenditures per capita in 2017 USD;3;7;1
PHL;16;Philippines;2002;PHC expenditures in 2017 USD (millions);1625.17;2306.95;1094.08
PHL;16;Philippines;2002;PHC expenditures per capita in 2017 USD;20;28;13
PHL;16;Philippines;2003;PHC ambulatory expenditures in 2017 USD (millions);321.49;674.76;100.14
PHL;16;Philippines;2003;PHC ambulatory expenditures per capita in 2017 USD;4;8;1
PHL;16;Philippines;2003;PHC expenditures in 2017 USD (millions);1800.17;2556.49;1213.23
PHL;16;Philippines;2003;PHC expenditures per capita in 2017 USD;21;30;14
PHL;16;Philippines;2004;PHC ambulatory expenditures in 2017 USD (millions);351.67;738.26;109.53
PHL;16;Philippines;2004;PHC ambulatory expenditures per capita in 2017 USD;4;9;1
PHL;16;Philippines;2004;PHC expenditures in 2017 USD (millions);1966.12;2794.97;1323.4
PHL;16;Philippines;2004;PHC expenditures per capita in 2017 USD;23;32;15
PHL;16;Philippines;2005;PHC ambulatory expenditures in 2017 USD (millions);402.11;844.96;125.17
PHL;16;Philippines;2005;PHC ambulatory expenditures per capita in 2017 USD;5;10;1
PHL;16;Philippines;2005;PHC expenditures in 2017 USD (millions);2240.87;3193.23;1500.49
PHL;16;Philippines;2005;PHC expenditures per capita in 2017 USD;25;36;17
PHL;16;Philippines;2006;PHC ambulatory expenditures in 2017 USD (millions);446.48;938.96;138.89
PHL;16;Philippines;2006;PHC ambulatory expenditures per capita in 2017 USD;5;10;2
PHL;16;Philippines;2006;PHC expenditures in 2017 USD (millions);2482.56;3541.65;1656.88
PHL;16;Philippines;2006;PHC expenditures per capita in 2017 USD;28;39;18
PHL;16;Philippines;2007;PHC ambulatory expenditures in 2017 USD (millions);482.47;1014.79;150.01
PHL;16;Philippines;2007;PHC ambulatory expenditures per capita in 2017 USD;5;11;2
PHL;16;Philippines;2007;PHC expenditures in 2017 USD (millions);2680.5;3827;1787.77
PHL;16;Philippines;2007;PHC expenditures per capita in 2017 USD;29;42;20
PHL;16;Philippines;2008;PHC ambulatory expenditures in 2017 USD (millions);516.23;1085.84;160.48
PHL;16;Philippines;2008;PHC ambulatory expenditures per capita in 2017 USD;6;12;2
PHL;16;Philippines;2008;PHC expenditures in 2017 USD (millions);2868.48;4094.34;1912.94
PHL;16;Philippines;2008;PHC expenditures per capita in 2017 USD;31;44;21
PHL;16;Philippines;2009;PHC ambulatory expenditures in 2017 USD (millions);570.31;1199.64;177.38
PHL;16;Philippines;2009;PHC ambulatory expenditures per capita in 2017 USD;6;13;2
PHL;16;Philippines;2009;PHC expenditures in 2017 USD (millions);3164.66;4516.04;2110.94
PHL;16;Philippines;2009;PHC expenditures per capita in 2017 USD;33;48;22
PHL;16;Philippines;2010;PHC ambulatory expenditures in 2017 USD (millions);610.19;1284.31;189.43
PHL;16;Philippines;2010;PHC ambulatory expenditures per capita in 2017 USD;6;13;2
PHL;16;Philippines;2010;PHC expenditures in 2017 USD (millions);3386.8;4834.46;2253.22
PHL;16;Philippines;2010;PHC expenditures per capita in 2017 USD;35;50;23
PHL;16;Philippines;2011;PHC ambulatory expenditures in 2017 USD (millions);628.29;1322.11;195.33
PHL;16;Philippines;2011;PHC ambulatory expenditures per capita in 2017 USD;6;14;2
PHL;16;Philippines;2011;PHC expenditures in 2017 USD (millions);3487.79;4979.33;2322.01
PHL;16;Philippines;2011;PHC expenditures per capita in 2017 USD;36;51;24
PHL;16;Philippines;2012;PHC ambulatory expenditures in 2017 USD (millions);680.37;1430.35;211.71
PHL;16;Philippines;2012;PHC ambulatory expenditures per capita in 2017 USD;7;15;2
PHL;16;Philippines;2012;PHC expenditures in 2017 USD (millions);3766.53;5381.28;2499.49
PHL;16;Philippines;2012;PHC expenditures per capita in 2017 USD;38;55;25
PHL;16;Philippines;2013;PHC ambulatory expenditures in 2017 USD (millions);723.71;1521.36;225.17
PHL;16;Philippines;2013;PHC ambulatory expenditures per capita in 2017 USD;7;15;2
PHL;16;Philippines;2013;PHC expenditures in 2017 USD (millions);4000.83;5715.75;2653.31
PHL;16;Philippines;2013;PHC expenditures per capita in 2017 USD;40;58;27
PHL;16;Philippines;2014;PHC ambulatory expenditures in 2017 USD (millions);755.87;1588.97;235.21
PHL;16;Philippines;2014;PHC ambulatory expenditures per capita in 2017 USD;8;16;2
PHL;16;Philippines;2014;PHC expenditures in 2017 USD (millions);4177.19;5971.26;2772.19
PHL;16;Philippines;2014;PHC expenditures per capita in 2017 USD;42;59;28
PHL;16;Philippines;2015;PHC ambulatory expenditures in 2017 USD (millions);831.52;1747.18;258.84
PHL;16;Philippines;2015;PHC ambulatory expenditures per capita in 2017 USD;8;17;3
PHL;16;Philippines;2015;PHC expenditures in 2017 USD (millions);4582.39;6561.53;3033.61
PHL;16;Philippines;2015;PHC expenditures per capita in 2017 USD;45;65;30
PHL;16;Philippines;2016;PHC ambulatory expenditures in 2017 USD (millions);896.8;1881.79;279.47
PHL;16;Philippines;2016;PHC ambulatory expenditures per capita in 2017 USD;9;18;3
PHL;16;Philippines;2016;PHC expenditures in 2017 USD (millions);4928.79;7060.3;3263.62
PHL;16;Philippines;2016;PHC expenditures per capita in 2017 USD;48;69;32
PHL;16;Philippines;2017;PHC ambulatory expenditures in 2017 USD (millions);976.8;2045.48;305.2
PHL;16;Philippines;2017;PHC ambulatory expenditures per capita in 2017 USD;9;20;3
PHL;16;Philippines;2017;PHC expenditures in 2017 USD (millions);5353.06;7671.05;3551.46
PHL;16;Philippines;2017;PHC expenditures per capita in 2017 USD;52;74;34
PNG;26;Papua New Guinea;2000;PHC ambulatory expenditures in 2017 USD (millions);20.11;53.63;2.95
PNG;26;Papua New Guinea;2000;PHC ambulatory expenditures per capita in 2017 USD;4;10;1
PNG;26;Papua New Guinea;2000;PHC expenditures in 2017 USD (millions);75.4;128.79;36.07
PNG;26;Papua New Guinea;2000;PHC expenditures per capita in 2017 USD;14;23;7
PNG;26;Papua New Guinea;2001;PHC ambulatory expenditures in 2017 USD (millions);17.59;46.46;2.63
PNG;26;Papua New Guinea;2001;PHC ambulatory expenditures per capita in 2017 USD;3;8;0
PNG;26;Papua New Guinea;2001;PHC expenditures in 2017 USD (millions);66.17;111.74;32.37
PNG;26;Papua New Guinea;2001;PHC expenditures per capita in 2017 USD;12;20;6
PNG;26;Papua New Guinea;2002;PHC ambulatory expenditures in 2017 USD (millions);18.46;48.89;2.75
PNG;26;Papua New Guinea;2002;PHC ambulatory expenditures per capita in 2017 USD;3;8;0
PNG;26;Papua New Guinea;2002;PHC expenditures in 2017 USD (millions);69.54;117.6;33.93
PNG;26;Papua New Guinea;2002;PHC expenditures per capita in 2017 USD;12;20;6
PNG;26;Papua New Guinea;2003;PHC ambulatory expenditures in 2017 USD (millions);18.15;48.06;2.71
PNG;26;Papua New Guinea;2003;PHC ambulatory expenditures per capita in 2017 USD;3;8;0
PNG;26;Papua New Guinea;2003;PHC expenditures in 2017 USD (millions);68.5;115.7;33.55
PNG;26;Papua New Guinea;2003;PHC expenditures per capita in 2017 USD;11;19;6
PNG;26;Papua New Guinea;2004;PHC ambulatory expenditures in 2017 USD (millions);19.39;51.31;2.92
PNG;26;Papua New Guinea;2004;PHC ambulatory expenditures per capita in 2017 USD;3;8;0
PNG;26;Papua New Guinea;2004;PHC expenditures in 2017 USD (millions);73.03;123.35;35.78
PNG;26;Papua New Guinea;2004;PHC expenditures per capita in 2017 USD;12;20;6
PNG;26;Papua New Guinea;2005;PHC ambulatory expenditures in 2017 USD (millions);20.8;55.06;3.14
PNG;26;Papua New Guinea;2005;PHC ambulatory expenditures per capita in 2017 USD;3;9;0
PNG;26;Papua New Guinea;2005;PHC expenditures in 2017 USD (millions);78.18;132.21;38.24
PNG;26;Papua New Guinea;2005;PHC expenditures per capita in 2017 USD;12;20;6
PNG;26;Papua New Guinea;2006;PHC ambulatory expenditures in 2017 USD (millions);20.71;54.91;3.12
PNG;26;Papua New Guinea;2006;PHC ambulatory expenditures per capita in 2017 USD;3;8;0
PNG;26;Papua New Guinea;2006;PHC expenditures in 2017 USD (millions);78.01;132.22;38.31
PNG;26;Papua New Guinea;2006;PHC expenditures per capita in 2017 USD;12;20;6
PNG;26;Papua New Guinea;2007;PHC ambulatory expenditures in 2017 USD (millions);20.6;54.71;3.08
PNG;26;Papua New Guinea;2007;PHC ambulatory expenditures per capita in 2017 USD;3;8;0
PNG;26;Papua New Guinea;2007;PHC expenditures in 2017 USD (millions);77.81;132.17;38.07
PNG;26;Papua New Guinea;2007;PHC expenditures per capita in 2017 USD;11;19;6
PNG;26;Papua New Guinea;2008;PHC ambulatory expenditures in 2017 USD (millions);22.35;59.67;3.3
PNG;26;Papua New Guinea;2008;PHC ambulatory expenditures per capita in 2017 USD;3;8;0
PNG;26;Papua New Guinea;2008;PHC expenditures in 2017 USD (millions);84.33;144.3;40.73
PNG;26;Papua New Guinea;2008;PHC expenditures per capita in 2017 USD;12;20;6
PNG;26;Papua New Guinea;2009;PHC ambulatory expenditures in 2017 USD (millions);26.08;69.86;3.82
PNG;26;Papua New Guinea;2009;PHC ambulatory expenditures per capita in 2017 USD;4;10;1
PNG;26;Papua New Guinea;2009;PHC expenditures in 2017 USD (millions);97.94;168.33;47.25
PNG;26;Papua New Guinea;2009;PHC expenditures per capita in 2017 USD;13;23;6
PNG;26;Papua New Guinea;2010;PHC ambulatory expenditures in 2017 USD (millions);25.58;68.8;3.68
PNG;26;Papua New Guinea;2010;PHC ambulatory expenditures per capita in 2017 USD;3;9;0
PNG;26;Papua New Guinea;2010;PHC expenditures in 2017 USD (millions);96.6;166.31;46.52
PNG;26;Papua New Guinea;2010;PHC expenditures per capita in 2017 USD;13;22;6
PNG;26;Papua New Guinea;2011;PHC ambulatory expenditures in 2017 USD (millions);30.14;81.25;4.32
PNG;26;Papua New Guinea;2011;PHC ambulatory expenditures per capita in 2017 USD;4;10;1
PNG;26;Papua New Guinea;2011;PHC expenditures in 2017 USD (millions);113.33;196.01;54.23
PNG;26;Papua New Guinea;2011;PHC expenditures per capita in 2017 USD;15;25;7
PNG;26;Papua New Guinea;2012;PHC ambulatory expenditures in 2017 USD (millions);34.39;92.65;4.93
PNG;26;Papua New Guinea;2012;PHC ambulatory expenditures per capita in 2017 USD;4;12;1
PNG;26;Papua New Guinea;2012;PHC expenditures in 2017 USD (millions);128.78;223.21;61.57
PNG;26;Papua New Guinea;2012;PHC expenditures per capita in 2017 USD;16;28;8
PNG;26;Papua New Guinea;2013;PHC ambulatory expenditures in 2017 USD (millions);36.88;99.02;5.34
PNG;26;Papua New Guinea;2013;PHC ambulatory expenditures per capita in 2017 USD;4;12;1
PNG;26;Papua New Guinea;2013;PHC expenditures in 2017 USD (millions);137.81;237.77;66.02
PNG;26;Papua New Guinea;2013;PHC expenditures per capita in 2017 USD;17;29;8
PNG;26;Papua New Guinea;2014;PHC ambulatory expenditures in 2017 USD (millions);37.63;100.77;5.5
PNG;26;Papua New Guinea;2014;PHC ambulatory expenditures per capita in 2017 USD;4;12;1
PNG;26;Papua New Guinea;2014;PHC expenditures in 2017 USD (millions);140.67;242.36;67.8
PNG;26;Papua New Guinea;2014;PHC expenditures per capita in 2017 USD;17;29;8
PNG;26;Papua New Guinea;2015;PHC ambulatory expenditures in 2017 USD (millions);36.15;96.79;5.3
PNG;26;Papua New Guinea;2015;PHC ambulatory expenditures per capita in 2017 USD;4;11;1
PNG;26;Papua New Guinea;2015;PHC expenditures in 2017 USD (millions);135.79;233.4;65.82
PNG;26;Papua New Guinea;2015;PHC expenditures per capita in 2017 USD;16;27;8
PNG;26;Papua New Guinea;2016;PHC ambulatory expenditures in 2017 USD (millions);34.98;92.91;5.2
PNG;26;Papua New Guinea;2016;PHC ambulatory expenditures per capita in 2017 USD;4;10;1
PNG;26;Papua New Guinea;2016;PHC expenditures in 2017 USD (millions);131.77;225.65;64.34
PNG;26;Papua New Guinea;2016;PHC expenditures per capita in 2017 USD;15;25;7
PNG;26;Papua New Guinea;2017;PHC ambulatory expenditures in 2017 USD (millions);34.99;92.68;5.25
PNG;26;Papua New Guinea;2017;PHC ambulatory expenditures per capita in 2017 USD;4;10;1
PNG;26;Papua New Guinea;2017;PHC expenditures in 2017 USD (millions);132.13;225.51;64.72
PNG;26;Papua New Guinea;2017;PHC expenditures per capita in 2017 USD;14;24;7
PRK;7;North Korea;2000;PHC ambulatory expenditures in 2017 USD (millions);270.19;367.98;154.44
PRK;7;North Korea;2000;PHC ambulatory expenditures per capita in 2017 USD;12;16;7
PRK;7;North Korea;2000;PHC expenditures in 2017 USD (millions);597.51;735.58;449.3
PRK;7;North Korea;2000;PHC expenditures per capita in 2017 USD;26;32;19
PRK;7;North Korea;2001;PHC ambulatory expenditures in 2017 USD (millions);278.84;379.66;159.88
PRK;7;North Korea;2001;PHC ambulatory expenditures per capita in 2017 USD;12;16;7
PRK;7;North Korea;2001;PHC expenditures in 2017 USD (millions);615.59;758.47;462.41
PRK;7;North Korea;2001;PHC expenditures per capita in 2017 USD;26;32;20
PRK;7;North Korea;2002;PHC ambulatory expenditures in 2017 USD (millions);284.81;387.76;163.16
PRK;7;North Korea;2002;PHC ambulatory expenditures per capita in 2017 USD;12;16;7
PRK;7;North Korea;2002;PHC expenditures in 2017 USD (millions);628.26;774.39;471.76
PRK;7;North Korea;2002;PHC expenditures per capita in 2017 USD;27;33;20
PRK;7;North Korea;2003;PHC ambulatory expenditures in 2017 USD (millions);292.96;398.88;167.13
PRK;7;North Korea;2003;PHC ambulatory expenditures per capita in 2017 USD;12;17;7
PRK;7;North Korea;2003;PHC expenditures in 2017 USD (millions);645.86;796.23;484.87
PRK;7;North Korea;2003;PHC expenditures per capita in 2017 USD;27;33;20
PRK;7;North Korea;2004;PHC ambulatory expenditures in 2017 USD (millions);301.55;410.61;171.23
PRK;7;North Korea;2004;PHC ambulatory expenditures per capita in 2017 USD;13;17;7
PRK;7;North Korea;2004;PHC expenditures in 2017 USD (millions);664.63;819.38;499.03
PRK;7;North Korea;2004;PHC expenditures per capita in 2017 USD;28;34;21
PRK;7;North Korea;2005;PHC ambulatory expenditures in 2017 USD (millions);312.1;424.99;176.89
PRK;7;North Korea;2005;PHC ambulatory expenditures per capita in 2017 USD;13;17;7
PRK;7;North Korea;2005;PHC expenditures in 2017 USD (millions);687.59;847.71;516.19
PRK;7;North Korea;2005;PHC expenditures per capita in 2017 USD;28;35;21
PRK;7;North Korea;2006;PHC ambulatory expenditures in 2017 USD (millions);310.8;423.23;175.98
PRK;7;North Korea;2006;PHC ambulatory expenditures per capita in 2017 USD;13;17;7
PRK;7;North Korea;2006;PHC expenditures in 2017 USD (millions);684.85;843.91;513.9
PRK;7;North Korea;2006;PHC expenditures per capita in 2017 USD;28;34;21
PRK;7;North Korea;2007;PHC ambulatory expenditures in 2017 USD (millions);309.01;420.8;174.63
PRK;7;North Korea;2007;PHC ambulatory expenditures per capita in 2017 USD;13;17;7
PRK;7;North Korea;2007;PHC expenditures in 2017 USD (millions);680.93;838.27;510.62
PRK;7;North Korea;2007;PHC expenditures per capita in 2017 USD;28;34;21
PRK;7;North Korea;2008;PHC ambulatory expenditures in 2017 USD (millions);314.58;428.45;176.86
PRK;7;North Korea;2008;PHC ambulatory expenditures per capita in 2017 USD;13;17;7
PRK;7;North Korea;2008;PHC expenditures in 2017 USD (millions);693.31;852.66;519.77
PRK;7;North Korea;2008;PHC expenditures per capita in 2017 USD;28;34;21
PRK;7;North Korea;2009;PHC ambulatory expenditures in 2017 USD (millions);315.74;430.07;176.35
PRK;7;North Korea;2009;PHC ambulatory expenditures per capita in 2017 USD;13;17;7
PRK;7;North Korea;2009;PHC expenditures in 2017 USD (millions);695.81;855.48;521.7
PRK;7;North Korea;2009;PHC expenditures per capita in 2017 USD;28;34;21
PRK;7;North Korea;2010;PHC ambulatory expenditures in 2017 USD (millions);316.12;430.58;176.04
PRK;7;North Korea;2010;PHC ambulatory expenditures per capita in 2017 USD;13;17;7
PRK;7;North Korea;2010;PHC expenditures in 2017 USD (millions);696.35;856.49;522.25
PRK;7;North Korea;2010;PHC expenditures per capita in 2017 USD;28;34;21
PRK;7;North Korea;2011;PHC ambulatory expenditures in 2017 USD (millions);319.14;434.64;178.32
PRK;7;North Korea;2011;PHC ambulatory expenditures per capita in 2017 USD;13;17;7
PRK;7;North Korea;2011;PHC expenditures in 2017 USD (millions);702.39;864.43;526.69
PRK;7;North Korea;2011;PHC expenditures per capita in 2017 USD;28;34;21
PRK;7;North Korea;2012;PHC ambulatory expenditures in 2017 USD (millions);323.58;440.66;181.7
PRK;7;North Korea;2012;PHC ambulatory expenditures per capita in 2017 USD;13;17;7
PRK;7;North Korea;2012;PHC expenditures in 2017 USD (millions);711.79;876.52;533.86
PRK;7;North Korea;2012;PHC expenditures per capita in 2017 USD;28;35;21
PRK;7;North Korea;2013;PHC ambulatory expenditures in 2017 USD (millions);326.25;444.29;183.87
PRK;7;North Korea;2013;PHC ambulatory expenditures per capita in 2017 USD;13;17;7
PRK;7;North Korea;2013;PHC expenditures in 2017 USD (millions);717.43;884.01;537.97
PRK;7;North Korea;2013;PHC expenditures per capita in 2017 USD;28;35;21
PRK;7;North Korea;2014;PHC ambulatory expenditures in 2017 USD (millions);330.44;450;186.32
PRK;7;North Korea;2014;PHC ambulatory expenditures per capita in 2017 USD;13;18;7
PRK;7;North Korea;2014;PHC expenditures in 2017 USD (millions);726.54;895.28;544.63
PRK;7;North Korea;2014;PHC expenditures per capita in 2017 USD;28;35;21
PRK;7;North Korea;2015;PHC ambulatory expenditures in 2017 USD (millions);330.85;450.53;185.93
PRK;7;North Korea;2015;PHC ambulatory expenditures per capita in 2017 USD;13;18;7
PRK;7;North Korea;2015;PHC expenditures in 2017 USD (millions);727.25;896.22;545
PRK;7;North Korea;2015;PHC expenditures per capita in 2017 USD;28;35;21
PRK;7;North Korea;2016;PHC ambulatory expenditures in 2017 USD (millions);336.11;457.76;187.34
PRK;7;North Korea;2016;PHC ambulatory expenditures per capita in 2017 USD;13;18;7
PRK;7;North Korea;2016;PHC expenditures in 2017 USD (millions);739.23;910.62;553.6
PRK;7;North Korea;2016;PHC expenditures per capita in 2017 USD;29;35;22
PRK;7;North Korea;2017;PHC ambulatory expenditures in 2017 USD (millions);345.58;470.68;191
PRK;7;North Korea;2017;PHC ambulatory expenditures per capita in 2017 USD;13;18;7
PRK;7;North Korea;2017;PHC expenditures in 2017 USD (millions);760.5;936.21;569.21
PRK;7;North Korea;2017;PHC expenditures per capita in 2017 USD;30;36;22
PRY;136;Paraguay;2000;PHC ambulatory expenditures in 2017 USD (millions);26.43;70.24;4.11
PRY;136;Paraguay;2000;PHC ambulatory expenditures per capita in 2017 USD;5;14;1
PRY;136;Paraguay;2000;PHC expenditures in 2017 USD (millions);277.09;433.25;162.86
PRY;136;Paraguay;2000;PHC expenditures per capita in 2017 USD;54;84;32
PRY;136;Paraguay;2001;PHC ambulatory expenditures in 2017 USD (millions);25.58;67.95;3.98
PRY;136;Paraguay;2001;PHC ambulatory expenditures per capita in 2017 USD;5;13;1
PRY;136;Paraguay;2001;PHC expenditures in 2017 USD (millions);268.54;419.83;158.01
PRY;136;Paraguay;2001;PHC expenditures per capita in 2017 USD;51;80;30
PRY;136;Paraguay;2002;PHC ambulatory expenditures in 2017 USD (millions);24.82;65.88;3.86
PRY;136;Paraguay;2002;PHC ambulatory expenditures per capita in 2017 USD;5;12;1
PRY;136;Paraguay;2002;PHC expenditures in 2017 USD (millions);260.96;408.14;153.66
PRY;136;Paraguay;2002;PHC expenditures per capita in 2017 USD;49;76;29
PRY;136;Paraguay;2003;PHC ambulatory expenditures in 2017 USD (millions);24.45;64.87;3.8
PRY;136;Paraguay;2003;PHC ambulatory expenditures per capita in 2017 USD;4;12;1
PRY;136;Paraguay;2003;PHC expenditures in 2017 USD (millions);257.45;402.98;151.66
PRY;136;Paraguay;2003;PHC expenditures per capita in 2017 USD;47;74;28
PRY;136;Paraguay;2004;PHC ambulatory expenditures in 2017 USD (millions);24.93;66.12;3.87
PRY;136;Paraguay;2004;PHC ambulatory expenditures per capita in 2017 USD;5;12;1
PRY;136;Paraguay;2004;PHC expenditures in 2017 USD (millions);262.57;411.22;154.58
PRY;136;Paraguay;2004;PHC expenditures per capita in 2017 USD;47;74;28
PRY;136;Paraguay;2005;PHC ambulatory expenditures in 2017 USD (millions);25.53;67.72;3.97
PRY;136;Paraguay;2005;PHC ambulatory expenditures per capita in 2017 USD;5;12;1
PRY;136;Paraguay;2005;PHC expenditures in 2017 USD (millions);268.93;421.11;158.2
PRY;136;Paraguay;2005;PHC expenditures per capita in 2017 USD;48;75;28
PRY;136;Paraguay;2006;PHC ambulatory expenditures in 2017 USD (millions);26.98;71.59;4.2
PRY;136;Paraguay;2006;PHC ambulatory expenditures per capita in 2017 USD;5;12;1
PRY;136;Paraguay;2006;PHC expenditures in 2017 USD (millions);284.06;444.54;167.11
PRY;136;Paraguay;2006;PHC expenditures per capita in 2017 USD;50;78;29
PRY;136;Paraguay;2007;PHC ambulatory expenditures in 2017 USD (millions);28.06;74.52;4.37
PRY;136;Paraguay;2007;PHC ambulatory expenditures per capita in 2017 USD;5;13;1
PRY;136;Paraguay;2007;PHC expenditures in 2017 USD (millions);295.92;462.89;174.33
PRY;136;Paraguay;2007;PHC expenditures per capita in 2017 USD;51;79;30
PRY;136;Paraguay;2008;PHC ambulatory expenditures in 2017 USD (millions);29.48;78.28;4.59
PRY;136;Paraguay;2008;PHC ambulatory expenditures per capita in 2017 USD;5;13;1
PRY;136;Paraguay;2008;PHC expenditures in 2017 USD (millions);311.36;487.05;183.69
PRY;136;Paraguay;2008;PHC expenditures per capita in 2017 USD;52;82;31
PRY;136;Paraguay;2009;PHC ambulatory expenditures in 2017 USD (millions);33.71;89.45;5.25
PRY;136;Paraguay;2009;PHC ambulatory expenditures per capita in 2017 USD;6;15;1
PRY;136;Paraguay;2009;PHC expenditures in 2017 USD (millions);355.07;555.46;209.52
PRY;136;Paraguay;2009;PHC expenditures per capita in 2017 USD;59;92;35
PRY;136;Paraguay;2010;PHC ambulatory expenditures in 2017 USD (millions);37.18;98.58;5.78
PRY;136;Paraguay;2010;PHC ambulatory expenditures per capita in 2017 USD;6;16;1
PRY;136;Paraguay;2010;PHC expenditures in 2017 USD (millions);391.62;613.07;231.15
PRY;136;Paraguay;2010;PHC expenditures per capita in 2017 USD;64;100;38
PRY;136;Paraguay;2011;PHC ambulatory expenditures in 2017 USD (millions);42.65;112.95;6.63
PRY;136;Paraguay;2011;PHC ambulatory expenditures per capita in 2017 USD;7;18;1
PRY;136;Paraguay;2011;PHC expenditures in 2017 USD (millions);448.01;701.05;264.71
PRY;136;Paraguay;2011;PHC expenditures per capita in 2017 USD;72;112;42
PRY;136;Paraguay;2012;PHC ambulatory expenditures in 2017 USD (millions);52.59;139.21;8.17
PRY;136;Paraguay;2012;PHC ambulatory expenditures per capita in 2017 USD;8;22;1
PRY;136;Paraguay;2012;PHC expenditures in 2017 USD (millions);549.77;861.51;323.52
PRY;136;Paraguay;2012;PHC expenditures per capita in 2017 USD;86;135;51
PRY;136;Paraguay;2013;PHC ambulatory expenditures in 2017 USD (millions);53.4;141.43;8.3
PRY;136;Paraguay;2013;PHC ambulatory expenditures per capita in 2017 USD;8;22;1
PRY;136;Paraguay;2013;PHC expenditures in 2017 USD (millions);559.49;878.66;328.46
PRY;136;Paraguay;2013;PHC expenditures per capita in 2017 USD;86;136;51
PRY;136;Paraguay;2014;PHC ambulatory expenditures in 2017 USD (millions);59.39;157.33;9.23
PRY;136;Paraguay;2014;PHC ambulatory expenditures per capita in 2017 USD;9;24;1
PRY;136;Paraguay;2014;PHC expenditures in 2017 USD (millions);621.26;976.72;363.74
PRY;136;Paraguay;2014;PHC expenditures per capita in 2017 USD;94;148;55
PRY;136;Paraguay;2015;PHC ambulatory expenditures in 2017 USD (millions);64.49;170.84;10.02
PRY;136;Paraguay;2015;PHC ambulatory expenditures per capita in 2017 USD;10;25;1
PRY;136;Paraguay;2015;PHC expenditures in 2017 USD (millions);673.99;1059.47;394.99
PRY;136;Paraguay;2015;PHC expenditures per capita in 2017 USD;100;158;59
PRY;136;Paraguay;2016;PHC ambulatory expenditures in 2017 USD (millions);66.98;177.38;10.41
PRY;136;Paraguay;2016;PHC ambulatory expenditures per capita in 2017 USD;10;26;2
PRY;136;Paraguay;2016;PHC expenditures in 2017 USD (millions);699.66;1098.42;410.82
PRY;136;Paraguay;2016;PHC expenditures per capita in 2017 USD;103;161;60
PRY;136;Paraguay;2017;PHC ambulatory expenditures in 2017 USD (millions);71.07;188.05;11.05
PRY;136;Paraguay;2017;PHC ambulatory expenditures per capita in 2017 USD;10;27;2
PRY;136;Paraguay;2017;PHC expenditures in 2017 USD (millions);740.66;1160.43;434.58
PRY;136;Paraguay;2017;PHC expenditures per capita in 2017 USD;107;167;63
PSE;149;Palestine;2000;PHC ambulatory expenditures in 2017 USD (millions);139.4;188.13;81.02
PSE;149;Palestine;2000;PHC ambulatory expenditures per capita in 2017 USD;46;62;27
PSE;149;Palestine;2000;PHC expenditures in 2017 USD (millions);336.21;424.27;241.51
PSE;149;Palestine;2000;PHC expenditures per capita in 2017 USD;111;140;80
PSE;149;Palestine;2001;PHC ambulatory expenditures in 2017 USD (millions);135.72;183.27;77.82
PSE;149;Palestine;2001;PHC ambulatory expenditures per capita in 2017 USD;43;58;25
PSE;149;Palestine;2001;PHC expenditures in 2017 USD (millions);328.24;413.82;235.82
PSE;149;Palestine;2001;PHC expenditures per capita in 2017 USD;104;131;75
PSE;149;Palestine;2002;PHC ambulatory expenditures in 2017 USD (millions);135.83;183.5;77.74
PSE;149;Palestine;2002;PHC ambulatory expenditures per capita in 2017 USD;42;56;24
PSE;149;Palestine;2002;PHC expenditures in 2017 USD (millions);329.17;414.78;236.25
PSE;149;Palestine;2002;PHC expenditures per capita in 2017 USD;101;127;72
PSE;149;Palestine;2003;PHC ambulatory expenditures in 2017 USD (millions);157.75;213.12;90.25
PSE;149;Palestine;2003;PHC ambulatory expenditures per capita in 2017 USD;47;63;27
PSE;149;Palestine;2003;PHC expenditures in 2017 USD (millions);381.88;481.34;273.95
PSE;149;Palestine;2003;PHC expenditures per capita in 2017 USD;113;142;81
PSE;149;Palestine;2004;PHC ambulatory expenditures in 2017 USD (millions);186.88;252.52;107
PSE;149;Palestine;2004;PHC ambulatory expenditures per capita in 2017 USD;53;72;31
PSE;149;Palestine;2004;PHC expenditures in 2017 USD (millions);452.38;570.23;324.3
PSE;149;Palestine;2004;PHC expenditures per capita in 2017 USD;129;163;93
PSE;149;Palestine;2005;PHC ambulatory expenditures in 2017 USD (millions);208.75;282.1;119.58
PSE;149;Palestine;2005;PHC ambulatory expenditures per capita in 2017 USD;58;78;33
PSE;149;Palestine;2005;PHC expenditures in 2017 USD (millions);505.39;637.11;362.28
PSE;149;Palestine;2005;PHC expenditures per capita in 2017 USD;140;176;100
PSE;149;Palestine;2006;PHC ambulatory expenditures in 2017 USD (millions);218.33;295.02;124.99
PSE;149;Palestine;2006;PHC ambulatory expenditures per capita in 2017 USD;59;79;33
PSE;149;Palestine;2006;PHC expenditures in 2017 USD (millions);528.26;666.37;378.54
PSE;149;Palestine;2006;PHC expenditures per capita in 2017 USD;142;179;101
PSE;149;Palestine;2007;PHC ambulatory expenditures in 2017 USD (millions);242.94;328.18;139.51
PSE;149;Palestine;2007;PHC ambulatory expenditures per capita in 2017 USD;63;85;36
PSE;149;Palestine;2007;PHC expenditures in 2017 USD (millions);585.98;739.79;421.24
PSE;149;Palestine;2007;PHC expenditures per capita in 2017 USD;152;192;109
PSE;149;Palestine;2008;PHC ambulatory expenditures in 2017 USD (millions);266.95;360.03;155.05
PSE;149;Palestine;2008;PHC ambulatory expenditures per capita in 2017 USD;67;91;39
PSE;149;Palestine;2008;PHC expenditures in 2017 USD (millions);641.61;811.24;460.03
PSE;149;Palestine;2008;PHC expenditures per capita in 2017 USD;162;205;116
PSE;149;Palestine;2009;PHC ambulatory expenditures in 2017 USD (millions);284.08;382.6;166.43
PSE;149;Palestine;2009;PHC ambulatory expenditures per capita in 2017 USD;70;94;41
PSE;149;Palestine;2009;PHC expenditures in 2017 USD (millions);681.02;859.85;488.63
PSE;149;Palestine;2009;PHC expenditures per capita in 2017 USD;167;211;120
PSE;149;Palestine;2010;PHC ambulatory expenditures in 2017 USD (millions);290.39;390.69;171.78
PSE;149;Palestine;2010;PHC ambulatory expenditures per capita in 2017 USD;70;94;41
PSE;149;Palestine;2010;PHC expenditures in 2017 USD (millions);694.94;879.29;498.9
PSE;149;Palestine;2010;PHC expenditures per capita in 2017 USD;166;211;119
PSE;149;Palestine;2011;PHC ambulatory expenditures in 2017 USD (millions);301.82;405.78;179.77
PSE;149;Palestine;2011;PHC ambulatory expenditures per capita in 2017 USD;70;95;42
PSE;149;Palestine;2011;PHC expenditures in 2017 USD (millions);721.38;914.09;518.08
PSE;149;Palestine;2011;PHC expenditures per capita in 2017 USD;168;214;121
PSE;149;Palestine;2012;PHC ambulatory expenditures in 2017 USD (millions);298.54;401.16;178.41
PSE;149;Palestine;2012;PHC ambulatory expenditures per capita in 2017 USD;68;92;41
PSE;149;Palestine;2012;PHC expenditures in 2017 USD (millions);713.11;903.02;512.44
PSE;149;Palestine;2012;PHC expenditures per capita in 2017 USD;163;206;117
PSE;149;Palestine;2013;PHC ambulatory expenditures in 2017 USD (millions);285.91;383.93;171.22
PSE;149;Palestine;2013;PHC ambulatory expenditures per capita in 2017 USD;64;86;38
PSE;149;Palestine;2013;PHC expenditures in 2017 USD (millions);682.46;863.4;490.82
PSE;149;Palestine;2013;PHC expenditures per capita in 2017 USD;152;193;110
PSE;149;Palestine;2014;PHC ambulatory expenditures in 2017 USD (millions);272.71;365.83;164.37
PSE;149;Palestine;2014;PHC ambulatory expenditures per capita in 2017 USD;60;80;36
PSE;149;Palestine;2014;PHC expenditures in 2017 USD (millions);650.08;821.73;468.35
PSE;149;Palestine;2014;PHC expenditures per capita in 2017 USD;142;180;102
PSE;149;Palestine;2015;PHC ambulatory expenditures in 2017 USD (millions);275.39;369.25;166.28
PSE;149;Palestine;2015;PHC ambulatory expenditures per capita in 2017 USD;59;79;36
PSE;149;Palestine;2015;PHC expenditures in 2017 USD (millions);656.02;830.13;473.1
PSE;149;Palestine;2015;PHC expenditures per capita in 2017 USD;141;178;101
PSE;149;Palestine;2016;PHC ambulatory expenditures in 2017 USD (millions);287.36;385.32;173.25
PSE;149;Palestine;2016;PHC ambulatory expenditures per capita in 2017 USD;60;81;36
PSE;149;Palestine;2016;PHC expenditures in 2017 USD (millions);684.52;866.51;494.19
PSE;149;Palestine;2016;PHC expenditures per capita in 2017 USD;144;182;104
PSE;149;Palestine;2017;PHC ambulatory expenditures in 2017 USD (millions);305.3;409.56;183.84
PSE;149;Palestine;2017;PHC ambulatory expenditures per capita in 2017 USD;63;84;38
PSE;149;Palestine;2017;PHC expenditures in 2017 USD (millions);727.64;920.9;526.08
PSE;149;Palestine;2017;PHC expenditures per capita in 2017 USD;150;190;108
ROU;52;Romania;2000;PHC ambulatory expenditures in 2017 USD (millions);627.56;982.47;242.36
ROU;52;Romania;2000;PHC ambulatory expenditures per capita in 2017 USD;28;44;11
ROU;52;Romania;2000;PHC expenditures in 2017 USD (millions);1547.12;2229.69;901.41
ROU;52;Romania;2000;PHC expenditures per capita in 2017 USD;69;100;40
ROU;52;Romania;2001;PHC ambulatory expenditures in 2017 USD (millions);678.91;1062.13;262.51
ROU;52;Romania;2001;PHC ambulatory expenditures per capita in 2017 USD;31;48;12
ROU;52;Romania;2001;PHC expenditures in 2017 USD (millions);1676.08;2412.08;976.78
ROU;52;Romania;2001;PHC expenditures per capita in 2017 USD;75;108;44
ROU;52;Romania;2002;PHC ambulatory expenditures in 2017 USD (millions);748.09;1171.68;289.77
ROU;52;Romania;2002;PHC ambulatory expenditures per capita in 2017 USD;34;53;13
ROU;52;Romania;2002;PHC expenditures in 2017 USD (millions);1850.26;2658.29;1081.8
ROU;52;Romania;2002;PHC expenditures per capita in 2017 USD;84;120;49
ROU;52;Romania;2003;PHC ambulatory expenditures in 2017 USD (millions);820.01;1286.22;318.18
ROU;52;Romania;2003;PHC ambulatory expenditures per capita in 2017 USD;37;59;15
ROU;52;Romania;2003;PHC expenditures in 2017 USD (millions);2032.57;2914.96;1191.15
ROU;52;Romania;2003;PHC expenditures per capita in 2017 USD;93;133;54
ROU;52;Romania;2004;PHC ambulatory expenditures in 2017 USD (millions);928.14;1454.64;360.43
ROU;52;Romania;2004;PHC ambulatory expenditures per capita in 2017 USD;43;67;17
ROU;52;Romania;2004;PHC expenditures in 2017 USD (millions);2302.45;3298.79;1351.35
ROU;52;Romania;2004;PHC expenditures per capita in 2017 USD;106;152;62
ROU;52;Romania;2005;PHC ambulatory expenditures in 2017 USD (millions);955.97;1496.74;371.28
ROU;52;Romania;2005;PHC ambulatory expenditures per capita in 2017 USD;44;70;17
ROU;52;Romania;2005;PHC expenditures in 2017 USD (millions);2376.24;3399.96;1397.15
ROU;52;Romania;2005;PHC expenditures per capita in 2017 USD;110;158;65
ROU;52;Romania;2006;PHC ambulatory expenditures in 2017 USD (millions);1030.96;1613.85;400.45
ROU;52;Romania;2006;PHC ambulatory expenditures per capita in 2017 USD;48;76;19
ROU;52;Romania;2006;PHC expenditures in 2017 USD (millions);2563.64;3666.03;1507.88
ROU;52;Romania;2006;PHC expenditures per capita in 2017 USD;120;172;71
ROU;52;Romania;2007;PHC ambulatory expenditures in 2017 USD (millions);1102.46;1726.02;428.24
ROU;52;Romania;2007;PHC ambulatory expenditures per capita in 2017 USD;52;82;20
ROU;52;Romania;2007;PHC expenditures in 2017 USD (millions);2742.55;3920.37;1613.68
ROU;52;Romania;2007;PHC expenditures per capita in 2017 USD;130;185;76
ROU;52;Romania;2008;PHC ambulatory expenditures in 2017 USD (millions);1180.07;1848.5;458.35
ROU;52;Romania;2008;PHC ambulatory expenditures per capita in 2017 USD;56;88;22
ROU;52;Romania;2008;PHC expenditures in 2017 USD (millions);2935.84;4195.95;1727.66
ROU;52;Romania;2008;PHC expenditures per capita in 2017 USD;140;200;82
ROU;52;Romania;2009;PHC ambulatory expenditures in 2017 USD (millions);1159.75;1817.66;450.98
ROU;52;Romania;2009;PHC ambulatory expenditures per capita in 2017 USD;56;87;22
ROU;52;Romania;2009;PHC expenditures in 2017 USD (millions);2891.11;4127.79;1704.95
ROU;52;Romania;2009;PHC expenditures per capita in 2017 USD;139;198;82
ROU;52;Romania;2010;PHC ambulatory expenditures in 2017 USD (millions);1148.98;1801.95;447.08
ROU;52;Romania;2010;PHC ambulatory expenditures per capita in 2017 USD;56;87;22
ROU;52;Romania;2010;PHC expenditures in 2017 USD (millions);2866.67;4090.56;1691.71
ROU;52;Romania;2010;PHC expenditures per capita in 2017 USD;139;198;82
ROU;52;Romania;2011;PHC ambulatory expenditures in 2017 USD (millions);1122.45;1759.18;436.52
ROU;52;Romania;2011;PHC ambulatory expenditures per capita in 2017 USD;55;86;21
ROU;52;Romania;2011;PHC expenditures in 2017 USD (millions);2797.86;3995.35;1649.68
ROU;52;Romania;2011;PHC expenditures per capita in 2017 USD;137;195;80
ROU;52;Romania;2012;PHC ambulatory expenditures in 2017 USD (millions);1095.96;1715.91;427.07
ROU;52;Romania;2012;PHC ambulatory expenditures per capita in 2017 USD;54;85;21
ROU;52;Romania;2012;PHC expenditures in 2017 USD (millions);2739.87;3905.69;1619.47
ROU;52;Romania;2012;PHC expenditures per capita in 2017 USD;135;192;80
ROU;52;Romania;2013;PHC ambulatory expenditures in 2017 USD (millions);1165.03;1824.23;454.18
ROU;52;Romania;2013;PHC ambulatory expenditures per capita in 2017 USD;58;91;23
ROU;52;Romania;2013;PHC expenditures in 2017 USD (millions);2912.49;4151.37;1719.18
ROU;52;Romania;2013;PHC expenditures per capita in 2017 USD;145;206;85
ROU;52;Romania;2014;PHC ambulatory expenditures in 2017 USD (millions);1182.75;1856.04;462.37
ROU;52;Romania;2014;PHC ambulatory expenditures per capita in 2017 USD;59;93;23
ROU;52;Romania;2014;PHC expenditures in 2017 USD (millions);2969.62;4220.4;1762.69
ROU;52;Romania;2014;PHC expenditures per capita in 2017 USD;149;211;88
ROU;52;Romania;2015;PHC ambulatory expenditures in 2017 USD (millions);1237.43;1945.98;483.95
ROU;52;Romania;2015;PHC ambulatory expenditures per capita in 2017 USD;63;98;24
ROU;52;Romania;2015;PHC expenditures in 2017 USD (millions);3124.4;4423.35;1863.58
ROU;52;Romania;2015;PHC expenditures per capita in 2017 USD;158;224;94
ROU;52;Romania;2016;PHC ambulatory expenditures in 2017 USD (millions);1259.65;1983.29;493.59
ROU;52;Romania;2016;PHC ambulatory expenditures per capita in 2017 USD;64;101;25
ROU;52;Romania;2016;PHC expenditures in 2017 USD (millions);3196.59;4514.47;1913.29
ROU;52;Romania;2016;PHC expenditures per capita in 2017 USD;163;231;98
ROU;52;Romania;2017;PHC ambulatory expenditures in 2017 USD (millions);1365.26;2149.12;535.07
ROU;52;Romania;2017;PHC ambulatory expenditures per capita in 2017 USD;70;111;28
ROU;52;Romania;2017;PHC expenditures in 2017 USD (millions);3469.23;4899.16;2080.38
ROU;52;Romania;2017;PHC expenditures per capita in 2017 USD;179;252;107
RUS;62;Russia;2000;PHC ambulatory expenditures in 2017 USD (millions);9624.26;16548.76;3156.47
RUS;62;Russia;2000;PHC ambulatory expenditures per capita in 2017 USD;64;111;21
RUS;62;Russia;2000;PHC expenditures in 2017 USD (millions);23345.94;30079.02;15378.96
RUS;62;Russia;2000;PHC expenditures per capita in 2017 USD;156;201;103
RUS;62;Russia;2001;PHC ambulatory expenditures in 2017 USD (millions);10172.15;17488.29;3337.99
RUS;62;Russia;2001;PHC ambulatory expenditures per capita in 2017 USD;68;118;22
RUS;62;Russia;2001;PHC expenditures in 2017 USD (millions);24697.3;31789.02;16261.83
RUS;62;Russia;2001;PHC expenditures per capita in 2017 USD;166;214;109
RUS;62;Russia;2002;PHC ambulatory expenditures in 2017 USD (millions);11027.37;18918.85;3623.65
RUS;62;Russia;2002;PHC ambulatory expenditures per capita in 2017 USD;74;128;24
RUS;62;Russia;2002;PHC expenditures in 2017 USD (millions);26825.64;34499.75;17707.27
RUS;62;Russia;2002;PHC expenditures per capita in 2017 USD;181;233;119
RUS;62;Russia;2003;PHC ambulatory expenditures in 2017 USD (millions);11369.82;19443.54;3742.11
RUS;62;Russia;2003;PHC ambulatory expenditures per capita in 2017 USD;77;132;25
RUS;62;Russia;2003;PHC expenditures in 2017 USD (millions);27751.83;35648.88;18398.4
RUS;62;Russia;2003;PHC expenditures per capita in 2017 USD;188;241;125
RUS;62;Russia;2004;PHC ambulatory expenditures in 2017 USD (millions);11439.58;19506.75;3770.55
RUS;62;Russia;2004;PHC ambulatory expenditures per capita in 2017 USD;78;133;26
RUS;62;Russia;2004;PHC expenditures in 2017 USD (millions);28017.17;35915.17;18667.45
RUS;62;Russia;2004;PHC expenditures per capita in 2017 USD;190;244;127
RUS;62;Russia;2005;PHC ambulatory expenditures in 2017 USD (millions);12116.07;20612.51;3999.45
RUS;62;Russia;2005;PHC ambulatory expenditures per capita in 2017 USD;83;141;27
RUS;62;Russia;2005;PHC expenditures in 2017 USD (millions);29745.49;38048.23;19886.12
RUS;62;Russia;2005;PHC expenditures per capita in 2017 USD;203;259;136
RUS;62;Russia;2006;PHC ambulatory expenditures in 2017 USD (millions);12884.68;21878.26;4259.54
RUS;62;Russia;2006;PHC ambulatory expenditures per capita in 2017 USD;88;150;29
RUS;62;Russia;2006;PHC expenditures in 2017 USD (millions);31754.12;40510.73;21225.82
RUS;62;Russia;2006;PHC expenditures per capita in 2017 USD;217;277;145
RUS;62;Russia;2007;PHC ambulatory expenditures in 2017 USD (millions);14442.92;24468.6;4783.01
RUS;62;Russia;2007;PHC ambulatory expenditures per capita in 2017 USD;99;168;33
RUS;62;Russia;2007;PHC expenditures in 2017 USD (millions);35725.8;45477.59;23865.79
RUS;62;Russia;2007;PHC expenditures per capita in 2017 USD;245;312;164
RUS;62;Russia;2008;PHC ambulatory expenditures in 2017 USD (millions);15130.98;25574.14;5026.69
RUS;62;Russia;2008;PHC ambulatory expenditures per capita in 2017 USD;104;176;35
RUS;62;Russia;2008;PHC expenditures in 2017 USD (millions);37597.76;47813.93;25117.19
RUS;62;Russia;2008;PHC expenditures per capita in 2017 USD;258;329;173
RUS;62;Russia;2009;PHC ambulatory expenditures in 2017 USD (millions);15551.46;26258.59;5207.61
RUS;62;Russia;2009;PHC ambulatory expenditures per capita in 2017 USD;107;181;36
RUS;62;Russia;2009;PHC expenditures in 2017 USD (millions);38826.83;49320.2;25909.32
RUS;62;Russia;2009;PHC expenditures per capita in 2017 USD;267;339;178
RUS;62;Russia;2010;PHC ambulatory expenditures in 2017 USD (millions);15160.63;25559.13;5091.3
RUS;62;Russia;2010;PHC ambulatory expenditures per capita in 2017 USD;104;176;35
RUS;62;Russia;2010;PHC expenditures in 2017 USD (millions);37984.71;48217.84;25366.82
RUS;62;Russia;2010;PHC expenditures per capita in 2017 USD;261;332;175
RUS;62;Russia;2011;PHC ambulatory expenditures in 2017 USD (millions);15325.87;25804.99;5154.33
RUS;62;Russia;2011;PHC ambulatory expenditures per capita in 2017 USD;105;178;35
RUS;62;Russia;2011;PHC expenditures in 2017 USD (millions);38492.01;48844.79;25723.58
RUS;62;Russia;2011;PHC expenditures per capita in 2017 USD;265;336;177
RUS;62;Russia;2012;PHC ambulatory expenditures in 2017 USD (millions);16182.04;27191.2;5459.73
RUS;62;Russia;2012;PHC ambulatory expenditures per capita in 2017 USD;111;187;38
RUS;62;Russia;2012;PHC expenditures in 2017 USD (millions);40729.92;51661.44;27199.69
RUS;62;Russia;2012;PHC expenditures per capita in 2017 USD;280;355;187
RUS;62;Russia;2013;PHC ambulatory expenditures in 2017 USD (millions);16743.5;28090.5;5669.77
RUS;62;Russia;2013;PHC ambulatory expenditures per capita in 2017 USD;115;193;39
RUS;62;Russia;2013;PHC expenditures in 2017 USD (millions);42252.96;53560.15;28217.45
RUS;62;Russia;2013;PHC expenditures per capita in 2017 USD;290;368;194
RUS;62;Russia;2014;PHC ambulatory expenditures in 2017 USD (millions);17082.27;28634.37;5804.77
RUS;62;Russia;2014;PHC ambulatory expenditures per capita in 2017 USD;117;196;40
RUS;62;Russia;2014;PHC expenditures in 2017 USD (millions);43209.03;54728.58;28836.18
RUS;62;Russia;2014;PHC expenditures per capita in 2017 USD;296;375;198
RUS;62;Russia;2015;PHC ambulatory expenditures in 2017 USD (millions);17053.88;28572.03;5800.83
RUS;62;Russia;2015;PHC ambulatory expenditures per capita in 2017 USD;117;196;40
RUS;62;Russia;2015;PHC expenditures in 2017 USD (millions);43175.66;54656.83;28792.41
RUS;62;Russia;2015;PHC expenditures per capita in 2017 USD;296;374;197
RUS;62;Russia;2016;PHC ambulatory expenditures in 2017 USD (millions);17342.8;29047.29;5899.09
RUS;62;Russia;2016;PHC ambulatory expenditures per capita in 2017 USD;119;199;40
RUS;62;Russia;2016;PHC expenditures in 2017 USD (millions);43879.4;55534.73;29244.85
RUS;62;Russia;2016;PHC expenditures per capita in 2017 USD;300;380;200
RUS;62;Russia;2017;PHC ambulatory expenditures in 2017 USD (millions);17454.97;29238.64;5937.89
RUS;62;Russia;2017;PHC ambulatory expenditures per capita in 2017 USD;119;200;41
RUS;62;Russia;2017;PHC expenditures in 2017 USD (millions);44134.52;55852.35;29395.67
RUS;62;Russia;2017;PHC expenditures per capita in 2017 USD;302;382;201
RWA;185;Rwanda;2000;PHC ambulatory expenditures in 2017 USD (millions);13.22;24.24;0.85
RWA;185;Rwanda;2000;PHC ambulatory expenditures per capita in 2017 USD;2;3;0
RWA;185;Rwanda;2000;PHC expenditures in 2017 USD (millions);60.81;105.2;30.85
RWA;185;Rwanda;2000;PHC expenditures per capita in 2017 USD;7;13;4
RWA;185;Rwanda;2001;PHC ambulatory expenditures in 2017 USD (millions);14.46;26.53;0.93
RWA;185;Rwanda;2001;PHC ambulatory expenditures per capita in 2017 USD;2;3;0
RWA;185;Rwanda;2001;PHC expenditures in 2017 USD (millions);66.47;115.04;33.7
RWA;185;Rwanda;2001;PHC expenditures per capita in 2017 USD;8;14;4
RWA;185;Rwanda;2002;PHC ambulatory expenditures in 2017 USD (millions);17.07;31.26;1.1
RWA;185;Rwanda;2002;PHC ambulatory expenditures per capita in 2017 USD;2;4;0
RWA;185;Rwanda;2002;PHC expenditures in 2017 USD (millions);78.63;135.95;39.91
RWA;185;Rwanda;2002;PHC expenditures per capita in 2017 USD;9;16;5
RWA;185;Rwanda;2003;PHC ambulatory expenditures in 2017 USD (millions);20.24;37.02;1.33
RWA;185;Rwanda;2003;PHC ambulatory expenditures per capita in 2017 USD;2;4;0
RWA;185;Rwanda;2003;PHC expenditures in 2017 USD (millions);93.46;161.44;47.53
RWA;185;Rwanda;2003;PHC expenditures per capita in 2017 USD;11;19;5
RWA;185;Rwanda;2004;PHC ambulatory expenditures in 2017 USD (millions);28.41;52.13;1.84
RWA;185;Rwanda;2004;PHC ambulatory expenditures per capita in 2017 USD;3;6;0
RWA;185;Rwanda;2004;PHC expenditures in 2017 USD (millions);130.7;226.24;66.26
RWA;185;Rwanda;2004;PHC expenditures per capita in 2017 USD;15;25;7
RWA;185;Rwanda;2005;PHC ambulatory expenditures in 2017 USD (millions);32.64;59.9;2.12
RWA;185;Rwanda;2005;PHC ambulatory expenditures per capita in 2017 USD;4;7;0
RWA;185;Rwanda;2005;PHC expenditures in 2017 USD (millions);150.2;259.95;76.17
RWA;185;Rwanda;2005;PHC expenditures per capita in 2017 USD;17;29;8
RWA;185;Rwanda;2006;PHC ambulatory expenditures in 2017 USD (millions);39.69;72.91;2.55
RWA;185;Rwanda;2006;PHC ambulatory expenditures per capita in 2017 USD;4;8;0
RWA;185;Rwanda;2006;PHC expenditures in 2017 USD (millions);181.97;315.59;92.19
RWA;185;Rwanda;2006;PHC expenditures per capita in 2017 USD;19;34;10
RWA;185;Rwanda;2007;PHC ambulatory expenditures in 2017 USD (millions);44.47;81.73;2.86
RWA;185;Rwanda;2007;PHC ambulatory expenditures per capita in 2017 USD;5;9;0
RWA;185;Rwanda;2007;PHC expenditures in 2017 USD (millions);203.83;353.64;103.22
RWA;185;Rwanda;2007;PHC expenditures per capita in 2017 USD;21;37;11
RWA;185;Rwanda;2008;PHC ambulatory expenditures in 2017 USD (millions);57.53;105.75;3.66
RWA;185;Rwanda;2008;PHC ambulatory expenditures per capita in 2017 USD;6;11;0
RWA;185;Rwanda;2008;PHC expenditures in 2017 USD (millions);262.83;456.92;132.42
RWA;185;Rwanda;2008;PHC expenditures per capita in 2017 USD;27;46;13
RWA;185;Rwanda;2009;PHC ambulatory expenditures in 2017 USD (millions);60.53;111.29;3.87
RWA;185;Rwanda;2009;PHC ambulatory expenditures per capita in 2017 USD;6;11;0
RWA;185;Rwanda;2009;PHC expenditures in 2017 USD (millions);276.73;480.97;139.61
RWA;185;Rwanda;2009;PHC expenditures per capita in 2017 USD;27;48;14
RWA;185;Rwanda;2010;PHC ambulatory expenditures in 2017 USD (millions);67.54;124.23;4.33
RWA;185;Rwanda;2010;PHC ambulatory expenditures per capita in 2017 USD;7;12;0
RWA;185;Rwanda;2010;PHC expenditures in 2017 USD (millions);309.04;536.95;156.16
RWA;185;Rwanda;2010;PHC expenditures per capita in 2017 USD;30;52;15
RWA;185;Rwanda;2011;PHC ambulatory expenditures in 2017 USD (millions);71.65;131.8;4.62
RWA;185;Rwanda;2011;PHC ambulatory expenditures per capita in 2017 USD;7;12;0
RWA;185;Rwanda;2011;PHC expenditures in 2017 USD (millions);328.08;569.84;166.18
RWA;185;Rwanda;2011;PHC expenditures per capita in 2017 USD;31;53;16
RWA;185;Rwanda;2012;PHC ambulatory expenditures in 2017 USD (millions);69.26;127.45;4.5
RWA;185;Rwanda;2012;PHC ambulatory expenditures per capita in 2017 USD;6;12;0
RWA;185;Rwanda;2012;PHC expenditures in 2017 USD (millions);317.8;551.44;161.64
RWA;185;Rwanda;2012;PHC expenditures per capita in 2017 USD;29;50;15
RWA;185;Rwanda;2013;PHC ambulatory expenditures in 2017 USD (millions);64.92;119.07;4.27
RWA;185;Rwanda;2013;PHC ambulatory expenditures per capita in 2017 USD;6;10;0
RWA;185;Rwanda;2013;PHC expenditures in 2017 USD (millions);298.85;517.54;152.44
RWA;185;Rwanda;2013;PHC expenditures per capita in 2017 USD;26;46;13
RWA;185;Rwanda;2014;PHC ambulatory expenditures in 2017 USD (millions);71.81;131.61;4.73
RWA;185;Rwanda;2014;PHC ambulatory expenditures per capita in 2017 USD;6;11;0
RWA;185;Rwanda;2014;PHC expenditures in 2017 USD (millions);330.63;572.64;168.82
RWA;185;Rwanda;2014;PHC expenditures per capita in 2017 USD;28;49;15
RWA;185;Rwanda;2015;PHC ambulatory expenditures in 2017 USD (millions);60.73;111.23;4.08
RWA;185;Rwanda;2015;PHC ambulatory expenditures per capita in 2017 USD;5;9;0
RWA;185;Rwanda;2015;PHC expenditures in 2017 USD (millions);281.3;485.57;144.65
RWA;185;Rwanda;2015;PHC expenditures per capita in 2017 USD;24;41;12
RWA;185;Rwanda;2016;PHC ambulatory expenditures in 2017 USD (millions);59.16;107.92;4.02
RWA;185;Rwanda;2016;PHC ambulatory expenditures per capita in 2017 USD;5;9;0
RWA;185;Rwanda;2016;PHC expenditures in 2017 USD (millions);275.12;473.8;141.44
RWA;185;Rwanda;2016;PHC expenditures per capita in 2017 USD;23;39;12
RWA;185;Rwanda;2017;PHC ambulatory expenditures in 2017 USD (millions);63.48;115.52;4.33
RWA;185;Rwanda;2017;PHC ambulatory expenditures per capita in 2017 USD;5;9;0
RWA;185;Rwanda;2017;PHC expenditures in 2017 USD (millions);295.79;508.77;151.99
RWA;185;Rwanda;2017;PHC expenditures per capita in 2017 USD;24;41;12
SDN;522;Sudan;2000;PHC ambulatory expenditures in 2017 USD (millions);213.44;292.32;111.14
SDN;522;Sudan;2000;PHC ambulatory expenditures per capita in 2017 USD;8;11;4
SDN;522;Sudan;2000;PHC expenditures in 2017 USD (millions);482.47;591.22;360.9
SDN;522;Sudan;2000;PHC expenditures per capita in 2017 USD;18;22;13
SDN;522;Sudan;2001;PHC ambulatory expenditures in 2017 USD (millions);206.23;282.35;107.26
SDN;522;Sudan;2001;PHC ambulatory expenditures per capita in 2017 USD;7;10;4
SDN;522;Sudan;2001;PHC expenditures in 2017 USD (millions);467.73;572.1;350.53
SDN;522;Sudan;2001;PHC expenditures per capita in 2017 USD;17;21;13
SDN;522;Sudan;2002;PHC ambulatory expenditures in 2017 USD (millions);217.03;297.26;112.67
SDN;522;Sudan;2002;PHC ambulatory expenditures per capita in 2017 USD;8;11;4
SDN;522;Sudan;2002;PHC expenditures in 2017 USD (millions);493.14;602.68;370.03
SDN;522;Sudan;2002;PHC expenditures per capita in 2017 USD;17;21;13
SDN;522;Sudan;2003;PHC ambulatory expenditures in 2017 USD (millions);246.49;337.76;127.64
SDN;522;Sudan;2003;PHC ambulatory expenditures per capita in 2017 USD;9;12;4
SDN;522;Sudan;2003;PHC expenditures in 2017 USD (millions);560.17;683.94;419.62
SDN;522;Sudan;2003;PHC expenditures per capita in 2017 USD;19;24;15
SDN;522;Sudan;2004;PHC ambulatory expenditures in 2017 USD (millions);291.01;398.49;149.77
SDN;522;Sudan;2004;PHC ambulatory expenditures per capita in 2017 USD;10;14;5
SDN;522;Sudan;2004;PHC expenditures in 2017 USD (millions);661.5;808.63;495.29
SDN;522;Sudan;2004;PHC expenditures per capita in 2017 USD;22;27;17
SDN;522;Sudan;2005;PHC ambulatory expenditures in 2017 USD (millions);337.44;461.77;172.56
SDN;522;Sudan;2005;PHC ambulatory expenditures per capita in 2017 USD;11;15;6
SDN;522;Sudan;2005;PHC expenditures in 2017 USD (millions);767.06;938.17;574.07
SDN;522;Sudan;2005;PHC expenditures per capita in 2017 USD;25;31;19
SDN;522;Sudan;2006;PHC ambulatory expenditures in 2017 USD (millions);376.49;515.47;193.17
SDN;522;Sudan;2006;PHC ambulatory expenditures per capita in 2017 USD;12;17;6
SDN;522;Sudan;2006;PHC expenditures in 2017 USD (millions);855.12;1045.73;639.99
SDN;522;Sudan;2006;PHC expenditures per capita in 2017 USD;28;34;21
SDN;522;Sudan;2007;PHC ambulatory expenditures in 2017 USD (millions);424.47;581.52;218.9
SDN;522;Sudan;2007;PHC ambulatory expenditures per capita in 2017 USD;13;18;7
SDN;522;Sudan;2007;PHC expenditures in 2017 USD (millions);962.64;1177.54;720.66
SDN;522;Sudan;2007;PHC expenditures per capita in 2017 USD;30;37;23
SDN;522;Sudan;2008;PHC ambulatory expenditures in 2017 USD (millions);455.99;625.29;237.03
SDN;522;Sudan;2008;PHC ambulatory expenditures per capita in 2017 USD;14;19;7
SDN;522;Sudan;2008;PHC expenditures in 2017 USD (millions);1033;1263.93;773.59
SDN;522;Sudan;2008;PHC expenditures per capita in 2017 USD;32;39;24
SDN;522;Sudan;2009;PHC ambulatory expenditures in 2017 USD (millions);471.4;646.05;246.15
SDN;522;Sudan;2009;PHC ambulatory expenditures per capita in 2017 USD;14;19;7
SDN;522;Sudan;2009;PHC expenditures in 2017 USD (millions);1067.04;1306.48;798.44
SDN;522;Sudan;2009;PHC expenditures per capita in 2017 USD;32;39;24
SDN;522;Sudan;2010;PHC ambulatory expenditures in 2017 USD (millions);455.73;624.28;240.17
SDN;522;Sudan;2010;PHC ambulatory expenditures per capita in 2017 USD;13;18;7
SDN;522;Sudan;2010;PHC expenditures in 2017 USD (millions);1031.05;1263.83;772.75
SDN;522;Sudan;2010;PHC expenditures per capita in 2017 USD;30;37;23
SDN;522;Sudan;2011;PHC ambulatory expenditures in 2017 USD (millions);495.09;678.23;263.48
SDN;522;Sudan;2011;PHC ambulatory expenditures per capita in 2017 USD;14;19;8
SDN;522;Sudan;2011;PHC expenditures in 2017 USD (millions);1115.86;1371;835.66
SDN;522;Sudan;2011;PHC expenditures per capita in 2017 USD;32;39;24
SDN;522;Sudan;2012;PHC ambulatory expenditures in 2017 USD (millions);456.3;625.2;244.68
SDN;522;Sudan;2012;PHC ambulatory expenditures per capita in 2017 USD;13;17;7
SDN;522;Sudan;2012;PHC expenditures in 2017 USD (millions);1028.53;1263.57;770.83
SDN;522;Sudan;2012;PHC expenditures per capita in 2017 USD;29;35;22
SDN;522;Sudan;2013;PHC ambulatory expenditures in 2017 USD (millions);472.95;647.54;255.73
SDN;522;Sudan;2013;PHC ambulatory expenditures per capita in 2017 USD;13;18;7
SDN;522;Sudan;2013;PHC expenditures in 2017 USD (millions);1063.53;1307.47;797.61
SDN;522;Sudan;2013;PHC expenditures per capita in 2017 USD;29;36;22
SDN;522;Sudan;2014;PHC ambulatory expenditures in 2017 USD (millions);468.58;641.73;252.58
SDN;522;Sudan;2014;PHC ambulatory expenditures per capita in 2017 USD;12;17;7
SDN;522;Sudan;2014;PHC expenditures in 2017 USD (millions);1054.97;1296.4;790.56
SDN;522;Sudan;2014;PHC expenditures per capita in 2017 USD;28;35;21
SDN;522;Sudan;2015;PHC ambulatory expenditures in 2017 USD (millions);500.64;685.76;269.47
SDN;522;Sudan;2015;PHC ambulatory expenditures per capita in 2017 USD;13;18;7
SDN;522;Sudan;2015;PHC expenditures in 2017 USD (millions);1127.82;1385.59;844.77
SDN;522;Sudan;2015;PHC expenditures per capita in 2017 USD;29;36;22
SDN;522;Sudan;2016;PHC ambulatory expenditures in 2017 USD (millions);507.62;695.41;273.72
SDN;522;Sudan;2016;PHC ambulatory expenditures per capita in 2017 USD;13;18;7
SDN;522;Sudan;2016;PHC expenditures in 2017 USD (millions);1145.44;1406.81;858.12
SDN;522;Sudan;2016;PHC expenditures per capita in 2017 USD;29;36;22
SDN;522;Sudan;2017;PHC ambulatory expenditures in 2017 USD (millions);516.31;707.4;275.72
SDN;522;Sudan;2017;PHC ambulatory expenditures per capita in 2017 USD;13;18;7
SDN;522;Sudan;2017;PHC expenditures in 2017 USD (millions);1169.43;1433.55;876.83
SDN;522;Sudan;2017;PHC expenditures per capita in 2017 USD;29;36;22
SEN;216;Senegal;2000;PHC ambulatory expenditures in 2017 USD (millions);37.26;99.53;7.13
SEN;216;Senegal;2000;PHC ambulatory expenditures per capita in 2017 USD;4;10;1
SEN;216;Senegal;2000;PHC expenditures in 2017 USD (millions);185.35;247.81;128.72
SEN;216;Senegal;2000;PHC expenditures per capita in 2017 USD;19;25;13
SEN;216;Senegal;2001;PHC ambulatory expenditures in 2017 USD (millions);43.25;115.37;8.31
SEN;216;Senegal;2001;PHC ambulatory expenditures per capita in 2017 USD;4;11;1
SEN;216;Senegal;2001;PHC expenditures in 2017 USD (millions);215.01;287.39;149.38
SEN;216;Senegal;2001;PHC expenditures per capita in 2017 USD;21;28;15
SEN;216;Senegal;2002;PHC ambulatory expenditures in 2017 USD (millions);41.76;111.08;8.09
SEN;216;Senegal;2002;PHC ambulatory expenditures per capita in 2017 USD;4;11;1
SEN;216;Senegal;2002;PHC expenditures in 2017 USD (millions);207.44;277.18;144.29
SEN;216;Senegal;2002;PHC expenditures per capita in 2017 USD;20;27;14
SEN;216;Senegal;2003;PHC ambulatory expenditures in 2017 USD (millions);49.99;132.95;9.68
SEN;216;Senegal;2003;PHC ambulatory expenditures per capita in 2017 USD;5;12;1
SEN;216;Senegal;2003;PHC expenditures in 2017 USD (millions);248.21;331.7;172.57
SEN;216;Senegal;2003;PHC expenditures per capita in 2017 USD;23;31;16
SEN;216;Senegal;2004;PHC ambulatory expenditures in 2017 USD (millions);53.47;142.02;10.38
SEN;216;Senegal;2004;PHC ambulatory expenditures per capita in 2017 USD;5;13;1
SEN;216;Senegal;2004;PHC expenditures in 2017 USD (millions);265.32;354.54;184.47
SEN;216;Senegal;2004;PHC expenditures per capita in 2017 USD;24;32;17
SEN;216;Senegal;2005;PHC ambulatory expenditures in 2017 USD (millions);52.63;139.52;10.25
SEN;216;Senegal;2005;PHC ambulatory expenditures per capita in 2017 USD;5;12;1
SEN;216;Senegal;2005;PHC expenditures in 2017 USD (millions);260.94;348.68;181.53
SEN;216;Senegal;2005;PHC expenditures per capita in 2017 USD;23;31;16
SEN;216;Senegal;2006;PHC ambulatory expenditures in 2017 USD (millions);55.82;148.06;10.86
SEN;216;Senegal;2006;PHC ambulatory expenditures per capita in 2017 USD;5;13;1
SEN;216;Senegal;2006;PHC expenditures in 2017 USD (millions);276.76;370.05;192.5
SEN;216;Senegal;2006;PHC expenditures per capita in 2017 USD;24;32;17
SEN;216;Senegal;2007;PHC ambulatory expenditures in 2017 USD (millions);50.99;135.22;9.91
SEN;216;Senegal;2007;PHC ambulatory expenditures per capita in 2017 USD;4;12;1
SEN;216;Senegal;2007;PHC expenditures in 2017 USD (millions);252.76;337.91;175.93
SEN;216;Senegal;2007;PHC expenditures per capita in 2017 USD;22;29;15
SEN;216;Senegal;2008;PHC ambulatory expenditures in 2017 USD (millions);53.97;143.68;10.4
SEN;216;Senegal;2008;PHC ambulatory expenditures per capita in 2017 USD;5;12;1
SEN;216;Senegal;2008;PHC expenditures in 2017 USD (millions);267.91;358.37;186.34
SEN;216;Senegal;2008;PHC expenditures per capita in 2017 USD;22;30;16
SEN;216;Senegal;2009;PHC ambulatory expenditures in 2017 USD (millions);57.93;154.69;11.09
SEN;216;Senegal;2009;PHC ambulatory expenditures per capita in 2017 USD;5;13;1
SEN;216;Senegal;2009;PHC expenditures in 2017 USD (millions);287.87;385.33;200.28
SEN;216;Senegal;2009;PHC expenditures per capita in 2017 USD;23;31;16
SEN;216;Senegal;2010;PHC ambulatory expenditures in 2017 USD (millions);58.51;156.47;11.18
SEN;216;Senegal;2010;PHC ambulatory expenditures per capita in 2017 USD;5;12;1
SEN;216;Senegal;2010;PHC expenditures in 2017 USD (millions);290.9;389.53;202.56
SEN;216;Senegal;2010;PHC expenditures per capita in 2017 USD;23;31;16
SEN;216;Senegal;2011;PHC ambulatory expenditures in 2017 USD (millions);64.22;171.94;12.25
SEN;216;Senegal;2011;PHC ambulatory expenditures per capita in 2017 USD;5;13;1
SEN;216;Senegal;2011;PHC expenditures in 2017 USD (millions);319.39;427.78;222.4
SEN;216;Senegal;2011;PHC expenditures per capita in 2017 USD;25;33;17
SEN;216;Senegal;2012;PHC ambulatory expenditures in 2017 USD (millions);68.3;183.1;13.02
SEN;216;Senegal;2012;PHC ambulatory expenditures per capita in 2017 USD;5;14;1
SEN;216;Senegal;2012;PHC expenditures in 2017 USD (millions);339.83;455.3;236.22
SEN;216;Senegal;2012;PHC expenditures per capita in 2017 USD;26;35;18
SEN;216;Senegal;2013;PHC ambulatory expenditures in 2017 USD (millions);68.03;182.39;12.99
SEN;216;Senegal;2013;PHC ambulatory expenditures per capita in 2017 USD;5;14;1
SEN;216;Senegal;2013;PHC expenditures in 2017 USD (millions);338.54;453.62;235.12
SEN;216;Senegal;2013;PHC expenditures per capita in 2017 USD;25;34;17
SEN;216;Senegal;2014;PHC ambulatory expenditures in 2017 USD (millions);72.46;194.24;13.85
SEN;216;Senegal;2014;PHC ambulatory expenditures per capita in 2017 USD;5;14;1
SEN;216;Senegal;2014;PHC expenditures in 2017 USD (millions);360.55;483.08;250.4
SEN;216;Senegal;2014;PHC expenditures per capita in 2017 USD;26;35;18
SEN;216;Senegal;2015;PHC ambulatory expenditures in 2017 USD (millions);73.88;197.8;14.15
SEN;216;Senegal;2015;PHC ambulatory expenditures per capita in 2017 USD;5;14;1
SEN;216;Senegal;2015;PHC expenditures in 2017 USD (millions);367.45;492.01;255.21
SEN;216;Senegal;2015;PHC expenditures per capita in 2017 USD;26;35;18
SEN;216;Senegal;2016;PHC ambulatory expenditures in 2017 USD (millions);75.46;201.59;14.5
SEN;216;Senegal;2016;PHC ambulatory expenditures per capita in 2017 USD;5;14;1
SEN;216;Senegal;2016;PHC expenditures in 2017 USD (millions);374.95;501.6;260.58
SEN;216;Senegal;2016;PHC expenditures per capita in 2017 USD;26;35;18
SEN;216;Senegal;2017;PHC ambulatory expenditures in 2017 USD (millions);83.95;224.46;16.08
SEN;216;Senegal;2017;PHC ambulatory expenditures per capita in 2017 USD;6;15;1
SEN;216;Senegal;2017;PHC expenditures in 2017 USD (millions);417.02;558.06;289.65
SEN;216;Senegal;2017;PHC expenditures per capita in 2017 USD;28;38;20
SLB;28;Solomon Islands;2000;PHC ambulatory expenditures in 2017 USD (millions);7.61;10.44;3.71
SLB;28;Solomon Islands;2000;PHC ambulatory expenditures per capita in 2017 USD;17;23;8
SLB;28;Solomon Islands;2000;PHC expenditures in 2017 USD (millions);17.17;20.95;12.95
SLB;28;Solomon Islands;2000;PHC expenditures per capita in 2017 USD;39;47;29
SLB;28;Solomon Islands;2001;PHC ambulatory expenditures in 2017 USD (millions);7.27;9.96;3.58
SLB;28;Solomon Islands;2001;PHC ambulatory expenditures per capita in 2017 USD;16;22;8
SLB;28;Solomon Islands;2001;PHC expenditures in 2017 USD (millions);16.37;20;12.34
SLB;28;Solomon Islands;2001;PHC expenditures per capita in 2017 USD;36;44;27
SLB;28;Solomon Islands;2002;PHC ambulatory expenditures in 2017 USD (millions);6.68;9.17;3.35
SLB;28;Solomon Islands;2002;PHC ambulatory expenditures per capita in 2017 USD;14;20;7
SLB;28;Solomon Islands;2002;PHC expenditures in 2017 USD (millions);15;18.36;11.26
SLB;28;Solomon Islands;2002;PHC expenditures per capita in 2017 USD;32;39;24
SLB;28;Solomon Islands;2003;PHC ambulatory expenditures in 2017 USD (millions);8.9;12.22;4.56
SLB;28;Solomon Islands;2003;PHC ambulatory expenditures per capita in 2017 USD;19;26;10
SLB;28;Solomon Islands;2003;PHC expenditures in 2017 USD (millions);19.84;24.33;14.84
SLB;28;Solomon Islands;2003;PHC expenditures per capita in 2017 USD;42;51;31
SLB;28;Solomon Islands;2004;PHC ambulatory expenditures in 2017 USD (millions);10.6;14.53;5.52
SLB;28;Solomon Islands;2004;PHC ambulatory expenditures per capita in 2017 USD;22;30;11
SLB;28;Solomon Islands;2004;PHC expenditures in 2017 USD (millions);23.51;28.92;17.58
SLB;28;Solomon Islands;2004;PHC expenditures per capita in 2017 USD;48;59;36
SLB;28;Solomon Islands;2005;PHC ambulatory expenditures in 2017 USD (millions);11.21;15.36;5.83
SLB;28;Solomon Islands;2005;PHC ambulatory expenditures per capita in 2017 USD;23;31;12
SLB;28;Solomon Islands;2005;PHC expenditures in 2017 USD (millions);24.84;30.54;18.58
SLB;28;Solomon Islands;2005;PHC expenditures per capita in 2017 USD;50;61;37
SLB;28;Solomon Islands;2006;PHC ambulatory expenditures in 2017 USD (millions);11.17;15.3;5.85
SLB;28;Solomon Islands;2006;PHC ambulatory expenditures per capita in 2017 USD;22;30;12
SLB;28;Solomon Islands;2006;PHC expenditures in 2017 USD (millions);24.73;30.43;18.51
SLB;28;Solomon Islands;2006;PHC expenditures per capita in 2017 USD;49;60;36
SLB;28;Solomon Islands;2007;PHC ambulatory expenditures in 2017 USD (millions);11.74;16.07;6.22
SLB;28;Solomon Islands;2007;PHC ambulatory expenditures per capita in 2017 USD;23;31;12
SLB;28;Solomon Islands;2007;PHC expenditures in 2017 USD (millions);25.91;31.86;19.39
SLB;28;Solomon Islands;2007;PHC expenditures per capita in 2017 USD;50;61;37
SLB;28;Solomon Islands;2008;PHC ambulatory expenditures in 2017 USD (millions);12.58;17.18;6.85
SLB;28;Solomon Islands;2008;PHC ambulatory expenditures per capita in 2017 USD;24;32;13
SLB;28;Solomon Islands;2008;PHC expenditures in 2017 USD (millions);27.62;34.11;20.65
SLB;28;Solomon Islands;2008;PHC expenditures per capita in 2017 USD;52;64;39
SLB;28;Solomon Islands;2009;PHC ambulatory expenditures in 2017 USD (millions);13.15;17.92;7.31
SLB;28;Solomon Islands;2009;PHC ambulatory expenditures per capita in 2017 USD;24;33;14
SLB;28;Solomon Islands;2009;PHC expenditures in 2017 USD (millions);28.74;35.56;21.49
SLB;28;Solomon Islands;2009;PHC expenditures per capita in 2017 USD;53;66;40
SLB;28;Solomon Islands;2010;PHC ambulatory expenditures in 2017 USD (millions);13.63;18.56;7.69
SLB;28;Solomon Islands;2010;PHC ambulatory expenditures per capita in 2017 USD;25;34;14
SLB;28;Solomon Islands;2010;PHC expenditures in 2017 USD (millions);29.7;36.8;22.24
SLB;28;Solomon Islands;2010;PHC expenditures per capita in 2017 USD;54;67;40
SLB;28;Solomon Islands;2011;PHC ambulatory expenditures in 2017 USD (millions);14.47;19.69;8.28
SLB;28;Solomon Islands;2011;PHC ambulatory expenditures per capita in 2017 USD;26;35;15
SLB;28;Solomon Islands;2011;PHC expenditures in 2017 USD (millions);31.42;38.93;23.57
SLB;28;Solomon Islands;2011;PHC expenditures per capita in 2017 USD;56;69;42
SLB;28;Solomon Islands;2012;PHC ambulatory expenditures in 2017 USD (millions);11.43;15.56;6.41
SLB;28;Solomon Islands;2012;PHC ambulatory expenditures per capita in 2017 USD;20;27;11
SLB;28;Solomon Islands;2012;PHC expenditures in 2017 USD (millions);25;30.91;18.72
SLB;28;Solomon Islands;2012;PHC expenditures per capita in 2017 USD;43;54;33
SLB;28;Solomon Islands;2013;PHC ambulatory expenditures in 2017 USD (millions);13.29;18.09;7.59
SLB;28;Solomon Islands;2013;PHC ambulatory expenditures per capita in 2017 USD;23;31;13
SLB;28;Solomon Islands;2013;PHC expenditures in 2017 USD (millions);28.95;35.8;21.73
SLB;28;Solomon Islands;2013;PHC expenditures per capita in 2017 USD;49;61;37
SLB;28;Solomon Islands;2014;PHC ambulatory expenditures in 2017 USD (millions);9.15;12.5;4.95
SLB;28;Solomon Islands;2014;PHC ambulatory expenditures per capita in 2017 USD;15;21;8
SLB;28;Solomon Islands;2014;PHC expenditures in 2017 USD (millions);20.25;25.01;15.23
SLB;28;Solomon Islands;2014;PHC expenditures per capita in 2017 USD;34;42;25
SLB;28;Solomon Islands;2015;PHC ambulatory expenditures in 2017 USD (millions);11.81;16.09;6.55
SLB;28;Solomon Islands;2015;PHC ambulatory expenditures per capita in 2017 USD;19;26;11
SLB;28;Solomon Islands;2015;PHC expenditures in 2017 USD (millions);25.9;32.04;19.45
SLB;28;Solomon Islands;2015;PHC expenditures per capita in 2017 USD;42;52;32
SLB;28;Solomon Islands;2016;PHC ambulatory expenditures in 2017 USD (millions);11.17;15.25;6.1
SLB;28;Solomon Islands;2016;PHC ambulatory expenditures per capita in 2017 USD;18;24;10
SLB;28;Solomon Islands;2016;PHC expenditures in 2017 USD (millions);24.63;30.42;18.48
SLB;28;Solomon Islands;2016;PHC expenditures per capita in 2017 USD;39;49;30
SLB;28;Solomon Islands;2017;PHC ambulatory expenditures in 2017 USD (millions);12.25;16.72;6.71
SLB;28;Solomon Islands;2017;PHC ambulatory expenditures per capita in 2017 USD;19;26;11
SLB;28;Solomon Islands;2017;PHC expenditures in 2017 USD (millions);26.98;33.32;20.23
SLB;28;Solomon Islands;2017;PHC expenditures per capita in 2017 USD;42;52;32
SLE;217;Sierra Leone;2000;PHC ambulatory expenditures in 2017 USD (millions);38.51;71.53;9.92
SLE;217;Sierra Leone;2000;PHC ambulatory expenditures per capita in 2017 USD;9;17;2
SLE;217;Sierra Leone;2000;PHC expenditures in 2017 USD (millions);120.63;152.88;78.48
SLE;217;Sierra Leone;2000;PHC expenditures per capita in 2017 USD;28;35;18
SLE;217;Sierra Leone;2001;PHC ambulatory expenditures in 2017 USD (millions);41.42;76.51;10.72
SLE;217;Sierra Leone;2001;PHC ambulatory expenditures per capita in 2017 USD;9;17;2
SLE;217;Sierra Leone;2001;PHC expenditures in 2017 USD (millions);129.93;164.65;84.54
SLE;217;Sierra Leone;2001;PHC expenditures per capita in 2017 USD;28;36;18
SLE;217;Sierra Leone;2002;PHC ambulatory expenditures in 2017 USD (millions);47.6;87.7;12.39
SLE;217;Sierra Leone;2002;PHC ambulatory expenditures per capita in 2017 USD;10;18;3
SLE;217;Sierra Leone;2002;PHC expenditures in 2017 USD (millions);149.39;189.24;97.34
SLE;217;Sierra Leone;2002;PHC expenditures per capita in 2017 USD;31;39;20
SLE;217;Sierra Leone;2003;PHC ambulatory expenditures in 2017 USD (millions);50.94;93.72;13.34
SLE;217;Sierra Leone;2003;PHC ambulatory expenditures per capita in 2017 USD;10;18;3
SLE;217;Sierra Leone;2003;PHC expenditures in 2017 USD (millions);159.95;202.57;104.04
SLE;217;Sierra Leone;2003;PHC expenditures per capita in 2017 USD;32;40;20
SLE;217;Sierra Leone;2004;PHC ambulatory expenditures in 2017 USD (millions);52.75;96.99;13.89
SLE;217;Sierra Leone;2004;PHC ambulatory expenditures per capita in 2017 USD;10;18;3
SLE;217;Sierra Leone;2004;PHC expenditures in 2017 USD (millions);165.72;209.83;107.59
SLE;217;Sierra Leone;2004;PHC expenditures per capita in 2017 USD;31;40;20
SLE;217;Sierra Leone;2005;PHC ambulatory expenditures in 2017 USD (millions);57.03;104.96;15
SLE;217;Sierra Leone;2005;PHC ambulatory expenditures per capita in 2017 USD;10;19;3
SLE;217;Sierra Leone;2005;PHC expenditures in 2017 USD (millions);179.12;226.75;116.4
SLE;217;Sierra Leone;2005;PHC expenditures per capita in 2017 USD;33;42;21
SLE;217;Sierra Leone;2006;PHC ambulatory expenditures in 2017 USD (millions);56.48;104.41;14.78
SLE;217;Sierra Leone;2006;PHC ambulatory expenditures per capita in 2017 USD;10;19;3
SLE;217;Sierra Leone;2006;PHC expenditures in 2017 USD (millions);177.26;224.49;114.87
SLE;217;Sierra Leone;2006;PHC expenditures per capita in 2017 USD;32;40;20
SLE;217;Sierra Leone;2007;PHC ambulatory expenditures in 2017 USD (millions);56.32;105.21;14.65
SLE;217;Sierra Leone;2007;PHC ambulatory expenditures per capita in 2017 USD;10;18;3
SLE;217;Sierra Leone;2007;PHC expenditures in 2017 USD (millions);176.51;223.77;115.02
SLE;217;Sierra Leone;2007;PHC expenditures per capita in 2017 USD;31;39;20
SLE;217;Sierra Leone;2008;PHC ambulatory expenditures in 2017 USD (millions);66.89;125.95;17.3
SLE;217;Sierra Leone;2008;PHC ambulatory expenditures per capita in 2017 USD;11;21;3
SLE;217;Sierra Leone;2008;PHC expenditures in 2017 USD (millions);209.29;265.56;136.71
SLE;217;Sierra Leone;2008;PHC expenditures per capita in 2017 USD;35;45;23
SLE;217;Sierra Leone;2009;PHC ambulatory expenditures in 2017 USD (millions);67.65;127.5;17.46
SLE;217;Sierra Leone;2009;PHC ambulatory expenditures per capita in 2017 USD;11;21;3
SLE;217;Sierra Leone;2009;PHC expenditures in 2017 USD (millions);211.62;268.53;138.1
SLE;217;Sierra Leone;2009;PHC expenditures per capita in 2017 USD;34;44;22
SLE;217;Sierra Leone;2010;PHC ambulatory expenditures in 2017 USD (millions);77.56;146.3;19.98
SLE;217;Sierra Leone;2010;PHC ambulatory expenditures per capita in 2017 USD;12;23;3
SLE;217;Sierra Leone;2010;PHC expenditures in 2017 USD (millions);242.5;307.7;157.91
SLE;217;Sierra Leone;2010;PHC expenditures per capita in 2017 USD;38;48;25
SLE;217;Sierra Leone;2011;PHC ambulatory expenditures in 2017 USD (millions);86.91;164.12;22.35
SLE;217;Sierra Leone;2011;PHC ambulatory expenditures per capita in 2017 USD;13;25;3
SLE;217;Sierra Leone;2011;PHC expenditures in 2017 USD (millions);271.63;344.65;176.41
SLE;217;Sierra Leone;2011;PHC expenditures per capita in 2017 USD;41;53;27
SLE;217;Sierra Leone;2012;PHC ambulatory expenditures in 2017 USD (millions);93.18;176.33;23.91
SLE;217;Sierra Leone;2012;PHC ambulatory expenditures per capita in 2017 USD;14;26;4
SLE;217;Sierra Leone;2012;PHC expenditures in 2017 USD (millions);291.17;369.37;188.75
SLE;217;Sierra Leone;2012;PHC expenditures per capita in 2017 USD;43;55;28
SLE;217;Sierra Leone;2013;PHC ambulatory expenditures in 2017 USD (millions);90.24;171.05;23.12
SLE;217;Sierra Leone;2013;PHC ambulatory expenditures per capita in 2017 USD;13;25;3
SLE;217;Sierra Leone;2013;PHC expenditures in 2017 USD (millions);282.09;357.9;182.73
SLE;217;Sierra Leone;2013;PHC expenditures per capita in 2017 USD;40;51;26
SLE;217;Sierra Leone;2014;PHC ambulatory expenditures in 2017 USD (millions);182.44;347.96;46.35
SLE;217;Sierra Leone;2014;PHC ambulatory expenditures per capita in 2017 USD;25;48;6
SLE;217;Sierra Leone;2014;PHC expenditures in 2017 USD (millions);568.53;721.91;365.92
SLE;217;Sierra Leone;2014;PHC expenditures per capita in 2017 USD;79;101;51
SLE;217;Sierra Leone;2015;PHC ambulatory expenditures in 2017 USD (millions);204.91;389.65;52.25
SLE;217;Sierra Leone;2015;PHC ambulatory expenditures per capita in 2017 USD;28;53;7
SLE;217;Sierra Leone;2015;PHC expenditures in 2017 USD (millions);638.74;810.88;410.99
SLE;217;Sierra Leone;2015;PHC expenditures per capita in 2017 USD;86;110;56
SLE;217;Sierra Leone;2016;PHC ambulatory expenditures in 2017 USD (millions);138.67;260.84;35.75
SLE;217;Sierra Leone;2016;PHC ambulatory expenditures per capita in 2017 USD;18;34;5
SLE;217;Sierra Leone;2016;PHC expenditures in 2017 USD (millions);433.63;549.68;282.57
SLE;217;Sierra Leone;2016;PHC expenditures per capita in 2017 USD;57;72;37
SLE;217;Sierra Leone;2017;PHC ambulatory expenditures in 2017 USD (millions);129.47;241.6;33.55
SLE;217;Sierra Leone;2017;PHC ambulatory expenditures per capita in 2017 USD;17;31;4
SLE;217;Sierra Leone;2017;PHC expenditures in 2017 USD (millions);405.46;513.7;264.77
SLE;217;Sierra Leone;2017;PHC expenditures per capita in 2017 USD;52;66;34
SLV;127;El Salvador;2000;PHC ambulatory expenditures in 2017 USD (millions);216.85;445.33;7.69
SLV;127;El Salvador;2000;PHC ambulatory expenditures per capita in 2017 USD;37;77;1
SLV;127;El Salvador;2000;PHC expenditures in 2017 USD (millions);565.18;939.88;249.7
SLV;127;El Salvador;2000;PHC expenditures per capita in 2017 USD;98;162;43
SLV;127;El Salvador;2001;PHC ambulatory expenditures in 2017 USD (millions);213.29;437.9;7.73
SLV;127;El Salvador;2001;PHC ambulatory expenditures per capita in 2017 USD;37;75;1
SLV;127;El Salvador;2001;PHC expenditures in 2017 USD (millions);558.02;926.71;248.06
SLV;127;El Salvador;2001;PHC expenditures per capita in 2017 USD;96;159;43
SLV;127;El Salvador;2002;PHC ambulatory expenditures in 2017 USD (millions);210.49;430.71;7.8
SLV;127;El Salvador;2002;PHC ambulatory expenditures per capita in 2017 USD;36;74;1
SLV;127;El Salvador;2002;PHC expenditures in 2017 USD (millions);552.89;916.97;247.23
SLV;127;El Salvador;2002;PHC expenditures per capita in 2017 USD;94;157;42
SLV;127;El Salvador;2003;PHC ambulatory expenditures in 2017 USD (millions);211.86;431.42;8
SLV;127;El Salvador;2003;PHC ambulatory expenditures per capita in 2017 USD;36;73;1
SLV;127;El Salvador;2003;PHC expenditures in 2017 USD (millions);558.3;924.99;250.83
SLV;127;El Salvador;2003;PHC expenditures per capita in 2017 USD;95;157;43
SLV;127;El Salvador;2004;PHC ambulatory expenditures in 2017 USD (millions);203.86;413.87;7.8
SLV;127;El Salvador;2004;PHC ambulatory expenditures per capita in 2017 USD;35;70;1
SLV;127;El Salvador;2004;PHC expenditures in 2017 USD (millions);538.77;891.31;243.03
SLV;127;El Salvador;2004;PHC expenditures per capita in 2017 USD;91;151;41
SLV;127;El Salvador;2005;PHC ambulatory expenditures in 2017 USD (millions);206.05;418.09;8
SLV;127;El Salvador;2005;PHC ambulatory expenditures per capita in 2017 USD;35;71;1
SLV;127;El Salvador;2005;PHC expenditures in 2017 USD (millions);545.9;902.17;247.18
SLV;127;El Salvador;2005;PHC expenditures per capita in 2017 USD;92;153;42
SLV;127;El Salvador;2006;PHC ambulatory expenditures in 2017 USD (millions);204.18;413.88;8.03
SLV;127;El Salvador;2006;PHC ambulatory expenditures per capita in 2017 USD;35;70;1
SLV;127;El Salvador;2006;PHC expenditures in 2017 USD (millions);542.34;895.75;246.53
SLV;127;El Salvador;2006;PHC expenditures per capita in 2017 USD;92;151;42
SLV;127;El Salvador;2007;PHC ambulatory expenditures in 2017 USD (millions);200.98;407.9;7.89
SLV;127;El Salvador;2007;PHC ambulatory expenditures per capita in 2017 USD;34;69;1
SLV;127;El Salvador;2007;PHC expenditures in 2017 USD (millions);533.99;881.72;242.92
SLV;127;El Salvador;2007;PHC expenditures per capita in 2017 USD;90;149;41
SLV;127;El Salvador;2008;PHC ambulatory expenditures in 2017 USD (millions);204.03;414.09;7.99
SLV;127;El Salvador;2008;PHC ambulatory expenditures per capita in 2017 USD;34;70;1
SLV;127;El Salvador;2008;PHC expenditures in 2017 USD (millions);542.11;895.12;246.36
SLV;127;El Salvador;2008;PHC expenditures per capita in 2017 USD;91;151;42
SLV;127;El Salvador;2009;PHC ambulatory expenditures in 2017 USD (millions);208.76;423.91;8.18
SLV;127;El Salvador;2009;PHC ambulatory expenditures per capita in 2017 USD;35;71;1
SLV;127;El Salvador;2009;PHC expenditures in 2017 USD (millions);555.2;917.23;252.19
SLV;127;El Salvador;2009;PHC expenditures per capita in 2017 USD;93;154;42
SLV;127;El Salvador;2010;PHC ambulatory expenditures in 2017 USD (millions);217.6;441.83;8.5
SLV;127;El Salvador;2010;PHC ambulatory expenditures per capita in 2017 USD;37;74;1
SLV;127;El Salvador;2010;PHC expenditures in 2017 USD (millions);578.58;956.19;262.46
SLV;127;El Salvador;2010;PHC expenditures per capita in 2017 USD;97;161;44
SLV;127;El Salvador;2011;PHC ambulatory expenditures in 2017 USD (millions);217.58;441.14;8.61
SLV;127;El Salvador;2011;PHC ambulatory expenditures per capita in 2017 USD;36;74;1
SLV;127;El Salvador;2011;PHC expenditures in 2017 USD (millions);580.33;958.36;264.06
SLV;127;El Salvador;2011;PHC expenditures per capita in 2017 USD;97;160;44
SLV;127;El Salvador;2012;PHC ambulatory expenditures in 2017 USD (millions);219.96;444.22;8.8
SLV;127;El Salvador;2012;PHC ambulatory expenditures per capita in 2017 USD;37;74;1
SLV;127;El Salvador;2012;PHC expenditures in 2017 USD (millions);588.34;970.83;268.58
SLV;127;El Salvador;2012;PHC expenditures per capita in 2017 USD;98;162;45
SLV;127;El Salvador;2013;PHC ambulatory expenditures in 2017 USD (millions);226.76;456.83;9.17
SLV;127;El Salvador;2013;PHC ambulatory expenditures per capita in 2017 USD;38;76;2
SLV;127;El Salvador;2013;PHC expenditures in 2017 USD (millions);607.89;1001.96;278.92
SLV;127;El Salvador;2013;PHC expenditures per capita in 2017 USD;101;167;46
SLV;127;El Salvador;2014;PHC ambulatory expenditures in 2017 USD (millions);226.39;454.86;9.29
SLV;127;El Salvador;2014;PHC ambulatory expenditures per capita in 2017 USD;38;76;2
SLV;127;El Salvador;2014;PHC expenditures in 2017 USD (millions);608.68;1002.55;281.26
SLV;127;El Salvador;2014;PHC expenditures per capita in 2017 USD;101;166;47
SLV;127;El Salvador;2015;PHC ambulatory expenditures in 2017 USD (millions);232.49;466.2;9.64
SLV;127;El Salvador;2015;PHC ambulatory expenditures per capita in 2017 USD;38;77;2
SLV;127;El Salvador;2015;PHC expenditures in 2017 USD (millions);626.51;1032.37;291.04
SLV;127;El Salvador;2015;PHC expenditures per capita in 2017 USD;104;171;48
SLV;127;El Salvador;2016;PHC ambulatory expenditures in 2017 USD (millions);239.93;479.24;10.07
SLV;127;El Salvador;2016;PHC ambulatory expenditures per capita in 2017 USD;40;79;2
SLV;127;El Salvador;2016;PHC expenditures in 2017 USD (millions);648.01;1066.98;302.72
SLV;127;El Salvador;2016;PHC expenditures per capita in 2017 USD;107;176;50
SLV;127;El Salvador;2017;PHC ambulatory expenditures in 2017 USD (millions);245.09;487.73;10.4
SLV;127;El Salvador;2017;PHC ambulatory expenditures per capita in 2017 USD;40;80;2
SLV;127;El Salvador;2017;PHC expenditures in 2017 USD (millions);663.44;1091.27;311.49
SLV;127;El Salvador;2017;PHC expenditures per capita in 2017 USD;109;179;51
SOM;187;Somalia;2000;PHC ambulatory expenditures in 2017 USD (millions);9.52;12.99;5.7
SOM;187;Somalia;2000;PHC ambulatory expenditures per capita in 2017 USD;1;1;1
SOM;187;Somalia;2000;PHC expenditures in 2017 USD (millions);20.63;25.57;15.47
SOM;187;Somalia;2000;PHC expenditures per capita in 2017 USD;2;3;2
SOM;187;Somalia;2001;PHC ambulatory expenditures in 2017 USD (millions);9.76;13.31;5.82
SOM;187;Somalia;2001;PHC ambulatory expenditures per capita in 2017 USD;1;1;1
SOM;187;Somalia;2001;PHC expenditures in 2017 USD (millions);21.16;26.22;15.86
SOM;187;Somalia;2001;PHC expenditures per capita in 2017 USD;2;3;2
SOM;187;Somalia;2002;PHC ambulatory expenditures in 2017 USD (millions);10.02;13.68;5.97
SOM;187;Somalia;2002;PHC ambulatory expenditures per capita in 2017 USD;1;1;1
SOM;187;Somalia;2002;PHC expenditures in 2017 USD (millions);21.75;26.94;16.3
SOM;187;Somalia;2002;PHC expenditures per capita in 2017 USD;2;3;2
SOM;187;Somalia;2003;PHC ambulatory expenditures in 2017 USD (millions);10.06;13.73;5.97
SOM;187;Somalia;2003;PHC ambulatory expenditures per capita in 2017 USD;1;1;1
SOM;187;Somalia;2003;PHC expenditures in 2017 USD (millions);21.83;27.05;16.36
SOM;187;Somalia;2003;PHC expenditures per capita in 2017 USD;2;2;1
SOM;187;Somalia;2004;PHC ambulatory expenditures in 2017 USD (millions);11.11;15.16;6.63
SOM;187;Somalia;2004;PHC ambulatory expenditures per capita in 2017 USD;1;1;1
SOM;187;Somalia;2004;PHC expenditures in 2017 USD (millions);24.08;29.82;18.06
SOM;187;Somalia;2004;PHC expenditures per capita in 2017 USD;2;3;2
SOM;187;Somalia;2005;PHC ambulatory expenditures in 2017 USD (millions);11.04;15.07;6.58
SOM;187;Somalia;2005;PHC ambulatory expenditures per capita in 2017 USD;1;1;1
SOM;187;Somalia;2005;PHC expenditures in 2017 USD (millions);23.95;29.65;17.96
SOM;187;Somalia;2005;PHC expenditures per capita in 2017 USD;2;3;2
SOM;187;Somalia;2006;PHC ambulatory expenditures in 2017 USD (millions);11.97;16.33;7.19
SOM;187;Somalia;2006;PHC ambulatory expenditures per capita in 2017 USD;1;1;1
SOM;187;Somalia;2006;PHC expenditures in 2017 USD (millions);25.93;32.13;19.45
SOM;187;Somalia;2006;PHC expenditures per capita in 2017 USD;2;3;2
SOM;187;Somalia;2007;PHC ambulatory expenditures in 2017 USD (millions);11.91;16.24;7.17
SOM;187;Somalia;2007;PHC ambulatory expenditures per capita in 2017 USD;1;1;1
SOM;187;Somalia;2007;PHC expenditures in 2017 USD (millions);25.78;31.96;19.34
SOM;187;Somalia;2007;PHC expenditures per capita in 2017 USD;2;3;2
SOM;187;Somalia;2008;PHC ambulatory expenditures in 2017 USD (millions);13.38;18.24;8.15
SOM;187;Somalia;2008;PHC ambulatory expenditures per capita in 2017 USD;1;1;1
SOM;187;Somalia;2008;PHC expenditures in 2017 USD (millions);28.9;35.88;21.65
SOM;187;Somalia;2008;PHC expenditures per capita in 2017 USD;2;3;2
SOM;187;Somalia;2009;PHC ambulatory expenditures in 2017 USD (millions);13.36;18.2;8.13
SOM;187;Somalia;2009;PHC ambulatory expenditures per capita in 2017 USD;1;1;1
SOM;187;Somalia;2009;PHC expenditures in 2017 USD (millions);28.84;35.8;21.59
SOM;187;Somalia;2009;PHC expenditures per capita in 2017 USD;2;3;2
SOM;187;Somalia;2010;PHC ambulatory expenditures in 2017 USD (millions);14.23;19.37;8.65
SOM;187;Somalia;2010;PHC ambulatory expenditures per capita in 2017 USD;1;1;1
SOM;187;Somalia;2010;PHC expenditures in 2017 USD (millions);30.67;38.15;22.93
SOM;187;Somalia;2010;PHC expenditures per capita in 2017 USD;2;3;2
SOM;187;Somalia;2011;PHC ambulatory expenditures in 2017 USD (millions);13.59;18.51;8.27
SOM;187;Somalia;2011;PHC ambulatory expenditures per capita in 2017 USD;1;1;1
SOM;187;Somalia;2011;PHC expenditures in 2017 USD (millions);29.32;36.45;21.91
SOM;187;Somalia;2011;PHC expenditures per capita in 2017 USD;2;3;2
SOM;187;Somalia;2012;PHC ambulatory expenditures in 2017 USD (millions);19.79;26.9;12.04
SOM;187;Somalia;2012;PHC ambulatory expenditures per capita in 2017 USD;1;2;1
SOM;187;Somalia;2012;PHC expenditures in 2017 USD (millions);42.47;53.12;31.77
SOM;187;Somalia;2012;PHC expenditures per capita in 2017 USD;3;4;2
SOM;187;Somalia;2013;PHC ambulatory expenditures in 2017 USD (millions);16.14;21.94;9.81
SOM;187;Somalia;2013;PHC ambulatory expenditures per capita in 2017 USD;1;1;1
SOM;187;Somalia;2013;PHC expenditures in 2017 USD (millions);34.66;43.32;25.92
SOM;187;Somalia;2013;PHC expenditures per capita in 2017 USD;2;3;2
SOM;187;Somalia;2014;PHC ambulatory expenditures in 2017 USD (millions);15.18;20.65;9.24
SOM;187;Somalia;2014;PHC ambulatory expenditures per capita in 2017 USD;1;1;1
SOM;187;Somalia;2014;PHC expenditures in 2017 USD (millions);32.65;40.72;24.41
SOM;187;Somalia;2014;PHC expenditures per capita in 2017 USD;2;3;2
SOM;187;Somalia;2015;PHC ambulatory expenditures in 2017 USD (millions);16.64;22.62;10.12
SOM;187;Somalia;2015;PHC ambulatory expenditures per capita in 2017 USD;1;1;1
SOM;187;Somalia;2015;PHC expenditures in 2017 USD (millions);35.76;44.63;26.74
SOM;187;Somalia;2015;PHC expenditures per capita in 2017 USD;2;3;2
SOM;187;Somalia;2016;PHC ambulatory expenditures in 2017 USD (millions);22.34;30.36;13.61
SOM;187;Somalia;2016;PHC ambulatory expenditures per capita in 2017 USD;1;2;1
SOM;187;Somalia;2016;PHC expenditures in 2017 USD (millions);47.89;59.95;35.84
SOM;187;Somalia;2016;PHC expenditures per capita in 2017 USD;3;4;2
SOM;187;Somalia;2017;PHC ambulatory expenditures in 2017 USD (millions);20.06;27.3;12.22
SOM;187;Somalia;2017;PHC ambulatory expenditures per capita in 2017 USD;1;2;1
SOM;187;Somalia;2017;PHC expenditures in 2017 USD (millions);43.14;53.77;32.27
SOM;187;Somalia;2017;PHC expenditures per capita in 2017 USD;3;3;2
SRB;53;Serbia;2000;PHC ambulatory expenditures in 2017 USD (millions);218.25;438.54;41.91
SRB;53;Serbia;2000;PHC ambulatory expenditures per capita in 2017 USD;23;45;4
SRB;53;Serbia;2000;PHC expenditures in 2017 USD (millions);655.98;1492.63;290.45
SRB;53;Serbia;2000;PHC expenditures per capita in 2017 USD;68;155;30
SRB;53;Serbia;2001;PHC ambulatory expenditures in 2017 USD (millions);238.49;478.56;45.6
SRB;53;Serbia;2001;PHC ambulatory expenditures per capita in 2017 USD;25;50;5
SRB;53;Serbia;2001;PHC expenditures in 2017 USD (millions);715.83;1627.03;316.64
SRB;53;Serbia;2001;PHC expenditures per capita in 2017 USD;75;170;33
SRB;53;Serbia;2002;PHC ambulatory expenditures in 2017 USD (millions);298.6;598.52;57.15
SRB;53;Serbia;2002;PHC ambulatory expenditures per capita in 2017 USD;32;64;6
SRB;53;Serbia;2002;PHC expenditures in 2017 USD (millions);892.84;2031.14;392.78
SRB;53;Serbia;2002;PHC expenditures per capita in 2017 USD;95;216;42
SRB;53;Serbia;2003;PHC ambulatory expenditures in 2017 USD (millions);321.53;644.37;61.58
SRB;53;Serbia;2003;PHC ambulatory expenditures per capita in 2017 USD;34;69;7
SRB;53;Serbia;2003;PHC expenditures in 2017 USD (millions);960.97;2186.49;422.43
SRB;53;Serbia;2003;PHC expenditures per capita in 2017 USD;102;233;45
SRB;53;Serbia;2004;PHC ambulatory expenditures in 2017 USD (millions);346.6;694.37;66.4
SRB;53;Serbia;2004;PHC ambulatory expenditures per capita in 2017 USD;37;74;7
SRB;53;Serbia;2004;PHC expenditures in 2017 USD (millions);1034.96;2354.71;454.05
SRB;53;Serbia;2004;PHC expenditures per capita in 2017 USD;111;252;49
SRB;53;Serbia;2005;PHC ambulatory expenditures in 2017 USD (millions);376.36;753.71;72.07
SRB;53;Serbia;2005;PHC ambulatory expenditures per capita in 2017 USD;41;81;8
SRB;53;Serbia;2005;PHC expenditures in 2017 USD (millions);1122.34;2554.09;491.17
SRB;53;Serbia;2005;PHC expenditures per capita in 2017 USD;121;276;53
SRB;53;Serbia;2006;PHC ambulatory expenditures in 2017 USD (millions);429.21;859.58;82.13
SRB;53;Serbia;2006;PHC ambulatory expenditures per capita in 2017 USD;47;93;9
SRB;53;Serbia;2006;PHC expenditures in 2017 USD (millions);1277.87;2911.29;557.7
SRB;53;Serbia;2006;PHC expenditures per capita in 2017 USD;139;316;61
SRB;53;Serbia;2007;PHC ambulatory expenditures in 2017 USD (millions);466.41;934.08;89.23
SRB;53;Serbia;2007;PHC ambulatory expenditures per capita in 2017 USD;51;102;10
SRB;53;Serbia;2007;PHC expenditures in 2017 USD (millions);1387.48;3163;605.28
SRB;53;Serbia;2007;PHC expenditures per capita in 2017 USD;152;346;66
SRB;53;Serbia;2008;PHC ambulatory expenditures in 2017 USD (millions);503.86;1008.82;96.38
SRB;53;Serbia;2008;PHC ambulatory expenditures per capita in 2017 USD;55;111;11
SRB;53;Serbia;2008;PHC expenditures in 2017 USD (millions);1498;3414.59;652.5
SRB;53;Serbia;2008;PHC expenditures per capita in 2017 USD;165;376;72
SRB;53;Serbia;2009;PHC ambulatory expenditures in 2017 USD (millions);503.61;1008.07;96.32
SRB;53;Serbia;2009;PHC ambulatory expenditures per capita in 2017 USD;56;112;11
SRB;53;Serbia;2009;PHC expenditures in 2017 USD (millions);1497.54;3411.45;652.06
SRB;53;Serbia;2009;PHC expenditures per capita in 2017 USD;166;378;72
SRB;53;Serbia;2010;PHC ambulatory expenditures in 2017 USD (millions);503.95;1008.46;96.4
SRB;53;Serbia;2010;PHC ambulatory expenditures per capita in 2017 USD;56;112;11
SRB;53;Serbia;2010;PHC expenditures in 2017 USD (millions);1498.65;3411.93;651.57
SRB;53;Serbia;2010;PHC expenditures per capita in 2017 USD;166;379;72
SRB;53;Serbia;2011;PHC ambulatory expenditures in 2017 USD (millions);506.64;1013.31;96.96
SRB;53;Serbia;2011;PHC ambulatory expenditures per capita in 2017 USD;56;113;11
SRB;53;Serbia;2011;PHC expenditures in 2017 USD (millions);1506.55;3428.29;655.44
SRB;53;Serbia;2011;PHC expenditures per capita in 2017 USD;168;381;73
SRB;53;Serbia;2012;PHC ambulatory expenditures in 2017 USD (millions);520.7;1039.95;99.64
SRB;53;Serbia;2012;PHC ambulatory expenditures per capita in 2017 USD;58;116;11
SRB;53;Serbia;2012;PHC expenditures in 2017 USD (millions);1547.99;3518.71;674.3
SRB;53;Serbia;2012;PHC expenditures per capita in 2017 USD;172;391;75
SRB;53;Serbia;2013;PHC ambulatory expenditures in 2017 USD (millions);509.36;1016.64;97.45
SRB;53;Serbia;2013;PHC ambulatory expenditures per capita in 2017 USD;57;113;11
SRB;53;Serbia;2013;PHC expenditures in 2017 USD (millions);1515.39;3441.07;660.95
SRB;53;Serbia;2013;PHC expenditures per capita in 2017 USD;168;382;73
SRB;53;Serbia;2014;PHC ambulatory expenditures in 2017 USD (millions);509.9;1016.99;97.54
SRB;53;Serbia;2014;PHC ambulatory expenditures per capita in 2017 USD;57;114;11
SRB;53;Serbia;2014;PHC expenditures in 2017 USD (millions);1516.74;3442.01;662.5
SRB;53;Serbia;2014;PHC expenditures per capita in 2017 USD;169;384;74
SRB;53;Serbia;2015;PHC ambulatory expenditures in 2017 USD (millions);497.77;992.62;95.19
SRB;53;Serbia;2015;PHC ambulatory expenditures per capita in 2017 USD;56;111;11
SRB;53;Serbia;2015;PHC expenditures in 2017 USD (millions);1481.03;3359.82;647.38
SRB;53;Serbia;2015;PHC expenditures per capita in 2017 USD;166;376;72
SRB;53;Serbia;2016;PHC ambulatory expenditures in 2017 USD (millions);506.43;1009.06;96.88
SRB;53;Serbia;2016;PHC ambulatory expenditures per capita in 2017 USD;57;113;11
SRB;53;Serbia;2016;PHC expenditures in 2017 USD (millions);1506.51;3415.33;658.56
SRB;53;Serbia;2016;PHC expenditures per capita in 2017 USD;169;383;74
SRB;53;Serbia;2017;PHC ambulatory expenditures in 2017 USD (millions);508.87;1013.2;97.34
SRB;53;Serbia;2017;PHC ambulatory expenditures per capita in 2017 USD;57;114;11
SRB;53;Serbia;2017;PHC expenditures in 2017 USD (millions);1513.51;3428.38;661.47
SRB;53;Serbia;2017;PHC expenditures per capita in 2017 USD;171;386;75
SSD;435;South Sudan;2000;PHC ambulatory expenditures in 2017 USD (millions);26.17;35.9;13.51
SSD;435;South Sudan;2000;PHC ambulatory expenditures per capita in 2017 USD;4;5;2
SSD;435;South Sudan;2000;PHC expenditures in 2017 USD (millions);74.47;100.14;45.3
SSD;435;South Sudan;2000;PHC expenditures per capita in 2017 USD;10;14;6
SSD;435;South Sudan;2001;PHC ambulatory expenditures in 2017 USD (millions);26.42;36.27;13.57
SSD;435;South Sudan;2001;PHC ambulatory expenditures per capita in 2017 USD;4;5;2
SSD;435;South Sudan;2001;PHC expenditures in 2017 USD (millions);75.39;101.13;46.2
SSD;435;South Sudan;2001;PHC expenditures per capita in 2017 USD;10;14;6
SSD;435;South Sudan;2002;PHC ambulatory expenditures in 2017 USD (millions);27.39;37.62;14
SSD;435;South Sudan;2002;PHC ambulatory expenditures per capita in 2017 USD;4;5;2
SSD;435;South Sudan;2002;PHC expenditures in 2017 USD (millions);78.3;104.78;48.05
SSD;435;South Sudan;2002;PHC expenditures per capita in 2017 USD;10;14;6
SSD;435;South Sudan;2003;PHC ambulatory expenditures in 2017 USD (millions);27.45;37.71;13.99
SSD;435;South Sudan;2003;PHC ambulatory expenditures per capita in 2017 USD;3;5;2
SSD;435;South Sudan;2003;PHC expenditures in 2017 USD (millions);78.69;104.89;48.38
SSD;435;South Sudan;2003;PHC expenditures per capita in 2017 USD;10;13;6
SSD;435;South Sudan;2004;PHC ambulatory expenditures in 2017 USD (millions);29.53;40.58;15.05
SSD;435;South Sudan;2004;PHC ambulatory expenditures per capita in 2017 USD;4;5;2
SSD;435;South Sudan;2004;PHC expenditures in 2017 USD (millions);84.69;112.92;52.07
SSD;435;South Sudan;2004;PHC expenditures per capita in 2017 USD;11;14;6
SSD;435;South Sudan;2005;PHC ambulatory expenditures in 2017 USD (millions);32.68;44.9;16.66
SSD;435;South Sudan;2005;PHC ambulatory expenditures per capita in 2017 USD;4;5;2
SSD;435;South Sudan;2005;PHC expenditures in 2017 USD (millions);93.65;125.07;57.62
SSD;435;South Sudan;2005;PHC expenditures per capita in 2017 USD;11;15;7
SSD;435;South Sudan;2006;PHC ambulatory expenditures in 2017 USD (millions);34.4;47.23;17.58
SSD;435;South Sudan;2006;PHC ambulatory expenditures per capita in 2017 USD;4;6;2
SSD;435;South Sudan;2006;PHC expenditures in 2017 USD (millions);98.55;131.85;60.68
SSD;435;South Sudan;2006;PHC expenditures per capita in 2017 USD;12;16;7
SSD;435;South Sudan;2007;PHC ambulatory expenditures in 2017 USD (millions);35.2;48.31;18.05
SSD;435;South Sudan;2007;PHC ambulatory expenditures per capita in 2017 USD;4;6;2
SSD;435;South Sudan;2007;PHC expenditures in 2017 USD (millions);100.89;135.27;62.16
SSD;435;South Sudan;2007;PHC expenditures per capita in 2017 USD;12;15;7
SSD;435;South Sudan;2008;PHC ambulatory expenditures in 2017 USD (millions);39.21;53.75;20.24
SSD;435;South Sudan;2008;PHC ambulatory expenditures per capita in 2017 USD;4;6;2
SSD;435;South Sudan;2008;PHC expenditures in 2017 USD (millions);112.15;150.68;68.64
SSD;435;South Sudan;2008;PHC expenditures per capita in 2017 USD;12;17;8
SSD;435;South Sudan;2009;PHC ambulatory expenditures in 2017 USD (millions);44.36;60.88;23.17
SSD;435;South Sudan;2009;PHC ambulatory expenditures per capita in 2017 USD;5;7;3
SSD;435;South Sudan;2009;PHC expenditures in 2017 USD (millions);126.62;170.57;76.89
SSD;435;South Sudan;2009;PHC expenditures per capita in 2017 USD;14;18;8
SSD;435;South Sudan;2010;PHC ambulatory expenditures in 2017 USD (millions);46.81;64.21;24.39
SSD;435;South Sudan;2010;PHC ambulatory expenditures per capita in 2017 USD;5;7;3
SSD;435;South Sudan;2010;PHC expenditures in 2017 USD (millions);133.61;180.16;81.1
SSD;435;South Sudan;2010;PHC expenditures per capita in 2017 USD;14;19;9
SSD;435;South Sudan;2011;PHC ambulatory expenditures in 2017 USD (millions);38.44;52.78;20.06
SSD;435;South Sudan;2011;PHC ambulatory expenditures per capita in 2017 USD;4;5;2
SSD;435;South Sudan;2011;PHC expenditures in 2017 USD (millions);110.47;148.75;67.59
SSD;435;South Sudan;2011;PHC expenditures per capita in 2017 USD;11;15;7
SSD;435;South Sudan;2012;PHC ambulatory expenditures in 2017 USD (millions);49.61;67.77;26.1
SSD;435;South Sudan;2012;PHC ambulatory expenditures per capita in 2017 USD;5;7;3
SSD;435;South Sudan;2012;PHC expenditures in 2017 USD (millions);141.56;191.87;85.7
SSD;435;South Sudan;2012;PHC expenditures per capita in 2017 USD;14;19;8
SSD;435;South Sudan;2013;PHC ambulatory expenditures in 2017 USD (millions);51.64;70.51;27.26
SSD;435;South Sudan;2013;PHC ambulatory expenditures per capita in 2017 USD;5;7;3
SSD;435;South Sudan;2013;PHC expenditures in 2017 USD (millions);147.25;200.03;89.31
SSD;435;South Sudan;2013;PHC expenditures per capita in 2017 USD;14;20;9
SSD;435;South Sudan;2014;PHC ambulatory expenditures in 2017 USD (millions);49.38;67.47;26.01
SSD;435;South Sudan;2014;PHC ambulatory expenditures per capita in 2017 USD;5;7;3
SSD;435;South Sudan;2014;PHC expenditures in 2017 USD (millions);141.23;191.6;86
SSD;435;South Sudan;2014;PHC expenditures per capita in 2017 USD;14;19;9
SSD;435;South Sudan;2015;PHC ambulatory expenditures in 2017 USD (millions);54.83;74.88;28.96
SSD;435;South Sudan;2015;PHC ambulatory expenditures per capita in 2017 USD;6;8;3
SSD;435;South Sudan;2015;PHC expenditures in 2017 USD (millions);156.29;211.91;94.72
SSD;435;South Sudan;2015;PHC expenditures per capita in 2017 USD;16;22;10
SSD;435;South Sudan;2016;PHC ambulatory expenditures in 2017 USD (millions);40.21;55.01;21.12
SSD;435;South Sudan;2016;PHC ambulatory expenditures per capita in 2017 USD;4;6;2
SSD;435;South Sudan;2016;PHC expenditures in 2017 USD (millions);116.25;156.89;71.58
SSD;435;South Sudan;2016;PHC expenditures per capita in 2017 USD;12;16;7
SSD;435;South Sudan;2017;PHC ambulatory expenditures in 2017 USD (millions);50.83;69.42;26.88
SSD;435;South Sudan;2017;PHC ambulatory expenditures per capita in 2017 USD;5;7;3
SSD;435;South Sudan;2017;PHC expenditures in 2017 USD (millions);145.72;197.59;88.52
SSD;435;South Sudan;2017;PHC expenditures per capita in 2017 USD;15;20;9
STP;215;São Tomé and PrÍncipe;2000;PHC ambulatory expenditures in 2017 USD (millions);2.69;3.66;1.61
STP;215;São Tomé and PrÍncipe;2000;PHC ambulatory expenditures per capita in 2017 USD;19;26;11
STP;215;São Tomé and PrÍncipe;2000;PHC expenditures in 2017 USD (millions);5.82;7.22;4.35
STP;215;São Tomé and PrÍncipe;2000;PHC expenditures per capita in 2017 USD;41;51;30
STP;215;São Tomé and PrÍncipe;2001;PHC ambulatory expenditures in 2017 USD (millions);4.2;5.73;2.47
STP;215;São Tomé and PrÍncipe;2001;PHC ambulatory expenditures per capita in 2017 USD;29;39;17
STP;215;São Tomé and PrÍncipe;2001;PHC expenditures in 2017 USD (millions);9.12;11.28;6.83
STP;215;São Tomé and PrÍncipe;2001;PHC expenditures per capita in 2017 USD;63;78;47
STP;215;São Tomé and PrÍncipe;2002;PHC ambulatory expenditures in 2017 USD (millions);3.55;4.85;2.08
STP;215;São Tomé and PrÍncipe;2002;PHC ambulatory expenditures per capita in 2017 USD;24;33;14
STP;215;São Tomé and PrÍncipe;2002;PHC expenditures in 2017 USD (millions);7.71;9.54;5.78
STP;215;São Tomé and PrÍncipe;2002;PHC expenditures per capita in 2017 USD;52;64;39
STP;215;São Tomé and PrÍncipe;2003;PHC ambulatory expenditures in 2017 USD (millions);3.66;4.99;2.13
STP;215;São Tomé and PrÍncipe;2003;PHC ambulatory expenditures per capita in 2017 USD;24;33;14
STP;215;São Tomé and PrÍncipe;2003;PHC expenditures in 2017 USD (millions);7.95;9.83;5.96
STP;215;São Tomé and PrÍncipe;2003;PHC expenditures per capita in 2017 USD;53;65;39
STP;215;São Tomé and PrÍncipe;2004;PHC ambulatory expenditures in 2017 USD (millions);3.88;5.29;2.26
STP;215;São Tomé and PrÍncipe;2004;PHC ambulatory expenditures per capita in 2017 USD;25;34;15
STP;215;São Tomé and PrÍncipe;2004;PHC expenditures in 2017 USD (millions);8.41;10.41;6.3
STP;215;São Tomé and PrÍncipe;2004;PHC expenditures per capita in 2017 USD;55;68;41
STP;215;São Tomé and PrÍncipe;2005;PHC ambulatory expenditures in 2017 USD (millions);3.23;4.4;1.9
STP;215;São Tomé and PrÍncipe;2005;PHC ambulatory expenditures per capita in 2017 USD;21;28;12
STP;215;São Tomé and PrÍncipe;2005;PHC expenditures in 2017 USD (millions);6.99;8.67;5.24
STP;215;São Tomé and PrÍncipe;2005;PHC expenditures per capita in 2017 USD;44;55;33
STP;215;São Tomé and PrÍncipe;2006;PHC ambulatory expenditures in 2017 USD (millions);2.53;3.44;1.53
STP;215;São Tomé and PrÍncipe;2006;PHC ambulatory expenditures per capita in 2017 USD;16;21;10
STP;215;São Tomé and PrÍncipe;2006;PHC expenditures in 2017 USD (millions);5.46;6.78;4.09
STP;215;São Tomé and PrÍncipe;2006;PHC expenditures per capita in 2017 USD;34;42;25
STP;215;São Tomé and PrÍncipe;2007;PHC ambulatory expenditures in 2017 USD (millions);2.42;3.3;1.44
STP;215;São Tomé and PrÍncipe;2007;PHC ambulatory expenditures per capita in 2017 USD;15;20;9
STP;215;São Tomé and PrÍncipe;2007;PHC expenditures in 2017 USD (millions);5.25;6.52;3.93
STP;215;São Tomé and PrÍncipe;2007;PHC expenditures per capita in 2017 USD;32;40;24
STP;215;São Tomé and PrÍncipe;2008;PHC ambulatory expenditures in 2017 USD (millions);2.63;3.58;1.6
STP;215;São Tomé and PrÍncipe;2008;PHC ambulatory expenditures per capita in 2017 USD;16;21;10
STP;215;São Tomé and PrÍncipe;2008;PHC expenditures in 2017 USD (millions);5.68;7.07;4.26
STP;215;São Tomé and PrÍncipe;2008;PHC expenditures per capita in 2017 USD;34;42;25
STP;215;São Tomé and PrÍncipe;2009;PHC ambulatory expenditures in 2017 USD (millions);2.64;3.6;1.55
STP;215;São Tomé and PrÍncipe;2009;PHC ambulatory expenditures per capita in 2017 USD;15;21;9
STP;215;São Tomé and PrÍncipe;2009;PHC expenditures in 2017 USD (millions);5.72;7.1;4.29
STP;215;São Tomé and PrÍncipe;2009;PHC expenditures per capita in 2017 USD;33;41;25
STP;215;São Tomé and PrÍncipe;2010;PHC ambulatory expenditures in 2017 USD (millions);2.75;3.75;1.61
STP;215;São Tomé and PrÍncipe;2010;PHC ambulatory expenditures per capita in 2017 USD;16;21;9
STP;215;São Tomé and PrÍncipe;2010;PHC expenditures in 2017 USD (millions);5.97;7.4;4.47
STP;215;São Tomé and PrÍncipe;2010;PHC expenditures per capita in 2017 USD;34;42;26
STP;215;São Tomé and PrÍncipe;2011;PHC ambulatory expenditures in 2017 USD (millions);3.58;4.87;2.12
STP;215;São Tomé and PrÍncipe;2011;PHC ambulatory expenditures per capita in 2017 USD;20;27;12
STP;215;São Tomé and PrÍncipe;2011;PHC expenditures in 2017 USD (millions);7.73;9.61;5.79
STP;215;São Tomé and PrÍncipe;2011;PHC expenditures per capita in 2017 USD;43;54;32
STP;215;São Tomé and PrÍncipe;2012;PHC ambulatory expenditures in 2017 USD (millions);2.94;4;1.71
STP;215;São Tomé and PrÍncipe;2012;PHC ambulatory expenditures per capita in 2017 USD;16;22;9
STP;215;São Tomé and PrÍncipe;2012;PHC expenditures in 2017 USD (millions);6.38;7.91;4.78
STP;215;São Tomé and PrÍncipe;2012;PHC expenditures per capita in 2017 USD;35;43;26
STP;215;São Tomé and PrÍncipe;2013;PHC ambulatory expenditures in 2017 USD (millions);3.51;4.78;2.1
STP;215;São Tomé and PrÍncipe;2013;PHC ambulatory expenditures per capita in 2017 USD;19;26;11
STP;215;São Tomé and PrÍncipe;2013;PHC expenditures in 2017 USD (millions);7.58;9.43;5.68
STP;215;São Tomé and PrÍncipe;2013;PHC expenditures per capita in 2017 USD;41;51;31
STP;215;São Tomé and PrÍncipe;2014;PHC ambulatory expenditures in 2017 USD (millions);3.35;4.55;2
STP;215;São Tomé and PrÍncipe;2014;PHC ambulatory expenditures per capita in 2017 USD;18;24;11
STP;215;São Tomé and PrÍncipe;2014;PHC expenditures in 2017 USD (millions);7.22;8.99;5.41
STP;215;São Tomé and PrÍncipe;2014;PHC expenditures per capita in 2017 USD;38;47;29
STP;215;São Tomé and PrÍncipe;2015;PHC ambulatory expenditures in 2017 USD (millions);3.09;4.21;1.81
STP;215;São Tomé and PrÍncipe;2015;PHC ambulatory expenditures per capita in 2017 USD;16;22;9
STP;215;São Tomé and PrÍncipe;2015;PHC expenditures in 2017 USD (millions);6.7;8.32;5.01
STP;215;São Tomé and PrÍncipe;2015;PHC expenditures per capita in 2017 USD;35;43;26
STP;215;São Tomé and PrÍncipe;2016;PHC ambulatory expenditures in 2017 USD (millions);3.41;4.64;1.99
STP;215;São Tomé and PrÍncipe;2016;PHC ambulatory expenditures per capita in 2017 USD;17;24;10
STP;215;São Tomé and PrÍncipe;2016;PHC expenditures in 2017 USD (millions);7.39;9.18;5.53
STP;215;São Tomé and PrÍncipe;2016;PHC expenditures per capita in 2017 USD;38;47;28
STP;215;São Tomé and PrÍncipe;2017;PHC ambulatory expenditures in 2017 USD (millions);3.58;4.87;2.08
STP;215;São Tomé and PrÍncipe;2017;PHC ambulatory expenditures per capita in 2017 USD;18;24;10
STP;215;São Tomé and PrÍncipe;2017;PHC expenditures in 2017 USD (millions);7.76;9.63;5.81
STP;215;São Tomé and PrÍncipe;2017;PHC expenditures per capita in 2017 USD;39;48;29
SUR;118;Suriname;2000;PHC ambulatory expenditures in 2017 USD (millions);13.31;26.19;4.32
SUR;118;Suriname;2000;PHC ambulatory expenditures per capita in 2017 USD;30;58;10
SUR;118;Suriname;2000;PHC expenditures in 2017 USD (millions);35.37;51.16;21.49
SUR;118;Suriname;2000;PHC expenditures per capita in 2017 USD;79;114;48
SUR;118;Suriname;2001;PHC ambulatory expenditures in 2017 USD (millions);13.36;26.37;4.31
SUR;118;Suriname;2001;PHC ambulatory expenditures per capita in 2017 USD;29;57;9
SUR;118;Suriname;2001;PHC expenditures in 2017 USD (millions);35.51;51.43;21.43
SUR;118;Suriname;2001;PHC expenditures per capita in 2017 USD;77;111;46
SUR;118;Suriname;2002;PHC ambulatory expenditures in 2017 USD (millions);14.88;29.42;4.79
SUR;118;Suriname;2002;PHC ambulatory expenditures per capita in 2017 USD;31;62;10
SUR;118;Suriname;2002;PHC expenditures in 2017 USD (millions);39.43;57.25;23.65
SUR;118;Suriname;2002;PHC expenditures per capita in 2017 USD;83;121;50
SUR;118;Suriname;2003;PHC ambulatory expenditures in 2017 USD (millions);15.22;30.15;4.9
SUR;118;Suriname;2003;PHC ambulatory expenditures per capita in 2017 USD;31;62;10
SUR;118;Suriname;2003;PHC expenditures in 2017 USD (millions);40.32;58.64;24.05
SUR;118;Suriname;2003;PHC expenditures per capita in 2017 USD;83;121;50
SUR;118;Suriname;2004;PHC ambulatory expenditures in 2017 USD (millions);17.49;34.64;5.66
SUR;118;Suriname;2004;PHC ambulatory expenditures per capita in 2017 USD;35;70;11
SUR;118;Suriname;2004;PHC expenditures in 2017 USD (millions);46.22;67.31;27.48
SUR;118;Suriname;2004;PHC expenditures per capita in 2017 USD;93;136;55
SUR;118;Suriname;2005;PHC ambulatory expenditures in 2017 USD (millions);18.64;36.89;6.07
SUR;118;Suriname;2005;PHC ambulatory expenditures per capita in 2017 USD;37;73;12
SUR;118;Suriname;2005;PHC expenditures in 2017 USD (millions);49.25;71.73;29.31
SUR;118;Suriname;2005;PHC expenditures per capita in 2017 USD;97;142;58
SUR;118;Suriname;2006;PHC ambulatory expenditures in 2017 USD (millions);19.14;37.78;6.28
SUR;118;Suriname;2006;PHC ambulatory expenditures per capita in 2017 USD;37;74;12
SUR;118;Suriname;2006;PHC expenditures in 2017 USD (millions);50.57;73.57;30.24
SUR;118;Suriname;2006;PHC expenditures per capita in 2017 USD;98;143;59
SUR;118;Suriname;2007;PHC ambulatory expenditures in 2017 USD (millions);20.06;39.63;6.58
SUR;118;Suriname;2007;PHC ambulatory expenditures per capita in 2017 USD;39;76;13
SUR;118;Suriname;2007;PHC expenditures in 2017 USD (millions);52.98;77.16;31.65
SUR;118;Suriname;2007;PHC expenditures per capita in 2017 USD;102;148;61
SUR;118;Suriname;2008;PHC ambulatory expenditures in 2017 USD (millions);19.24;38.03;6.3
SUR;118;Suriname;2008;PHC ambulatory expenditures per capita in 2017 USD;37;72;12
SUR;118;Suriname;2008;PHC expenditures in 2017 USD (millions);50.9;74.17;30.42
SUR;118;Suriname;2008;PHC expenditures per capita in 2017 USD;97;141;58
SUR;118;Suriname;2009;PHC ambulatory expenditures in 2017 USD (millions);22.39;44.27;7.32
SUR;118;Suriname;2009;PHC ambulatory expenditures per capita in 2017 USD;42;83;14
SUR;118;Suriname;2009;PHC expenditures in 2017 USD (millions);59.07;86.25;35.18
SUR;118;Suriname;2009;PHC expenditures per capita in 2017 USD;111;162;66
SUR;118;Suriname;2010;PHC ambulatory expenditures in 2017 USD (millions);20.41;40.34;6.66
SUR;118;Suriname;2010;PHC ambulatory expenditures per capita in 2017 USD;38;75;12
SUR;118;Suriname;2010;PHC expenditures in 2017 USD (millions);54.03;78.85;32.2
SUR;118;Suriname;2010;PHC expenditures per capita in 2017 USD;101;147;60
SUR;118;Suriname;2011;PHC ambulatory expenditures in 2017 USD (millions);21;41.5;6.87
SUR;118;Suriname;2011;PHC ambulatory expenditures per capita in 2017 USD;38;76;13
SUR;118;Suriname;2011;PHC expenditures in 2017 USD (millions);55.66;81.19;33.22
SUR;118;Suriname;2011;PHC expenditures per capita in 2017 USD;102;149;61
SUR;118;Suriname;2012;PHC ambulatory expenditures in 2017 USD (millions);21.74;42.73;7.19
SUR;118;Suriname;2012;PHC ambulatory expenditures per capita in 2017 USD;39;77;13
SUR;118;Suriname;2012;PHC expenditures in 2017 USD (millions);57.63;83.84;34.66
SUR;118;Suriname;2012;PHC expenditures per capita in 2017 USD;104;152;63
SUR;118;Suriname;2013;PHC ambulatory expenditures in 2017 USD (millions);22.99;45.03;7.63
SUR;118;Suriname;2013;PHC ambulatory expenditures per capita in 2017 USD;41;81;14
SUR;118;Suriname;2013;PHC expenditures in 2017 USD (millions);60.95;88.49;36.87
SUR;118;Suriname;2013;PHC expenditures per capita in 2017 USD;109;159;66
SUR;118;Suriname;2014;PHC ambulatory expenditures in 2017 USD (millions);23.86;46.44;7.94
SUR;118;Suriname;2014;PHC ambulatory expenditures per capita in 2017 USD;42;83;14
SUR;118;Suriname;2014;PHC expenditures in 2017 USD (millions);63.25;91.55;38.64
SUR;118;Suriname;2014;PHC expenditures per capita in 2017 USD;113;163;69
SUR;118;Suriname;2015;PHC ambulatory expenditures in 2017 USD (millions);26.09;50.3;8.71
SUR;118;Suriname;2015;PHC ambulatory expenditures per capita in 2017 USD;46;89;15
SUR;118;Suriname;2015;PHC expenditures in 2017 USD (millions);69.06;99.63;42.78
SUR;118;Suriname;2015;PHC expenditures per capita in 2017 USD;122;176;76
SUR;118;Suriname;2016;PHC ambulatory expenditures in 2017 USD (millions);23.91;45.67;8.03
SUR;118;Suriname;2016;PHC ambulatory expenditures per capita in 2017 USD;42;80;14
SUR;118;Suriname;2016;PHC expenditures in 2017 USD (millions);63.44;90.94;39.81
SUR;118;Suriname;2016;PHC expenditures per capita in 2017 USD;111;160;70
SUR;118;Suriname;2017;PHC ambulatory expenditures in 2017 USD (millions);27.32;51.98;9.24
SUR;118;Suriname;2017;PHC ambulatory expenditures per capita in 2017 USD;48;91;16
SUR;118;Suriname;2017;PHC expenditures in 2017 USD (millions);72.24;103.44;45.4
SUR;118;Suriname;2017;PHC expenditures per capita in 2017 USD;126;181;79
SWZ;197;eSwatini;2000;PHC ambulatory expenditures in 2017 USD (millions);20.32;30.52;9.65
SWZ;197;eSwatini;2000;PHC ambulatory expenditures per capita in 2017 USD;20;30;10
SWZ;197;eSwatini;2000;PHC expenditures in 2017 USD (millions);50.91;80.74;26.39
SWZ;197;eSwatini;2000;PHC expenditures per capita in 2017 USD;50;80;26
SWZ;197;eSwatini;2001;PHC ambulatory expenditures in 2017 USD (millions);20.69;30.98;9.82
SWZ;197;eSwatini;2001;PHC ambulatory expenditures per capita in 2017 USD;20;30;10
SWZ;197;eSwatini;2001;PHC expenditures in 2017 USD (millions);52.01;82.22;26.84
SWZ;197;eSwatini;2001;PHC expenditures per capita in 2017 USD;51;80;26
SWZ;197;eSwatini;2002;PHC ambulatory expenditures in 2017 USD (millions);21.72;32.52;10.3
SWZ;197;eSwatini;2002;PHC ambulatory expenditures per capita in 2017 USD;21;32;10
SWZ;197;eSwatini;2002;PHC expenditures in 2017 USD (millions);54.6;86.22;28.14
SWZ;197;eSwatini;2002;PHC expenditures per capita in 2017 USD;53;84;27
SWZ;197;eSwatini;2003;PHC ambulatory expenditures in 2017 USD (millions);24.5;36.69;11.61
SWZ;197;eSwatini;2003;PHC ambulatory expenditures per capita in 2017 USD;24;35;11
SWZ;197;eSwatini;2003;PHC expenditures in 2017 USD (millions);61.26;96.93;31.43
SWZ;197;eSwatini;2003;PHC expenditures per capita in 2017 USD;59;93;30
SWZ;197;eSwatini;2004;PHC ambulatory expenditures in 2017 USD (millions);27.84;41.74;13.19
SWZ;197;eSwatini;2004;PHC ambulatory expenditures per capita in 2017 USD;27;40;13
SWZ;197;eSwatini;2004;PHC expenditures in 2017 USD (millions);69.33;109.59;35.44
SWZ;197;eSwatini;2004;PHC expenditures per capita in 2017 USD;66;105;34
SWZ;197;eSwatini;2005;PHC ambulatory expenditures in 2017 USD (millions);33.23;49.82;15.74
SWZ;197;eSwatini;2005;PHC ambulatory expenditures per capita in 2017 USD;32;47;15
SWZ;197;eSwatini;2005;PHC expenditures in 2017 USD (millions);82.24;130.21;41.7
SWZ;197;eSwatini;2005;PHC expenditures per capita in 2017 USD;78;124;40
SWZ;197;eSwatini;2006;PHC ambulatory expenditures in 2017 USD (millions);32.7;49.16;15.47
SWZ;197;eSwatini;2006;PHC ambulatory expenditures per capita in 2017 USD;31;47;15
SWZ;197;eSwatini;2006;PHC expenditures in 2017 USD (millions);81.33;128.25;41.49
SWZ;197;eSwatini;2006;PHC expenditures per capita in 2017 USD;77;122;39
SWZ;197;eSwatini;2007;PHC ambulatory expenditures in 2017 USD (millions);37.64;56.72;17.78
SWZ;197;eSwatini;2007;PHC ambulatory expenditures per capita in 2017 USD;36;54;17
SWZ;197;eSwatini;2007;PHC expenditures in 2017 USD (millions);93.45;147.79;47.69
SWZ;197;eSwatini;2007;PHC expenditures per capita in 2017 USD;88;140;45
SWZ;197;eSwatini;2008;PHC ambulatory expenditures in 2017 USD (millions);40.13;60.55;18.9
SWZ;197;eSwatini;2008;PHC ambulatory expenditures per capita in 2017 USD;38;57;18
SWZ;197;eSwatini;2008;PHC expenditures in 2017 USD (millions);99.9;158.23;51.19
SWZ;197;eSwatini;2008;PHC expenditures per capita in 2017 USD;94;149;48
SWZ;197;eSwatini;2009;PHC ambulatory expenditures in 2017 USD (millions);43.64;65.84;20.56
SWZ;197;eSwatini;2009;PHC ambulatory expenditures per capita in 2017 USD;41;62;19
SWZ;197;eSwatini;2009;PHC expenditures in 2017 USD (millions);108.71;172.53;55.44
SWZ;197;eSwatini;2009;PHC expenditures per capita in 2017 USD;102;162;52
SWZ;197;eSwatini;2010;PHC ambulatory expenditures in 2017 USD (millions);47.22;71.15;22.29
SWZ;197;eSwatini;2010;PHC ambulatory expenditures per capita in 2017 USD;44;67;21
SWZ;197;eSwatini;2010;PHC expenditures in 2017 USD (millions);117.61;186.76;59.74
SWZ;197;eSwatini;2010;PHC expenditures per capita in 2017 USD;110;175;56
SWZ;197;eSwatini;2011;PHC ambulatory expenditures in 2017 USD (millions);42.37;63.9;19.8
SWZ;197;eSwatini;2011;PHC ambulatory expenditures per capita in 2017 USD;39;60;18
SWZ;197;eSwatini;2011;PHC expenditures in 2017 USD (millions);106.42;168.13;54.29
SWZ;197;eSwatini;2011;PHC expenditures per capita in 2017 USD;99;157;51
SWZ;197;eSwatini;2012;PHC ambulatory expenditures in 2017 USD (millions);40.45;61.1;18.91
SWZ;197;eSwatini;2012;PHC ambulatory expenditures per capita in 2017 USD;37;57;18
SWZ;197;eSwatini;2012;PHC expenditures in 2017 USD (millions);102.32;160.56;52.26
SWZ;197;eSwatini;2012;PHC expenditures per capita in 2017 USD;95;149;48
SWZ;197;eSwatini;2013;PHC ambulatory expenditures in 2017 USD (millions);42.43;64.04;19.9
SWZ;197;eSwatini;2013;PHC ambulatory expenditures per capita in 2017 USD;39;59;18
SWZ;197;eSwatini;2013;PHC expenditures in 2017 USD (millions);107.39;167.94;54.82
SWZ;197;eSwatini;2013;PHC expenditures per capita in 2017 USD;99;155;50
SWZ;197;eSwatini;2014;PHC ambulatory expenditures in 2017 USD (millions);39.35;59.37;18.59
SWZ;197;eSwatini;2014;PHC ambulatory expenditures per capita in 2017 USD;36;54;17
SWZ;197;eSwatini;2014;PHC expenditures in 2017 USD (millions);100.29;155.93;51.53
SWZ;197;eSwatini;2014;PHC expenditures per capita in 2017 USD;92;143;47
SWZ;197;eSwatini;2015;PHC ambulatory expenditures in 2017 USD (millions);39.69;59.87;18.71
SWZ;197;eSwatini;2015;PHC ambulatory expenditures per capita in 2017 USD;36;54;17
SWZ;197;eSwatini;2015;PHC expenditures in 2017 USD (millions);101.32;157.68;52.18
SWZ;197;eSwatini;2015;PHC expenditures per capita in 2017 USD;92;143;47
SWZ;197;eSwatini;2016;PHC ambulatory expenditures in 2017 USD (millions);47.81;72.12;22.55
SWZ;197;eSwatini;2016;PHC ambulatory expenditures per capita in 2017 USD;43;65;20
SWZ;197;eSwatini;2016;PHC expenditures in 2017 USD (millions);121.04;188.8;61.92
SWZ;197;eSwatini;2016;PHC expenditures per capita in 2017 USD;109;170;56
SWZ;197;eSwatini;2017;PHC ambulatory expenditures in 2017 USD (millions);48.86;73.69;22.94
SWZ;197;eSwatini;2017;PHC ambulatory expenditures per capita in 2017 USD;43;66;20
SWZ;197;eSwatini;2017;PHC expenditures in 2017 USD (millions);123.83;193.28;63.5
SWZ;197;eSwatini;2017;PHC expenditures per capita in 2017 USD;110;172;56
SYR;153;Syria;2000;PHC ambulatory expenditures in 2017 USD (millions);210.85;288.89;105.1
SYR;153;Syria;2000;PHC ambulatory expenditures per capita in 2017 USD;13;17;6
SYR;153;Syria;2000;PHC expenditures in 2017 USD (millions);478.73;583.31;359.35
SYR;153;Syria;2000;PHC expenditures per capita in 2017 USD;29;35;22
SYR;153;Syria;2001;PHC ambulatory expenditures in 2017 USD (millions);215.88;295.75;105.9
SYR;153;Syria;2001;PHC ambulatory expenditures per capita in 2017 USD;13;17;6
SYR;153;Syria;2001;PHC expenditures in 2017 USD (millions);492.22;598.62;370.1
SYR;153;Syria;2001;PHC expenditures per capita in 2017 USD;29;35;22
SYR;153;Syria;2002;PHC ambulatory expenditures in 2017 USD (millions);228.26;312.62;110.61
SYR;153;Syria;2002;PHC ambulatory expenditures per capita in 2017 USD;13;18;6
SYR;153;Syria;2002;PHC expenditures in 2017 USD (millions);522.19;634.09;392.97
SYR;153;Syria;2002;PHC expenditures per capita in 2017 USD;30;36;23
SYR;153;Syria;2003;PHC ambulatory expenditures in 2017 USD (millions);239.79;328.34;114.67
SYR;153;Syria;2003;PHC ambulatory expenditures per capita in 2017 USD;13;18;6
SYR;153;Syria;2003;PHC expenditures in 2017 USD (millions);550.28;668.54;414.39
SYR;153;Syria;2003;PHC expenditures per capita in 2017 USD;31;37;23
SYR;153;Syria;2004;PHC ambulatory expenditures in 2017 USD (millions);241.93;331.19;115.21
SYR;153;Syria;2004;PHC ambulatory expenditures per capita in 2017 USD;13;18;6
SYR;153;Syria;2004;PHC expenditures in 2017 USD (millions);556;675.53;418.75
SYR;153;Syria;2004;PHC expenditures per capita in 2017 USD;30;37;23
SYR;153;Syria;2005;PHC ambulatory expenditures in 2017 USD (millions);245.23;335.63;116.59
SYR;153;Syria;2005;PHC ambulatory expenditures per capita in 2017 USD;13;17;6
SYR;153;Syria;2005;PHC expenditures in 2017 USD (millions);564.28;685.15;425.36
SYR;153;Syria;2005;PHC expenditures per capita in 2017 USD;29;35;22
SYR;153;Syria;2006;PHC ambulatory expenditures in 2017 USD (millions);231.77;317.2;110.03
SYR;153;Syria;2006;PHC ambulatory expenditures per capita in 2017 USD;11;15;5
SYR;153;Syria;2006;PHC expenditures in 2017 USD (millions);535.01;649.82;404.32
SYR;153;Syria;2006;PHC expenditures per capita in 2017 USD;26;31;19
SYR;153;Syria;2007;PHC ambulatory expenditures in 2017 USD (millions);233.51;319.53;111.49
SYR;153;Syria;2007;PHC ambulatory expenditures per capita in 2017 USD;11;15;5
SYR;153;Syria;2007;PHC expenditures in 2017 USD (millions);538.7;654.67;407.61
SYR;153;Syria;2007;PHC expenditures per capita in 2017 USD;25;30;19
SYR;153;Syria;2008;PHC ambulatory expenditures in 2017 USD (millions);221.73;303.35;107.27
SYR;153;Syria;2008;PHC ambulatory expenditures per capita in 2017 USD;10;14;5
SYR;153;Syria;2008;PHC expenditures in 2017 USD (millions);510.73;620.57;386.63
SYR;153;Syria;2008;PHC expenditures per capita in 2017 USD;23;28;18
SYR;153;Syria;2009;PHC ambulatory expenditures in 2017 USD (millions);232.57;318.67;113.46
SYR;153;Syria;2009;PHC ambulatory expenditures per capita in 2017 USD;10;14;5
SYR;153;Syria;2009;PHC expenditures in 2017 USD (millions);534.44;649.83;404.6
SYR;153;Syria;2009;PHC expenditures per capita in 2017 USD;24;29;18
SYR;153;Syria;2010;PHC ambulatory expenditures in 2017 USD (millions);224.93;308.55;110.08
SYR;153;Syria;2010;PHC ambulatory expenditures per capita in 2017 USD;10;14;5
SYR;153;Syria;2010;PHC expenditures in 2017 USD (millions);516.98;628.8;391.32
SYR;153;Syria;2010;PHC expenditures per capita in 2017 USD;23;28;17
SYR;153;Syria;2011;PHC ambulatory expenditures in 2017 USD (millions);220.62;302.82;107.35
SYR;153;Syria;2011;PHC ambulatory expenditures per capita in 2017 USD;10;13;5
SYR;153;Syria;2011;PHC expenditures in 2017 USD (millions);507.4;616.54;383.91
SYR;153;Syria;2011;PHC expenditures per capita in 2017 USD;22;27;17
SYR;153;Syria;2012;PHC ambulatory expenditures in 2017 USD (millions);174.83;240.01;85.25
SYR;153;Syria;2012;PHC ambulatory expenditures per capita in 2017 USD;8;11;4
SYR;153;Syria;2012;PHC expenditures in 2017 USD (millions);403.1;489.84;304.52
SYR;153;Syria;2012;PHC expenditures per capita in 2017 USD;19;23;14
SYR;153;Syria;2013;PHC ambulatory expenditures in 2017 USD (millions);144.11;197.89;70.21
SYR;153;Syria;2013;PHC ambulatory expenditures per capita in 2017 USD;7;10;4
SYR;153;Syria;2013;PHC expenditures in 2017 USD (millions);332.79;404.73;250.71
SYR;153;Syria;2013;PHC expenditures per capita in 2017 USD;17;20;13
SYR;153;Syria;2014;PHC ambulatory expenditures in 2017 USD (millions);130.08;178.52;63.61
SYR;153;Syria;2014;PHC ambulatory expenditures per capita in 2017 USD;7;9;3
SYR;153;Syria;2014;PHC expenditures in 2017 USD (millions);299.96;365.05;225.31
SYR;153;Syria;2014;PHC expenditures per capita in 2017 USD;16;19;12
SYR;153;Syria;2015;PHC ambulatory expenditures in 2017 USD (millions);124.45;170.79;60.83
SYR;153;Syria;2015;PHC ambulatory expenditures per capita in 2017 USD;7;9;3
SYR;153;Syria;2015;PHC expenditures in 2017 USD (millions);286.53;348.68;214.95
SYR;153;Syria;2015;PHC expenditures per capita in 2017 USD;16;19;12
SYR;153;Syria;2016;PHC ambulatory expenditures in 2017 USD (millions);123.68;169.78;60.41
SYR;153;Syria;2016;PHC ambulatory expenditures per capita in 2017 USD;7;9;3
SYR;153;Syria;2016;PHC expenditures in 2017 USD (millions);284.59;346.33;213.49
SYR;153;Syria;2016;PHC expenditures per capita in 2017 USD;16;19;12
SYR;153;Syria;2017;PHC ambulatory expenditures in 2017 USD (millions);135.75;186.35;66.42
SYR;153;Syria;2017;PHC ambulatory expenditures per capita in 2017 USD;7;10;4
SYR;153;Syria;2017;PHC expenditures in 2017 USD (millions);311.69;379.14;233.86
SYR;153;Syria;2017;PHC expenditures per capita in 2017 USD;17;21;13
TCD;204;Chad;2000;PHC ambulatory expenditures in 2017 USD (millions);39.73;54.44;20.89
TCD;204;Chad;2000;PHC ambulatory expenditures per capita in 2017 USD;5;7;3
TCD;204;Chad;2000;PHC expenditures in 2017 USD (millions);88.5;108.69;65.88
TCD;204;Chad;2000;PHC expenditures per capita in 2017 USD;11;13;8
TCD;204;Chad;2001;PHC ambulatory expenditures in 2017 USD (millions);39.22;53.77;20.52
TCD;204;Chad;2001;PHC ambulatory expenditures per capita in 2017 USD;5;6;2
TCD;204;Chad;2001;PHC expenditures in 2017 USD (millions);87.47;107.36;65.13
TCD;204;Chad;2001;PHC expenditures per capita in 2017 USD;10;13;8
TCD;204;Chad;2002;PHC ambulatory expenditures in 2017 USD (millions);45.24;62.02;23.56
TCD;204;Chad;2002;PHC ambulatory expenditures per capita in 2017 USD;5;7;3
TCD;204;Chad;2002;PHC expenditures in 2017 USD (millions);100.95;123.9;75.21
TCD;204;Chad;2002;PHC expenditures per capita in 2017 USD;11;14;9
TCD;204;Chad;2003;PHC ambulatory expenditures in 2017 USD (millions);50.37;69.08;26.23
TCD;204;Chad;2003;PHC ambulatory expenditures per capita in 2017 USD;5;8;3
TCD;204;Chad;2003;PHC expenditures in 2017 USD (millions);112.42;137.99;83.79
TCD;204;Chad;2003;PHC expenditures per capita in 2017 USD;12;15;9
TCD;204;Chad;2004;PHC ambulatory expenditures in 2017 USD (millions);52.05;71.4;27.51
TCD;204;Chad;2004;PHC ambulatory expenditures per capita in 2017 USD;5;8;3
TCD;204;Chad;2004;PHC expenditures in 2017 USD (millions);115.92;142.51;86.52
TCD;204;Chad;2004;PHC expenditures per capita in 2017 USD;12;15;9
TCD;204;Chad;2005;PHC ambulatory expenditures in 2017 USD (millions);54.45;74.63;29.15
TCD;204;Chad;2005;PHC ambulatory expenditures per capita in 2017 USD;6;8;3
TCD;204;Chad;2005;PHC expenditures in 2017 USD (millions);121.05;148.91;90.57
TCD;204;Chad;2005;PHC expenditures per capita in 2017 USD;12;15;9
TCD;204;Chad;2006;PHC ambulatory expenditures in 2017 USD (millions);54.36;74.51;29.12
TCD;204;Chad;2006;PHC ambulatory expenditures per capita in 2017 USD;5;7;3
TCD;204;Chad;2006;PHC expenditures in 2017 USD (millions);120.89;148.74;90.46
TCD;204;Chad;2006;PHC expenditures per capita in 2017 USD;12;15;9
TCD;204;Chad;2007;PHC ambulatory expenditures in 2017 USD (millions);55.08;75.47;29.52
TCD;204;Chad;2007;PHC ambulatory expenditures per capita in 2017 USD;5;7;3
TCD;204;Chad;2007;PHC expenditures in 2017 USD (millions);122.47;150.66;91.58
TCD;204;Chad;2007;PHC expenditures per capita in 2017 USD;12;14;9
TCD;204;Chad;2008;PHC ambulatory expenditures in 2017 USD (millions);56.73;77.65;30.61
TCD;204;Chad;2008;PHC ambulatory expenditures per capita in 2017 USD;5;7;3
TCD;204;Chad;2008;PHC expenditures in 2017 USD (millions);125.97;155.37;93.97
TCD;204;Chad;2008;PHC expenditures per capita in 2017 USD;11;14;9
TCD;204;Chad;2009;PHC ambulatory expenditures in 2017 USD (millions);59.87;81.96;32.29
TCD;204;Chad;2009;PHC ambulatory expenditures per capita in 2017 USD;5;7;3
TCD;204;Chad;2009;PHC expenditures in 2017 USD (millions);133;164.02;99.1
TCD;204;Chad;2009;PHC expenditures per capita in 2017 USD;12;14;9
TCD;204;Chad;2010;PHC ambulatory expenditures in 2017 USD (millions);67.75;92.65;36.83
TCD;204;Chad;2010;PHC ambulatory expenditures per capita in 2017 USD;6;8;3
TCD;204;Chad;2010;PHC expenditures in 2017 USD (millions);150.21;185.21;112.09
TCD;204;Chad;2010;PHC expenditures per capita in 2017 USD;13;16;9
TCD;204;Chad;2011;PHC ambulatory expenditures in 2017 USD (millions);64.15;87.76;34.74
TCD;204;Chad;2011;PHC ambulatory expenditures per capita in 2017 USD;5;7;3
TCD;204;Chad;2011;PHC expenditures in 2017 USD (millions);142.53;175.74;106.57
TCD;204;Chad;2011;PHC expenditures per capita in 2017 USD;12;14;9
TCD;204;Chad;2012;PHC ambulatory expenditures in 2017 USD (millions);67.63;92.56;36.52
TCD;204;Chad;2012;PHC ambulatory expenditures per capita in 2017 USD;5;7;3
TCD;204;Chad;2012;PHC expenditures in 2017 USD (millions);150.42;185.13;112.4
TCD;204;Chad;2012;PHC expenditures per capita in 2017 USD;12;15;9
TCD;204;Chad;2013;PHC ambulatory expenditures in 2017 USD (millions);80.18;109.67;43.56
TCD;204;Chad;2013;PHC ambulatory expenditures per capita in 2017 USD;6;8;3
TCD;204;Chad;2013;PHC expenditures in 2017 USD (millions);178.01;219.34;133.16
TCD;204;Chad;2013;PHC expenditures per capita in 2017 USD;14;17;10
TCD;204;Chad;2014;PHC ambulatory expenditures in 2017 USD (millions);80.5;110.16;43.58
TCD;204;Chad;2014;PHC ambulatory expenditures per capita in 2017 USD;6;8;3
TCD;204;Chad;2014;PHC expenditures in 2017 USD (millions);179.06;220.34;133.85
TCD;204;Chad;2014;PHC expenditures per capita in 2017 USD;13;16;10
TCD;204;Chad;2015;PHC ambulatory expenditures in 2017 USD (millions);75.36;103.14;40.78
TCD;204;Chad;2015;PHC ambulatory expenditures per capita in 2017 USD;5;7;3
TCD;204;Chad;2015;PHC expenditures in 2017 USD (millions);168.01;206.98;125.66
TCD;204;Chad;2015;PHC expenditures per capita in 2017 USD;12;15;9
TCD;204;Chad;2016;PHC ambulatory expenditures in 2017 USD (millions);75.51;103.29;40.79
TCD;204;Chad;2016;PHC ambulatory expenditures per capita in 2017 USD;5;7;3
TCD;204;Chad;2016;PHC expenditures in 2017 USD (millions);168.38;207.18;126.06
TCD;204;Chad;2016;PHC expenditures per capita in 2017 USD;11;14;9
TCD;204;Chad;2017;PHC ambulatory expenditures in 2017 USD (millions);71.8;98.3;38.41
TCD;204;Chad;2017;PHC ambulatory expenditures per capita in 2017 USD;5;6;3
TCD;204;Chad;2017;PHC expenditures in 2017 USD (millions);160.62;197.23;120.19
TCD;204;Chad;2017;PHC expenditures per capita in 2017 USD;11;13;8
TGO;218;Togo;2000;PHC ambulatory expenditures in 2017 USD (millions);10.03;25.24;1.77
TGO;218;Togo;2000;PHC ambulatory expenditures per capita in 2017 USD;2;5;0
TGO;218;Togo;2000;PHC expenditures in 2017 USD (millions);48.54;67.56;31.18
TGO;218;Togo;2000;PHC expenditures per capita in 2017 USD;10;14;6
TGO;218;Togo;2001;PHC ambulatory expenditures in 2017 USD (millions);9.58;24.07;1.71
TGO;218;Togo;2001;PHC ambulatory expenditures per capita in 2017 USD;2;5;0
TGO;218;Togo;2001;PHC expenditures in 2017 USD (millions);46.42;64.58;29.79
TGO;218;Togo;2001;PHC expenditures per capita in 2017 USD;9;13;6
TGO;218;Togo;2002;PHC ambulatory expenditures in 2017 USD (millions);9.1;22.8;1.64
TGO;218;Togo;2002;PHC ambulatory expenditures per capita in 2017 USD;2;4;0
TGO;218;Togo;2002;PHC expenditures in 2017 USD (millions);44.12;61.3;28.25
TGO;218;Togo;2002;PHC expenditures per capita in 2017 USD;9;12;5
TGO;218;Togo;2003;PHC ambulatory expenditures in 2017 USD (millions);10.67;26.69;1.93
TGO;218;Togo;2003;PHC ambulatory expenditures per capita in 2017 USD;2;5;0
TGO;218;Togo;2003;PHC expenditures in 2017 USD (millions);51.65;71.73;32.84
TGO;218;Togo;2003;PHC expenditures per capita in 2017 USD;10;14;6
TGO;218;Togo;2004;PHC ambulatory expenditures in 2017 USD (millions);11.52;28.66;2.1
TGO;218;Togo;2004;PHC ambulatory expenditures per capita in 2017 USD;2;5;0
TGO;218;Togo;2004;PHC expenditures in 2017 USD (millions);55.7;77.39;35.46
TGO;218;Togo;2004;PHC expenditures per capita in 2017 USD;10;14;7
TGO;218;Togo;2005;PHC ambulatory expenditures in 2017 USD (millions);12.29;30.44;2.25
TGO;218;Togo;2005;PHC ambulatory expenditures per capita in 2017 USD;2;5;0
TGO;218;Togo;2005;PHC expenditures in 2017 USD (millions);59.37;82.51;37.83
TGO;218;Togo;2005;PHC expenditures per capita in 2017 USD;11;15;7
TGO;218;Togo;2006;PHC ambulatory expenditures in 2017 USD (millions);12.35;30.63;2.25
TGO;218;Togo;2006;PHC ambulatory expenditures per capita in 2017 USD;2;5;0
TGO;218;Togo;2006;PHC expenditures in 2017 USD (millions);59.68;82.88;38.06
TGO;218;Togo;2006;PHC expenditures per capita in 2017 USD;10;14;7
TGO;218;Togo;2007;PHC ambulatory expenditures in 2017 USD (millions);13.74;34.31;2.49
TGO;218;Togo;2007;PHC ambulatory expenditures per capita in 2017 USD;2;6;0
TGO;218;Togo;2007;PHC expenditures in 2017 USD (millions);66.37;92.22;42.28
TGO;218;Togo;2007;PHC expenditures per capita in 2017 USD;11;16;7
TGO;218;Togo;2008;PHC ambulatory expenditures in 2017 USD (millions);15.11;37.86;2.72
TGO;218;Togo;2008;PHC ambulatory expenditures per capita in 2017 USD;2;6;0
TGO;218;Togo;2008;PHC expenditures in 2017 USD (millions);72.95;101.49;46.54
TGO;218;Togo;2008;PHC expenditures per capita in 2017 USD;12;17;8
TGO;218;Togo;2009;PHC ambulatory expenditures in 2017 USD (millions);17.29;43.37;3.09
TGO;218;Togo;2009;PHC ambulatory expenditures per capita in 2017 USD;3;7;0
TGO;218;Togo;2009;PHC expenditures in 2017 USD (millions);83.35;116.02;53.03
TGO;218;Togo;2009;PHC expenditures per capita in 2017 USD;13;19;9
TGO;218;Togo;2010;PHC ambulatory expenditures in 2017 USD (millions);19.62;49.28;3.49
TGO;218;Togo;2010;PHC ambulatory expenditures per capita in 2017 USD;3;8;1
TGO;218;Togo;2010;PHC expenditures in 2017 USD (millions);94.46;131.56;59.95
TGO;218;Togo;2010;PHC expenditures per capita in 2017 USD;15;21;9
TGO;218;Togo;2011;PHC ambulatory expenditures in 2017 USD (millions);23.26;58.51;4.12
TGO;218;Togo;2011;PHC ambulatory expenditures per capita in 2017 USD;4;9;1
TGO;218;Togo;2011;PHC expenditures in 2017 USD (millions);111.83;155.96;70.83
TGO;218;Togo;2011;PHC expenditures per capita in 2017 USD;17;24;11
TGO;218;Togo;2012;PHC ambulatory expenditures in 2017 USD (millions);22.22;55.87;3.93
TGO;218;Togo;2012;PHC ambulatory expenditures per capita in 2017 USD;3;8;1
TGO;218;Togo;2012;PHC expenditures in 2017 USD (millions);106.81;149.12;67.62
TGO;218;Togo;2012;PHC expenditures per capita in 2017 USD;16;22;10
TGO;218;Togo;2013;PHC ambulatory expenditures in 2017 USD (millions);26.23;66.15;4.6
TGO;218;Togo;2013;PHC ambulatory expenditures per capita in 2017 USD;4;10;1
TGO;218;Togo;2013;PHC expenditures in 2017 USD (millions);125.97;176.09;79.79
TGO;218;Togo;2013;PHC expenditures per capita in 2017 USD;18;26;12
TGO;218;Togo;2014;PHC ambulatory expenditures in 2017 USD (millions);25.97;65.51;4.55
TGO;218;Togo;2014;PHC ambulatory expenditures per capita in 2017 USD;4;9;1
TGO;218;Togo;2014;PHC expenditures in 2017 USD (millions);124.76;174.25;79.14
TGO;218;Togo;2014;PHC expenditures per capita in 2017 USD;18;25;11
TGO;218;Togo;2015;PHC ambulatory expenditures in 2017 USD (millions);27.24;68.71;4.77
TGO;218;Togo;2015;PHC ambulatory expenditures per capita in 2017 USD;4;10;1
TGO;218;Togo;2015;PHC expenditures in 2017 USD (millions);130.84;182.51;83.01
TGO;218;Togo;2015;PHC expenditures per capita in 2017 USD;18;25;12
TGO;218;Togo;2016;PHC ambulatory expenditures in 2017 USD (millions);30.41;76.72;5.32
TGO;218;Togo;2016;PHC ambulatory expenditures per capita in 2017 USD;4;10;1
TGO;218;Togo;2016;PHC expenditures in 2017 USD (millions);145.99;203.57;92.46
TGO;218;Togo;2016;PHC expenditures per capita in 2017 USD;20;28;13
TGO;218;Togo;2017;PHC ambulatory expenditures in 2017 USD (millions);30.38;76.71;5.31
TGO;218;Togo;2017;PHC ambulatory expenditures per capita in 2017 USD;4;10;1
TGO;218;Togo;2017;PHC expenditures in 2017 USD (millions);145.88;203.37;92.29
TGO;218;Togo;2017;PHC expenditures per capita in 2017 USD;19;27;12
THA;18;Thailand;2000;PHC ambulatory expenditures in 2017 USD (millions);568.28;1017.71;259.55
THA;18;Thailand;2000;PHC ambulatory expenditures per capita in 2017 USD;9;16;4
THA;18;Thailand;2000;PHC expenditures in 2017 USD (millions);4172.33;5216.32;3020.09
THA;18;Thailand;2000;PHC expenditures per capita in 2017 USD;66;83;48
THA;18;Thailand;2001;PHC ambulatory expenditures in 2017 USD (millions);616.77;1102.61;282.39
THA;18;Thailand;2001;PHC ambulatory expenditures per capita in 2017 USD;10;17;4
THA;18;Thailand;2001;PHC expenditures in 2017 USD (millions);4465.17;5572.83;3233.01
THA;18;Thailand;2001;PHC expenditures per capita in 2017 USD;70;88;51
THA;18;Thailand;2002;PHC ambulatory expenditures in 2017 USD (millions);749.38;1332.2;345.01
THA;18;Thailand;2002;PHC ambulatory expenditures per capita in 2017 USD;12;21;5
THA;18;Thailand;2002;PHC expenditures in 2017 USD (millions);5323.67;6630.19;3862.27
THA;18;Thailand;2002;PHC expenditures per capita in 2017 USD;83;104;60
THA;18;Thailand;2003;PHC ambulatory expenditures in 2017 USD (millions);697.29;1237.04;322.65
THA;18;Thailand;2003;PHC ambulatory expenditures per capita in 2017 USD;11;19;5
THA;18;Thailand;2003;PHC expenditures in 2017 USD (millions);4901.84;6088.13;3572.98
THA;18;Thailand;2003;PHC expenditures per capita in 2017 USD;76;94;55
THA;18;Thailand;2004;PHC ambulatory expenditures in 2017 USD (millions);773.6;1364.44;360.9
THA;18;Thailand;2004;PHC ambulatory expenditures per capita in 2017 USD;12;21;6
THA;18;Thailand;2004;PHC expenditures in 2017 USD (millions);5353.79;6633.03;3918.45
THA;18;Thailand;2004;PHC expenditures per capita in 2017 USD;82;102;60
THA;18;Thailand;2005;PHC ambulatory expenditures in 2017 USD (millions);821.07;1442.28;385.18
THA;18;Thailand;2005;PHC ambulatory expenditures per capita in 2017 USD;13;22;6
THA;18;Thailand;2005;PHC expenditures in 2017 USD (millions);5610.49;6930.56;4119.02
THA;18;Thailand;2005;PHC expenditures per capita in 2017 USD;86;106;63
THA;18;Thailand;2006;PHC ambulatory expenditures in 2017 USD (millions);867.45;1518.57;408.85
THA;18;Thailand;2006;PHC ambulatory expenditures per capita in 2017 USD;13;23;6
THA;18;Thailand;2006;PHC expenditures in 2017 USD (millions);5875.37;7241.4;4326.88
THA;18;Thailand;2006;PHC expenditures per capita in 2017 USD;89;110;66
THA;18;Thailand;2007;PHC ambulatory expenditures in 2017 USD (millions);976.6;1708.03;462.24
THA;18;Thailand;2007;PHC ambulatory expenditures per capita in 2017 USD;15;26;7
THA;18;Thailand;2007;PHC expenditures in 2017 USD (millions);6558.31;8065.51;4848.87
THA;18;Thailand;2007;PHC expenditures per capita in 2017 USD;99;121;73
THA;18;Thailand;2008;PHC ambulatory expenditures in 2017 USD (millions);1020.06;1781.98;483.79
THA;18;Thailand;2008;PHC ambulatory expenditures per capita in 2017 USD;15;27;7
THA;18;Thailand;2008;PHC expenditures in 2017 USD (millions);6820;8385.89;5058.11
THA;18;Thailand;2008;PHC expenditures per capita in 2017 USD;102;125;76
THA;18;Thailand;2009;PHC ambulatory expenditures in 2017 USD (millions);1080.12;1882.67;513.29
THA;18;Thailand;2009;PHC ambulatory expenditures per capita in 2017 USD;16;28;8
THA;18;Thailand;2009;PHC expenditures in 2017 USD (millions);7194.41;8845.32;5347.03
THA;18;Thailand;2009;PHC expenditures per capita in 2017 USD;107;131;79
THA;18;Thailand;2010;PHC ambulatory expenditures in 2017 USD (millions);1127.3;1964.18;537.09
THA;18;Thailand;2010;PHC ambulatory expenditures per capita in 2017 USD;17;29;8
THA;18;Thailand;2010;PHC expenditures in 2017 USD (millions);7502.42;9221.61;5579.95
THA;18;Thailand;2010;PHC expenditures per capita in 2017 USD;111;136;82
THA;18;Thailand;2011;PHC ambulatory expenditures in 2017 USD (millions);1184.27;2063.5;565.43
THA;18;Thailand;2011;PHC ambulatory expenditures per capita in 2017 USD;17;30;8
THA;18;Thailand;2011;PHC expenditures in 2017 USD (millions);7850.37;9641.98;5844.99
THA;18;Thailand;2011;PHC expenditures per capita in 2017 USD;115;141;86
THA;18;Thailand;2012;PHC ambulatory expenditures in 2017 USD (millions);1260.85;2196.24;603.09
THA;18;Thailand;2012;PHC ambulatory expenditures per capita in 2017 USD;18;32;9
THA;18;Thailand;2012;PHC expenditures in 2017 USD (millions);8328.11;10219.25;6205.74
THA;18;Thailand;2012;PHC expenditures per capita in 2017 USD;121;149;90
THA;18;Thailand;2013;PHC ambulatory expenditures in 2017 USD (millions);1299.15;2260.64;621.4
THA;18;Thailand;2013;PHC ambulatory expenditures per capita in 2017 USD;19;33;9
THA;18;Thailand;2013;PHC expenditures in 2017 USD (millions);8548.14;10479.53;6375.28
THA;18;Thailand;2013;PHC expenditures per capita in 2017 USD;123;151;92
THA;18;Thailand;2014;PHC ambulatory expenditures in 2017 USD (millions);1359.3;2364.28;650.26
THA;18;Thailand;2014;PHC ambulatory expenditures per capita in 2017 USD;19;34;9
THA;18;Thailand;2014;PHC expenditures in 2017 USD (millions);8898.17;10898.24;6642.93
THA;18;Thailand;2014;PHC expenditures per capita in 2017 USD;127;156;95
THA;18;Thailand;2015;PHC ambulatory expenditures in 2017 USD (millions);1414.24;2462.23;676.54
THA;18;Thailand;2015;PHC ambulatory expenditures per capita in 2017 USD;20;35;10
THA;18;Thailand;2015;PHC expenditures in 2017 USD (millions);9218.31;11281.21;6888.61
THA;18;Thailand;2015;PHC expenditures per capita in 2017 USD;131;161;98
THA;18;Thailand;2016;PHC ambulatory expenditures in 2017 USD (millions);1486.87;2589.24;711.47
THA;18;Thailand;2016;PHC ambulatory expenditures per capita in 2017 USD;21;37;10
THA;18;Thailand;2016;PHC expenditures in 2017 USD (millions);9648.91;11801.38;7216.06
THA;18;Thailand;2016;PHC expenditures per capita in 2017 USD;137;168;102
THA;18;Thailand;2017;PHC ambulatory expenditures in 2017 USD (millions);1589.41;2760.22;761.81
THA;18;Thailand;2017;PHC ambulatory expenditures per capita in 2017 USD;23;39;11
THA;18;Thailand;2017;PHC expenditures in 2017 USD (millions);10258.86;12536.89;7681.83
THA;18;Thailand;2017;PHC expenditures per capita in 2017 USD;145;178;109
TJK;39;Tajikistan;2000;PHC ambulatory expenditures in 2017 USD (millions);7.5;17.81;1.88
TJK;39;Tajikistan;2000;PHC ambulatory expenditures per capita in 2017 USD;1;3;0
TJK;39;Tajikistan;2000;PHC expenditures in 2017 USD (millions);22.98;35.9;14.28
TJK;39;Tajikistan;2000;PHC expenditures per capita in 2017 USD;4;6;2
TJK;39;Tajikistan;2001;PHC ambulatory expenditures in 2017 USD (millions);8.38;19.96;2.1
TJK;39;Tajikistan;2001;PHC ambulatory expenditures per capita in 2017 USD;1;3;0
TJK;39;Tajikistan;2001;PHC expenditures in 2017 USD (millions);25.66;40.18;15.9
TJK;39;Tajikistan;2001;PHC expenditures per capita in 2017 USD;4;6;2
TJK;39;Tajikistan;2002;PHC ambulatory expenditures in 2017 USD (millions);9.73;23.19;2.43
TJK;39;Tajikistan;2002;PHC ambulatory expenditures per capita in 2017 USD;1;4;0
TJK;39;Tajikistan;2002;PHC expenditures in 2017 USD (millions);29.79;46.68;18.48
TJK;39;Tajikistan;2002;PHC expenditures per capita in 2017 USD;5;7;3
TJK;39;Tajikistan;2003;PHC ambulatory expenditures in 2017 USD (millions);11.27;26.84;2.82
TJK;39;Tajikistan;2003;PHC ambulatory expenditures per capita in 2017 USD;2;4;0
TJK;39;Tajikistan;2003;PHC expenditures in 2017 USD (millions);34.51;54.02;21.44
TJK;39;Tajikistan;2003;PHC expenditures per capita in 2017 USD;5;8;3
TJK;39;Tajikistan;2004;PHC ambulatory expenditures in 2017 USD (millions);13.28;31.51;3.32
TJK;39;Tajikistan;2004;PHC ambulatory expenditures per capita in 2017 USD;2;5;0
TJK;39;Tajikistan;2004;PHC expenditures in 2017 USD (millions);40.66;63.44;25.31
TJK;39;Tajikistan;2004;PHC expenditures per capita in 2017 USD;6;9;4
TJK;39;Tajikistan;2005;PHC ambulatory expenditures in 2017 USD (millions);14.7;35.12;3.68
TJK;39;Tajikistan;2005;PHC ambulatory expenditures per capita in 2017 USD;2;5;1
TJK;39;Tajikistan;2005;PHC expenditures in 2017 USD (millions);45.06;69.99;28.12
TJK;39;Tajikistan;2005;PHC expenditures per capita in 2017 USD;6;10;4
TJK;39;Tajikistan;2006;PHC ambulatory expenditures in 2017 USD (millions);16.34;39.04;4.09
TJK;39;Tajikistan;2006;PHC ambulatory expenditures per capita in 2017 USD;2;5;1
TJK;39;Tajikistan;2006;PHC expenditures in 2017 USD (millions);50.08;77.77;31.28
TJK;39;Tajikistan;2006;PHC expenditures per capita in 2017 USD;7;11;4
TJK;39;Tajikistan;2007;PHC ambulatory expenditures in 2017 USD (millions);19.75;47.09;4.94
TJK;39;Tajikistan;2007;PHC ambulatory expenditures per capita in 2017 USD;3;6;1
TJK;39;Tajikistan;2007;PHC expenditures in 2017 USD (millions);60.54;93.88;37.86
TJK;39;Tajikistan;2007;PHC expenditures per capita in 2017 USD;8;13;5
TJK;39;Tajikistan;2008;PHC ambulatory expenditures in 2017 USD (millions);22.21;52.88;5.56
TJK;39;Tajikistan;2008;PHC ambulatory expenditures per capita in 2017 USD;3;7;1
TJK;39;Tajikistan;2008;PHC expenditures in 2017 USD (millions);68.06;105.46;42.62
TJK;39;Tajikistan;2008;PHC expenditures per capita in 2017 USD;9;14;6
TJK;39;Tajikistan;2009;PHC ambulatory expenditures in 2017 USD (millions);24.39;58.11;6.1
TJK;39;Tajikistan;2009;PHC ambulatory expenditures per capita in 2017 USD;3;8;1
TJK;39;Tajikistan;2009;PHC expenditures in 2017 USD (millions);74.75;115.86;46.86
TJK;39;Tajikistan;2009;PHC expenditures per capita in 2017 USD;10;15;6
TJK;39;Tajikistan;2010;PHC ambulatory expenditures in 2017 USD (millions);25.17;59.94;6.32
TJK;39;Tajikistan;2010;PHC ambulatory expenditures per capita in 2017 USD;3;8;1
TJK;39;Tajikistan;2010;PHC expenditures in 2017 USD (millions);77.13;119.52;48.4
TJK;39;Tajikistan;2010;PHC expenditures per capita in 2017 USD;10;15;6
TJK;39;Tajikistan;2011;PHC ambulatory expenditures in 2017 USD (millions);26.48;62.89;6.69
TJK;39;Tajikistan;2011;PHC ambulatory expenditures per capita in 2017 USD;3;8;1
TJK;39;Tajikistan;2011;PHC expenditures in 2017 USD (millions);81.16;125.53;51.05
TJK;39;Tajikistan;2011;PHC expenditures per capita in 2017 USD;10;16;6
TJK;39;Tajikistan;2012;PHC ambulatory expenditures in 2017 USD (millions);29.84;70.88;7.58
TJK;39;Tajikistan;2012;PHC ambulatory expenditures per capita in 2017 USD;4;9;1
TJK;39;Tajikistan;2012;PHC expenditures in 2017 USD (millions);91.46;141.4;57.6
TJK;39;Tajikistan;2012;PHC expenditures per capita in 2017 USD;11;17;7
TJK;39;Tajikistan;2013;PHC ambulatory expenditures in 2017 USD (millions);33.75;79.79;8.66
TJK;39;Tajikistan;2013;PHC ambulatory expenditures per capita in 2017 USD;4;9;1
TJK;39;Tajikistan;2013;PHC expenditures in 2017 USD (millions);103.52;159.49;65.44
TJK;39;Tajikistan;2013;PHC expenditures per capita in 2017 USD;12;19;8
TJK;39;Tajikistan;2014;PHC ambulatory expenditures in 2017 USD (millions);36.72;86.45;9.49
TJK;39;Tajikistan;2014;PHC ambulatory expenditures per capita in 2017 USD;4;10;1
TJK;39;Tajikistan;2014;PHC expenditures in 2017 USD (millions);112.67;173.08;71.5
TJK;39;Tajikistan;2014;PHC expenditures per capita in 2017 USD;13;20;8
TJK;39;Tajikistan;2015;PHC ambulatory expenditures in 2017 USD (millions);39.04;91.42;10.18
TJK;39;Tajikistan;2015;PHC ambulatory expenditures per capita in 2017 USD;4;10;1
TJK;39;Tajikistan;2015;PHC expenditures in 2017 USD (millions);119.99;183.6;76.47
TJK;39;Tajikistan;2015;PHC expenditures per capita in 2017 USD;14;21;9
TJK;39;Tajikistan;2016;PHC ambulatory expenditures in 2017 USD (millions);44.92;104.62;11.8
TJK;39;Tajikistan;2016;PHC ambulatory expenditures per capita in 2017 USD;5;12;1
TJK;39;Tajikistan;2016;PHC expenditures in 2017 USD (millions);138.25;210.8;88.4
TJK;39;Tajikistan;2016;PHC expenditures per capita in 2017 USD;15;23;10
TJK;39;Tajikistan;2017;PHC ambulatory expenditures in 2017 USD (millions);48.36;112.32;12.72
TJK;39;Tajikistan;2017;PHC ambulatory expenditures per capita in 2017 USD;5;12;1
TJK;39;Tajikistan;2017;PHC expenditures in 2017 USD (millions);148.93;226.67;95.35
TJK;39;Tajikistan;2017;PHC expenditures per capita in 2017 USD;16;25;10
TKM;40;Turkmenistan;2000;PHC ambulatory expenditures in 2017 USD (millions);109.78;149.44;61.01
TKM;40;Turkmenistan;2000;PHC ambulatory expenditures per capita in 2017 USD;26;36;15
TKM;40;Turkmenistan;2000;PHC expenditures in 2017 USD (millions);237.72;294.67;177.36
TKM;40;Turkmenistan;2000;PHC expenditures per capita in 2017 USD;57;70;42
TKM;40;Turkmenistan;2001;PHC ambulatory expenditures in 2017 USD (millions);117.48;159.88;65.66
TKM;40;Turkmenistan;2001;PHC ambulatory expenditures per capita in 2017 USD;28;38;16
TKM;40;Turkmenistan;2001;PHC expenditures in 2017 USD (millions);254.22;315.29;189.75
TKM;40;Turkmenistan;2001;PHC expenditures per capita in 2017 USD;60;74;45
TKM;40;Turkmenistan;2002;PHC ambulatory expenditures in 2017 USD (millions);120.62;164.18;67.36
TKM;40;Turkmenistan;2002;PHC ambulatory expenditures per capita in 2017 USD;28;38;16
TKM;40;Turkmenistan;2002;PHC expenditures in 2017 USD (millions);261.09;323.71;194.85
TKM;40;Turkmenistan;2002;PHC expenditures per capita in 2017 USD;61;76;46
TKM;40;Turkmenistan;2003;PHC ambulatory expenditures in 2017 USD (millions);148.42;201.99;82.98
TKM;40;Turkmenistan;2003;PHC ambulatory expenditures per capita in 2017 USD;35;47;19
TKM;40;Turkmenistan;2003;PHC expenditures in 2017 USD (millions);321.06;398.07;239.43
TKM;40;Turkmenistan;2003;PHC expenditures per capita in 2017 USD;75;93;56
TKM;40;Turkmenistan;2004;PHC ambulatory expenditures in 2017 USD (millions);174.37;237.23;98.09
TKM;40;Turkmenistan;2004;PHC ambulatory expenditures per capita in 2017 USD;40;55;23
TKM;40;Turkmenistan;2004;PHC expenditures in 2017 USD (millions);376.77;467.12;280.93
TKM;40;Turkmenistan;2004;PHC expenditures per capita in 2017 USD;87;108;65
TKM;40;Turkmenistan;2005;PHC ambulatory expenditures in 2017 USD (millions);198.28;269.74;112.25
TKM;40;Turkmenistan;2005;PHC ambulatory expenditures per capita in 2017 USD;46;62;26
TKM;40;Turkmenistan;2005;PHC expenditures in 2017 USD (millions);428.28;531;319.42
TKM;40;Turkmenistan;2005;PHC expenditures per capita in 2017 USD;98;122;73
TKM;40;Turkmenistan;2006;PHC ambulatory expenditures in 2017 USD (millions);183.64;249.79;104.63
TKM;40;Turkmenistan;2006;PHC ambulatory expenditures per capita in 2017 USD;42;57;24
TKM;40;Turkmenistan;2006;PHC expenditures in 2017 USD (millions);396.73;491.89;295.99
TKM;40;Turkmenistan;2006;PHC expenditures per capita in 2017 USD;90;112;67
TKM;40;Turkmenistan;2007;PHC ambulatory expenditures in 2017 USD (millions);169.81;231.15;96.3
TKM;40;Turkmenistan;2007;PHC ambulatory expenditures per capita in 2017 USD;38;52;22
TKM;40;Turkmenistan;2007;PHC expenditures in 2017 USD (millions);367.5;455.67;274.25
TKM;40;Turkmenistan;2007;PHC expenditures per capita in 2017 USD;83;103;62
TKM;40;Turkmenistan;2008;PHC ambulatory expenditures in 2017 USD (millions);157.73;214.76;89.29
TKM;40;Turkmenistan;2008;PHC ambulatory expenditures per capita in 2017 USD;35;48;20
TKM;40;Turkmenistan;2008;PHC expenditures in 2017 USD (millions);341.68;423.63;255.08
TKM;40;Turkmenistan;2008;PHC expenditures per capita in 2017 USD;77;95;57
TKM;40;Turkmenistan;2009;PHC ambulatory expenditures in 2017 USD (millions);177.26;241.7;98.29
TKM;40;Turkmenistan;2009;PHC ambulatory expenditures per capita in 2017 USD;39;54;22
TKM;40;Turkmenistan;2009;PHC expenditures in 2017 USD (millions);385.05;476.19;287.46
TKM;40;Turkmenistan;2009;PHC expenditures per capita in 2017 USD;85;106;64
TKM;40;Turkmenistan;2010;PHC ambulatory expenditures in 2017 USD (millions);185.21;252.77;101.55
TKM;40;Turkmenistan;2010;PHC ambulatory expenditures per capita in 2017 USD;41;55;22
TKM;40;Turkmenistan;2010;PHC expenditures in 2017 USD (millions);403.14;497.62;301.13
TKM;40;Turkmenistan;2010;PHC expenditures per capita in 2017 USD;88;109;66
TKM;40;Turkmenistan;2011;PHC ambulatory expenditures in 2017 USD (millions);203.34;277.44;110.81
TKM;40;Turkmenistan;2011;PHC ambulatory expenditures per capita in 2017 USD;44;60;24
TKM;40;Turkmenistan;2011;PHC expenditures in 2017 USD (millions);443.04;546;330.76
TKM;40;Turkmenistan;2011;PHC expenditures per capita in 2017 USD;96;118;72
TKM;40;Turkmenistan;2012;PHC ambulatory expenditures in 2017 USD (millions);220.53;300.95;119.44
TKM;40;Turkmenistan;2012;PHC ambulatory expenditures per capita in 2017 USD;47;64;26
TKM;40;Turkmenistan;2012;PHC expenditures in 2017 USD (millions);480.92;593.12;358.93
TKM;40;Turkmenistan;2012;PHC expenditures per capita in 2017 USD;103;127;77
TKM;40;Turkmenistan;2013;PHC ambulatory expenditures in 2017 USD (millions);266.19;363.62;142.49
TKM;40;Turkmenistan;2013;PHC ambulatory expenditures per capita in 2017 USD;56;77;30
TKM;40;Turkmenistan;2013;PHC expenditures in 2017 USD (millions);581.44;717.84;433.65
TKM;40;Turkmenistan;2013;PHC expenditures per capita in 2017 USD;123;151;91
TKM;40;Turkmenistan;2014;PHC ambulatory expenditures in 2017 USD (millions);306.02;418.27;163.17
TKM;40;Turkmenistan;2014;PHC ambulatory expenditures per capita in 2017 USD;64;87;34
TKM;40;Turkmenistan;2014;PHC expenditures in 2017 USD (millions);668.98;825.66;499.04
TKM;40;Turkmenistan;2014;PHC expenditures per capita in 2017 USD;139;172;104
TKM;40;Turkmenistan;2015;PHC ambulatory expenditures in 2017 USD (millions);354.51;484.71;188.87
TKM;40;Turkmenistan;2015;PHC ambulatory expenditures per capita in 2017 USD;73;100;39
TKM;40;Turkmenistan;2015;PHC expenditures in 2017 USD (millions);775.64;956.54;578.66
TKM;40;Turkmenistan;2015;PHC expenditures per capita in 2017 USD;160;197;119
TKM;40;Turkmenistan;2016;PHC ambulatory expenditures in 2017 USD (millions);376.96;515.37;201.67
TKM;40;Turkmenistan;2016;PHC ambulatory expenditures per capita in 2017 USD;77;105;41
TKM;40;Turkmenistan;2016;PHC expenditures in 2017 USD (millions);825.03;1017.17;615.36
TKM;40;Turkmenistan;2016;PHC expenditures per capita in 2017 USD;168;207;125
TKM;40;Turkmenistan;2017;PHC ambulatory expenditures in 2017 USD (millions);454.75;620.42;240.21
TKM;40;Turkmenistan;2017;PHC ambulatory expenditures per capita in 2017 USD;91;125;48
TKM;40;Turkmenistan;2017;PHC expenditures in 2017 USD (millions);997.46;1227.1;743.22
TKM;40;Turkmenistan;2017;PHC expenditures per capita in 2017 USD;200;247;149
TLS;19;Timor-Leste;2000;PHC ambulatory expenditures in 2017 USD (millions);8.08;14.18;2.33
TLS;19;Timor-Leste;2000;PHC ambulatory expenditures per capita in 2017 USD;9;16;3
TLS;19;Timor-Leste;2000;PHC expenditures in 2017 USD (millions);13.48;18.81;7.12
TLS;19;Timor-Leste;2000;PHC expenditures per capita in 2017 USD;15;21;8
TLS;19;Timor-Leste;2001;PHC ambulatory expenditures in 2017 USD (millions);9.35;16.42;2.7
TLS;19;Timor-Leste;2001;PHC ambulatory expenditures per capita in 2017 USD;10;18;3
TLS;19;Timor-Leste;2001;PHC expenditures in 2017 USD (millions);15.58;21.77;8.16
TLS;19;Timor-Leste;2001;PHC expenditures per capita in 2017 USD;17;23;9
TLS;19;Timor-Leste;2002;PHC ambulatory expenditures in 2017 USD (millions);13.39;23.4;3.83
TLS;19;Timor-Leste;2002;PHC ambulatory expenditures per capita in 2017 USD;14;25;4
TLS;19;Timor-Leste;2002;PHC expenditures in 2017 USD (millions);21.97;30.79;11.45
TLS;19;Timor-Leste;2002;PHC expenditures per capita in 2017 USD;23;33;12
TLS;19;Timor-Leste;2003;PHC ambulatory expenditures in 2017 USD (millions);8.43;14.78;2.44
TLS;19;Timor-Leste;2003;PHC ambulatory expenditures per capita in 2017 USD;9;15;3
TLS;19;Timor-Leste;2003;PHC expenditures in 2017 USD (millions);14.14;19.67;7.51
TLS;19;Timor-Leste;2003;PHC expenditures per capita in 2017 USD;15;21;8
TLS;19;Timor-Leste;2004;PHC ambulatory expenditures in 2017 USD (millions);9.13;15.98;2.61
TLS;19;Timor-Leste;2004;PHC ambulatory expenditures per capita in 2017 USD;9;16;3
TLS;19;Timor-Leste;2004;PHC expenditures in 2017 USD (millions);15.2;21.17;8.02
TLS;19;Timor-Leste;2004;PHC expenditures per capita in 2017 USD;16;22;8
TLS;19;Timor-Leste;2005;PHC ambulatory expenditures in 2017 USD (millions);8.81;15.43;2.51
TLS;19;Timor-Leste;2005;PHC ambulatory expenditures per capita in 2017 USD;9;15;3
TLS;19;Timor-Leste;2005;PHC expenditures in 2017 USD (millions);14.76;20.53;7.85
TLS;19;Timor-Leste;2005;PHC expenditures per capita in 2017 USD;15;21;8
TLS;19;Timor-Leste;2006;PHC ambulatory expenditures in 2017 USD (millions);8.01;14.05;2.28
TLS;19;Timor-Leste;2006;PHC ambulatory expenditures per capita in 2017 USD;8;14;2
TLS;19;Timor-Leste;2006;PHC expenditures in 2017 USD (millions);13.64;18.88;7.4
TLS;19;Timor-Leste;2006;PHC expenditures per capita in 2017 USD;13;19;7
TLS;19;Timor-Leste;2007;PHC ambulatory expenditures in 2017 USD (millions);12.23;21.4;3.46
TLS;19;Timor-Leste;2007;PHC ambulatory expenditures per capita in 2017 USD;12;21;3
TLS;19;Timor-Leste;2007;PHC expenditures in 2017 USD (millions);20.37;28.36;10.83
TLS;19;Timor-Leste;2007;PHC expenditures per capita in 2017 USD;20;27;10
TLS;19;Timor-Leste;2008;PHC ambulatory expenditures in 2017 USD (millions);12.52;21.97;3.56
TLS;19;Timor-Leste;2008;PHC ambulatory expenditures per capita in 2017 USD;12;21;3
TLS;19;Timor-Leste;2008;PHC expenditures in 2017 USD (millions);20.97;29.17;11.11
TLS;19;Timor-Leste;2008;PHC expenditures per capita in 2017 USD;20;27;10
TLS;19;Timor-Leste;2009;PHC ambulatory expenditures in 2017 USD (millions);16.75;29.41;4.77
TLS;19;Timor-Leste;2009;PHC ambulatory expenditures per capita in 2017 USD;15;27;4
TLS;19;Timor-Leste;2009;PHC expenditures in 2017 USD (millions);27.8;38.83;14.65
TLS;19;Timor-Leste;2009;PHC expenditures per capita in 2017 USD;26;36;14
TLS;19;Timor-Leste;2010;PHC ambulatory expenditures in 2017 USD (millions);18.25;32.02;5.19
TLS;19;Timor-Leste;2010;PHC ambulatory expenditures per capita in 2017 USD;16;29;5
TLS;19;Timor-Leste;2010;PHC expenditures in 2017 USD (millions);30.17;42.19;15.89
TLS;19;Timor-Leste;2010;PHC expenditures per capita in 2017 USD;27;38;14
TLS;19;Timor-Leste;2011;PHC ambulatory expenditures in 2017 USD (millions);17.11;30.06;4.9
TLS;19;Timor-Leste;2011;PHC ambulatory expenditures per capita in 2017 USD;15;27;4
TLS;19;Timor-Leste;2011;PHC expenditures in 2017 USD (millions);28.48;39.77;15.16
TLS;19;Timor-Leste;2011;PHC expenditures per capita in 2017 USD;25;35;13
TLS;19;Timor-Leste;2012;PHC ambulatory expenditures in 2017 USD (millions);19.62;34.45;5.61
TLS;19;Timor-Leste;2012;PHC ambulatory expenditures per capita in 2017 USD;17;30;5
TLS;19;Timor-Leste;2012;PHC expenditures in 2017 USD (millions);32.5;45.38;17.38
TLS;19;Timor-Leste;2012;PHC expenditures per capita in 2017 USD;28;39;15
TLS;19;Timor-Leste;2013;PHC ambulatory expenditures in 2017 USD (millions);19.1;33.55;5.49
TLS;19;Timor-Leste;2013;PHC ambulatory expenditures per capita in 2017 USD;16;28;5
TLS;19;Timor-Leste;2013;PHC expenditures in 2017 USD (millions);31.81;44.41;17.12
TLS;19;Timor-Leste;2013;PHC expenditures per capita in 2017 USD;27;37;14
TLS;19;Timor-Leste;2014;PHC ambulatory expenditures in 2017 USD (millions);21.25;37.34;6.13
TLS;19;Timor-Leste;2014;PHC ambulatory expenditures per capita in 2017 USD;18;31;5
TLS;19;Timor-Leste;2014;PHC expenditures in 2017 USD (millions);35.34;49.48;18.87
TLS;19;Timor-Leste;2014;PHC expenditures per capita in 2017 USD;29;41;16
TLS;19;Timor-Leste;2015;PHC ambulatory expenditures in 2017 USD (millions);28.89;50.84;8.35
TLS;19;Timor-Leste;2015;PHC ambulatory expenditures per capita in 2017 USD;23;41;7
TLS;19;Timor-Leste;2015;PHC expenditures in 2017 USD (millions);47.73;66.98;25.32
TLS;19;Timor-Leste;2015;PHC expenditures per capita in 2017 USD;39;54;20
TLS;19;Timor-Leste;2016;PHC ambulatory expenditures in 2017 USD (millions);36.94;65.01;10.72
TLS;19;Timor-Leste;2016;PHC ambulatory expenditures per capita in 2017 USD;29;52;9
TLS;19;Timor-Leste;2016;PHC expenditures in 2017 USD (millions);60.91;85.44;32.26
TLS;19;Timor-Leste;2016;PHC expenditures per capita in 2017 USD;48;68;26
TLS;19;Timor-Leste;2017;PHC ambulatory expenditures in 2017 USD (millions);31.14;54.73;9.06
TLS;19;Timor-Leste;2017;PHC ambulatory expenditures per capita in 2017 USD;24;43;7
TLS;19;Timor-Leste;2017;PHC expenditures in 2017 USD (millions);51.72;72.26;27.54
TLS;19;Timor-Leste;2017;PHC expenditures per capita in 2017 USD;40;56;21
TON;29;Tonga;2000;PHC ambulatory expenditures in 2017 USD (millions);1.6;2.55;0.24
TON;29;Tonga;2000;PHC ambulatory expenditures per capita in 2017 USD;16;25;2
TON;29;Tonga;2000;PHC expenditures in 2017 USD (millions);4.54;7.02;2.39
TON;29;Tonga;2000;PHC expenditures per capita in 2017 USD;45;70;24
TON;29;Tonga;2001;PHC ambulatory expenditures in 2017 USD (millions);1.71;2.73;0.25
TON;29;Tonga;2001;PHC ambulatory expenditures per capita in 2017 USD;17;27;2
TON;29;Tonga;2001;PHC expenditures in 2017 USD (millions);4.85;7.51;2.55
TON;29;Tonga;2001;PHC expenditures per capita in 2017 USD;48;74;25
TON;29;Tonga;2002;PHC ambulatory expenditures in 2017 USD (millions);1.79;2.86;0.26
TON;29;Tonga;2002;PHC ambulatory expenditures per capita in 2017 USD;18;28;3
TON;29;Tonga;2002;PHC expenditures in 2017 USD (millions);5.08;7.87;2.67
TON;29;Tonga;2002;PHC expenditures per capita in 2017 USD;50;77;26
TON;29;Tonga;2003;PHC ambulatory expenditures in 2017 USD (millions);1.99;3.16;0.29
TON;29;Tonga;2003;PHC ambulatory expenditures per capita in 2017 USD;19;31;3
TON;29;Tonga;2003;PHC expenditures in 2017 USD (millions);5.6;8.7;2.93
TON;29;Tonga;2003;PHC expenditures per capita in 2017 USD;55;85;29
TON;29;Tonga;2004;PHC ambulatory expenditures in 2017 USD (millions);2.23;3.55;0.33
TON;29;Tonga;2004;PHC ambulatory expenditures per capita in 2017 USD;22;34;3
TON;29;Tonga;2004;PHC expenditures in 2017 USD (millions);6.26;9.75;3.25
TON;29;Tonga;2004;PHC expenditures per capita in 2017 USD;61;94;32
TON;29;Tonga;2005;PHC ambulatory expenditures in 2017 USD (millions);4.09;6.5;0.59
TON;29;Tonga;2005;PHC ambulatory expenditures per capita in 2017 USD;39;63;6
TON;29;Tonga;2005;PHC expenditures in 2017 USD (millions);11.2;17.72;5.71
TON;29;Tonga;2005;PHC expenditures per capita in 2017 USD;108;171;55
TON;29;Tonga;2006;PHC ambulatory expenditures in 2017 USD (millions);2.74;4.36;0.4
TON;29;Tonga;2006;PHC ambulatory expenditures per capita in 2017 USD;26;42;4
TON;29;Tonga;2006;PHC expenditures in 2017 USD (millions);7.63;11.91;3.93
TON;29;Tonga;2006;PHC expenditures per capita in 2017 USD;73;114;38
TON;29;Tonga;2007;PHC ambulatory expenditures in 2017 USD (millions);2.67;4.26;0.39
TON;29;Tonga;2007;PHC ambulatory expenditures per capita in 2017 USD;25;41;4
TON;29;Tonga;2007;PHC expenditures in 2017 USD (millions);7.45;11.63;3.84
TON;29;Tonga;2007;PHC expenditures per capita in 2017 USD;71;111;37
TON;29;Tonga;2008;PHC ambulatory expenditures in 2017 USD (millions);2.44;3.87;0.36
TON;29;Tonga;2008;PHC ambulatory expenditures per capita in 2017 USD;23;37;3
TON;29;Tonga;2008;PHC expenditures in 2017 USD (millions);6.82;10.63;3.54
TON;29;Tonga;2008;PHC expenditures per capita in 2017 USD;65;101;34
TON;29;Tonga;2009;PHC ambulatory expenditures in 2017 USD (millions);2.7;4.3;0.39
TON;29;Tonga;2009;PHC ambulatory expenditures per capita in 2017 USD;25;41;4
TON;29;Tonga;2009;PHC expenditures in 2017 USD (millions);7.52;11.75;3.89
TON;29;Tonga;2009;PHC expenditures per capita in 2017 USD;71;111;37
TON;29;Tonga;2010;PHC ambulatory expenditures in 2017 USD (millions);3.38;5.38;0.49
TON;29;Tonga;2010;PHC ambulatory expenditures per capita in 2017 USD;32;51;5
TON;29;Tonga;2010;PHC expenditures in 2017 USD (millions);9.31;14.66;4.77
TON;29;Tonga;2010;PHC expenditures per capita in 2017 USD;88;138;45
TON;29;Tonga;2011;PHC ambulatory expenditures in 2017 USD (millions);5.15;8.18;0.73
TON;29;Tonga;2011;PHC ambulatory expenditures per capita in 2017 USD;49;77;7
TON;29;Tonga;2011;PHC expenditures in 2017 USD (millions);13.97;22.26;7.05
TON;29;Tonga;2011;PHC expenditures per capita in 2017 USD;132;210;66
TON;29;Tonga;2012;PHC ambulatory expenditures in 2017 USD (millions);3.33;5.31;0.48
TON;29;Tonga;2012;PHC ambulatory expenditures per capita in 2017 USD;32;50;5
TON;29;Tonga;2012;PHC expenditures in 2017 USD (millions);9.19;14.48;4.71
TON;29;Tonga;2012;PHC expenditures per capita in 2017 USD;87;137;44
TON;29;Tonga;2013;PHC ambulatory expenditures in 2017 USD (millions);2.75;4.37;0.4
TON;29;Tonga;2013;PHC ambulatory expenditures per capita in 2017 USD;26;42;4
TON;29;Tonga;2013;PHC expenditures in 2017 USD (millions);7.64;11.96;3.96
TON;29;Tonga;2013;PHC expenditures per capita in 2017 USD;72;113;38
TON;29;Tonga;2014;PHC ambulatory expenditures in 2017 USD (millions);2.56;4.06;0.38
TON;29;Tonga;2014;PHC ambulatory expenditures per capita in 2017 USD;24;39;4
TON;29;Tonga;2014;PHC expenditures in 2017 USD (millions);7.15;11.16;3.73
TON;29;Tonga;2014;PHC expenditures per capita in 2017 USD;68;107;36
TON;29;Tonga;2015;PHC ambulatory expenditures in 2017 USD (millions);2.72;4.33;0.4
TON;29;Tonga;2015;PHC ambulatory expenditures per capita in 2017 USD;26;42;4
TON;29;Tonga;2015;PHC expenditures in 2017 USD (millions);7.61;11.86;3.97
TON;29;Tonga;2015;PHC expenditures per capita in 2017 USD;73;114;38
TON;29;Tonga;2016;PHC ambulatory expenditures in 2017 USD (millions);3.28;5.22;0.48
TON;29;Tonga;2016;PHC ambulatory expenditures per capita in 2017 USD;32;50;5
TON;29;Tonga;2016;PHC expenditures in 2017 USD (millions);9.11;14.27;4.71
TON;29;Tonga;2016;PHC expenditures per capita in 2017 USD;88;138;46
TON;29;Tonga;2017;PHC ambulatory expenditures in 2017 USD (millions);3.08;4.9;0.45
TON;29;Tonga;2017;PHC ambulatory expenditures per capita in 2017 USD;30;48;4
TON;29;Tonga;2017;PHC expenditures in 2017 USD (millions);8.61;13.42;4.5
TON;29;Tonga;2017;PHC expenditures per capita in 2017 USD;84;131;44
TUN;154;Tunisia;2000;PHC ambulatory expenditures in 2017 USD (millions);51.98;280.29;3.68
TUN;154;Tunisia;2000;PHC ambulatory expenditures per capita in 2017 USD;5;28;0
TUN;154;Tunisia;2000;PHC expenditures in 2017 USD (millions);331.53;531.01;180.58
TUN;154;Tunisia;2000;PHC expenditures per capita in 2017 USD;33;54;18
TUN;154;Tunisia;2001;PHC ambulatory expenditures in 2017 USD (millions);55.67;300.27;3.94
TUN;154;Tunisia;2001;PHC ambulatory expenditures per capita in 2017 USD;6;30;0
TUN;154;Tunisia;2001;PHC expenditures in 2017 USD (millions);354.88;568.9;193.12
TUN;154;Tunisia;2001;PHC expenditures per capita in 2017 USD;35;57;19
TUN;154;Tunisia;2002;PHC ambulatory expenditures in 2017 USD (millions);59;318.17;4.17
TUN;154;Tunisia;2002;PHC ambulatory expenditures per capita in 2017 USD;6;31;0
TUN;154;Tunisia;2002;PHC expenditures in 2017 USD (millions);376;603.26;204.65
TUN;154;Tunisia;2002;PHC expenditures per capita in 2017 USD;37;60;20
TUN;154;Tunisia;2003;PHC ambulatory expenditures in 2017 USD (millions);62.14;335.28;4.38
TUN;154;Tunisia;2003;PHC ambulatory expenditures per capita in 2017 USD;6;33;0
TUN;154;Tunisia;2003;PHC expenditures in 2017 USD (millions);395.96;636.47;215.29
TUN;154;Tunisia;2003;PHC expenditures per capita in 2017 USD;39;62;21
TUN;154;Tunisia;2004;PHC ambulatory expenditures in 2017 USD (millions);64.61;348.8;4.55
TUN;154;Tunisia;2004;PHC ambulatory expenditures per capita in 2017 USD;6;34;0
TUN;154;Tunisia;2004;PHC expenditures in 2017 USD (millions);411.77;662.77;223.61
TUN;154;Tunisia;2004;PHC expenditures per capita in 2017 USD;40;64;22
TUN;154;Tunisia;2005;PHC ambulatory expenditures in 2017 USD (millions);67.24;363;4.73
TUN;154;Tunisia;2005;PHC ambulatory expenditures per capita in 2017 USD;6;35;0
TUN;154;Tunisia;2005;PHC expenditures in 2017 USD (millions);428.58;690.18;232.76
TUN;154;Tunisia;2005;PHC expenditures per capita in 2017 USD;41;67;22
TUN;154;Tunisia;2006;PHC ambulatory expenditures in 2017 USD (millions);71.86;388.11;5.06
TUN;154;Tunisia;2006;PHC ambulatory expenditures per capita in 2017 USD;7;37;0
TUN;154;Tunisia;2006;PHC expenditures in 2017 USD (millions);457.83;737.61;248.68
TUN;154;Tunisia;2006;PHC expenditures per capita in 2017 USD;44;70;24
TUN;154;Tunisia;2007;PHC ambulatory expenditures in 2017 USD (millions);75.73;408.82;5.34
TUN;154;Tunisia;2007;PHC ambulatory expenditures per capita in 2017 USD;7;39;1
TUN;154;Tunisia;2007;PHC expenditures in 2017 USD (millions);482.39;776.81;262.49
TUN;154;Tunisia;2007;PHC expenditures per capita in 2017 USD;46;74;25
TUN;154;Tunisia;2008;PHC ambulatory expenditures in 2017 USD (millions);81.56;440.55;5.73
TUN;154;Tunisia;2008;PHC ambulatory expenditures per capita in 2017 USD;8;41;1
TUN;154;Tunisia;2008;PHC expenditures in 2017 USD (millions);519.42;836.68;282.71
TUN;154;Tunisia;2008;PHC expenditures per capita in 2017 USD;49;79;27
TUN;154;Tunisia;2009;PHC ambulatory expenditures in 2017 USD (millions);85.98;464.19;6.06
TUN;154;Tunisia;2009;PHC ambulatory expenditures per capita in 2017 USD;8;43;1
TUN;154;Tunisia;2009;PHC expenditures in 2017 USD (millions);547.41;881.17;298.18
TUN;154;Tunisia;2009;PHC expenditures per capita in 2017 USD;51;82;28
TUN;154;Tunisia;2010;PHC ambulatory expenditures in 2017 USD (millions);90.07;486.12;6.35
TUN;154;Tunisia;2010;PHC ambulatory expenditures per capita in 2017 USD;8;45;1
TUN;154;Tunisia;2010;PHC expenditures in 2017 USD (millions);573.62;923.01;311.89
TUN;154;Tunisia;2010;PHC expenditures per capita in 2017 USD;53;85;29
TUN;154;Tunisia;2011;PHC ambulatory expenditures in 2017 USD (millions);98.82;532.04;7.03
TUN;154;Tunisia;2011;PHC ambulatory expenditures per capita in 2017 USD;9;49;1
TUN;154;Tunisia;2011;PHC expenditures in 2017 USD (millions);628.74;1011.56;341.99
TUN;154;Tunisia;2011;PHC expenditures per capita in 2017 USD;58;93;31
TUN;154;Tunisia;2012;PHC ambulatory expenditures in 2017 USD (millions);105.32;566.14;7.54
TUN;154;Tunisia;2012;PHC ambulatory expenditures per capita in 2017 USD;10;51;1
TUN;154;Tunisia;2012;PHC expenditures in 2017 USD (millions);669.67;1077.07;364.27
TUN;154;Tunisia;2012;PHC expenditures per capita in 2017 USD;61;98;33
TUN;154;Tunisia;2013;PHC ambulatory expenditures in 2017 USD (millions);114.73;615.25;8.27
TUN;154;Tunisia;2013;PHC ambulatory expenditures per capita in 2017 USD;10;55;1
TUN;154;Tunisia;2013;PHC expenditures in 2017 USD (millions);728.63;1170.24;396.93
TUN;154;Tunisia;2013;PHC expenditures per capita in 2017 USD;66;106;36
TUN;154;Tunisia;2014;PHC ambulatory expenditures in 2017 USD (millions);115.19;617.07;8.34
TUN;154;Tunisia;2014;PHC ambulatory expenditures per capita in 2017 USD;10;55;1
TUN;154;Tunisia;2014;PHC expenditures in 2017 USD (millions);731.29;1173.67;398.84
TUN;154;Tunisia;2014;PHC expenditures per capita in 2017 USD;65;105;36
TUN;154;Tunisia;2015;PHC ambulatory expenditures in 2017 USD (millions);118.96;636.9;8.64
TUN;154;Tunisia;2015;PHC ambulatory expenditures per capita in 2017 USD;11;56;1
TUN;154;Tunisia;2015;PHC expenditures in 2017 USD (millions);754.59;1209.99;411.34
TUN;154;Tunisia;2015;PHC expenditures per capita in 2017 USD;67;107;36
TUN;154;Tunisia;2016;PHC ambulatory expenditures in 2017 USD (millions);122.77;656.22;8.94
TUN;154;Tunisia;2016;PHC ambulatory expenditures per capita in 2017 USD;11;58;1
TUN;154;Tunisia;2016;PHC expenditures in 2017 USD (millions);778.09;1247.39;424.31
TUN;154;Tunisia;2016;PHC expenditures per capita in 2017 USD;68;110;37
TUN;154;Tunisia;2017;PHC ambulatory expenditures in 2017 USD (millions);129.53;690.64;9.49
TUN;154;Tunisia;2017;PHC ambulatory expenditures per capita in 2017 USD;11;60;1
TUN;154;Tunisia;2017;PHC expenditures in 2017 USD (millions);820.23;1315.28;449.45
TUN;154;Tunisia;2017;PHC expenditures per capita in 2017 USD;72;115;39
TUR;155;Turkey;2000;PHC ambulatory expenditures in 2017 USD (millions);1622.1;2509.93;700.16
TUR;155;Turkey;2000;PHC ambulatory expenditures per capita in 2017 USD;25;38;11
TUR;155;Turkey;2000;PHC expenditures in 2017 USD (millions);4857.05;7114.23;2941.65
TUR;155;Turkey;2000;PHC expenditures per capita in 2017 USD;74;108;45
TUR;155;Turkey;2001;PHC ambulatory expenditures in 2017 USD (millions);1763.71;2720.97;766.49
TUR;155;Turkey;2001;PHC ambulatory expenditures per capita in 2017 USD;26;41;11
TUR;155;Turkey;2001;PHC expenditures in 2017 USD (millions);5277.26;7711.27;3192.23
TUR;155;Turkey;2001;PHC expenditures per capita in 2017 USD;79;116;48
TUR;155;Turkey;2002;PHC ambulatory expenditures in 2017 USD (millions);1857.48;2857.12;813.16
TUR;155;Turkey;2002;PHC ambulatory expenditures per capita in 2017 USD;28;42;12
TUR;155;Turkey;2002;PHC expenditures in 2017 USD (millions);5555.33;8096.35;3362.56
TUR;155;Turkey;2002;PHC expenditures per capita in 2017 USD;82;120;50
TUR;155;Turkey;2003;PHC ambulatory expenditures in 2017 USD (millions);1937.47;2975.39;852.98
TUR;155;Turkey;2003;PHC ambulatory expenditures per capita in 2017 USD;28;44;13
TUR;155;Turkey;2003;PHC expenditures in 2017 USD (millions);5792.38;8426.12;3508.51
TUR;155;Turkey;2003;PHC expenditures per capita in 2017 USD;85;124;51
TUR;155;Turkey;2004;PHC ambulatory expenditures in 2017 USD (millions);2064.65;3166.39;912.83
TUR;155;Turkey;2004;PHC ambulatory expenditures per capita in 2017 USD;30;46;13
TUR;155;Turkey;2004;PHC expenditures in 2017 USD (millions);6169.45;8981.93;3736.06
TUR;155;Turkey;2004;PHC expenditures per capita in 2017 USD;89;130;54
TUR;155;Turkey;2005;PHC ambulatory expenditures in 2017 USD (millions);2204.95;3377.96;978.73
TUR;155;Turkey;2005;PHC ambulatory expenditures per capita in 2017 USD;32;48;14
TUR;155;Turkey;2005;PHC expenditures in 2017 USD (millions);6584.8;9591.07;3986.54
TUR;155;Turkey;2005;PHC expenditures per capita in 2017 USD;94;137;57
TUR;155;Turkey;2006;PHC ambulatory expenditures in 2017 USD (millions);2513.85;3848.54;1119.98
TUR;155;Turkey;2006;PHC ambulatory expenditures per capita in 2017 USD;36;54;16
TUR;155;Turkey;2006;PHC expenditures in 2017 USD (millions);7499.19;10932.7;4533.12
TUR;155;Turkey;2006;PHC expenditures per capita in 2017 USD;106;155;64
TUR;155;Turkey;2007;PHC ambulatory expenditures in 2017 USD (millions);2630.87;4024.66;1175.24
TUR;155;Turkey;2007;PHC ambulatory expenditures per capita in 2017 USD;37;56;16
TUR;155;Turkey;2007;PHC expenditures in 2017 USD (millions);7844.84;11443.62;4740.46
TUR;155;Turkey;2007;PHC expenditures per capita in 2017 USD;110;160;66
TUR;155;Turkey;2008;PHC ambulatory expenditures in 2017 USD (millions);2719.68;4156.91;1210.9
TUR;155;Turkey;2008;PHC ambulatory expenditures per capita in 2017 USD;38;57;17
TUR;155;Turkey;2008;PHC expenditures in 2017 USD (millions);8106.44;11803.12;4898.85
TUR;155;Turkey;2008;PHC expenditures per capita in 2017 USD;112;163;68
TUR;155;Turkey;2009;PHC ambulatory expenditures in 2017 USD (millions);2769.15;4228;1227.55
TUR;155;Turkey;2009;PHC ambulatory expenditures per capita in 2017 USD;38;58;17
TUR;155;Turkey;2009;PHC expenditures in 2017 USD (millions);8250.37;12044.58;4992.04
TUR;155;Turkey;2009;PHC expenditures per capita in 2017 USD;112;164;68
TUR;155;Turkey;2010;PHC ambulatory expenditures in 2017 USD (millions);2820.53;4305.86;1249.26
TUR;155;Turkey;2010;PHC ambulatory expenditures per capita in 2017 USD;38;58;17
TUR;155;Turkey;2010;PHC expenditures in 2017 USD (millions);8401.08;12261.48;5084.14
TUR;155;Turkey;2010;PHC expenditures per capita in 2017 USD;113;165;68
TUR;155;Turkey;2011;PHC ambulatory expenditures in 2017 USD (millions);2814.15;4294.92;1247.71
TUR;155;Turkey;2011;PHC ambulatory expenditures per capita in 2017 USD;37;57;17
TUR;155;Turkey;2011;PHC expenditures in 2017 USD (millions);8381.78;12234.6;5076.13
TUR;155;Turkey;2011;PHC expenditures per capita in 2017 USD;111;163;67
TUR;155;Turkey;2012;PHC ambulatory expenditures in 2017 USD (millions);2915.3;4448;1296.43
TUR;155;Turkey;2012;PHC ambulatory expenditures per capita in 2017 USD;38;58;17
TUR;155;Turkey;2012;PHC expenditures in 2017 USD (millions);8679.65;12676.49;5256.81
TUR;155;Turkey;2012;PHC expenditures per capita in 2017 USD;114;166;69
TUR;155;Turkey;2013;PHC ambulatory expenditures in 2017 USD (millions);3034.76;4630.44;1348.54
TUR;155;Turkey;2013;PHC ambulatory expenditures per capita in 2017 USD;39;60;17
TUR;155;Turkey;2013;PHC expenditures in 2017 USD (millions);9032.06;13188.79;5461.92
TUR;155;Turkey;2013;PHC expenditures per capita in 2017 USD;117;171;71
TUR;155;Turkey;2014;PHC ambulatory expenditures in 2017 USD (millions);3108.15;4742.45;1382.11
TUR;155;Turkey;2014;PHC ambulatory expenditures per capita in 2017 USD;40;61;18
TUR;155;Turkey;2014;PHC expenditures in 2017 USD (millions);9248.31;13486.46;5581.52
TUR;155;Turkey;2014;PHC expenditures per capita in 2017 USD;119;173;72
TUR;155;Turkey;2015;PHC ambulatory expenditures in 2017 USD (millions);3236.39;4938.71;1433.06
TUR;155;Turkey;2015;PHC ambulatory expenditures per capita in 2017 USD;41;63;18
TUR;155;Turkey;2015;PHC expenditures in 2017 USD (millions);9624.14;14015.71;5801.67
TUR;155;Turkey;2015;PHC expenditures per capita in 2017 USD;122;178;74
TUR;155;Turkey;2016;PHC ambulatory expenditures in 2017 USD (millions);3404.93;5195.02;1507.63
TUR;155;Turkey;2016;PHC ambulatory expenditures per capita in 2017 USD;43;65;19
TUR;155;Turkey;2016;PHC expenditures in 2017 USD (millions);10117.09;14723.54;6092.32
TUR;155;Turkey;2016;PHC expenditures per capita in 2017 USD;127;185;77
TUR;155;Turkey;2017;PHC ambulatory expenditures in 2017 USD (millions);3571.41;5448.03;1580.64
TUR;155;Turkey;2017;PHC ambulatory expenditures per capita in 2017 USD;44;68;20
TUR;155;Turkey;2017;PHC expenditures in 2017 USD (millions);10607.29;15430.28;6389.63
TUR;155;Turkey;2017;PHC expenditures per capita in 2017 USD;132;192;79
TZA;189;Tanzania;2000;PHC ambulatory expenditures in 2017 USD (millions);79.56;178.9;9.5
TZA;189;Tanzania;2000;PHC ambulatory expenditures per capita in 2017 USD;2;5;0
TZA;189;Tanzania;2000;PHC expenditures in 2017 USD (millions);374.2;490.34;249.31
TZA;189;Tanzania;2000;PHC expenditures per capita in 2017 USD;11;14;7
TZA;189;Tanzania;2001;PHC ambulatory expenditures in 2017 USD (millions);99.9;224.5;11.95
TZA;189;Tanzania;2001;PHC ambulatory expenditures per capita in 2017 USD;3;6;0
TZA;189;Tanzania;2001;PHC expenditures in 2017 USD (millions);469.01;613.8;311.36
TZA;189;Tanzania;2001;PHC expenditures per capita in 2017 USD;13;17;9
TZA;189;Tanzania;2002;PHC ambulatory expenditures in 2017 USD (millions);108.19;242.63;13.01
TZA;189;Tanzania;2002;PHC ambulatory expenditures per capita in 2017 USD;3;7;0
TZA;189;Tanzania;2002;PHC expenditures in 2017 USD (millions);508.7;664.65;338.56
TZA;189;Tanzania;2002;PHC expenditures per capita in 2017 USD;14;18;9
TZA;189;Tanzania;2003;PHC ambulatory expenditures in 2017 USD (millions);126.67;283.94;15.29
TZA;189;Tanzania;2003;PHC ambulatory expenditures per capita in 2017 USD;3;8;0
TZA;189;Tanzania;2003;PHC expenditures in 2017 USD (millions);595.65;779.19;396.9
TZA;189;Tanzania;2003;PHC expenditures per capita in 2017 USD;16;21;11
TZA;189;Tanzania;2004;PHC ambulatory expenditures in 2017 USD (millions);156.9;351.63;18.97
TZA;189;Tanzania;2004;PHC ambulatory expenditures per capita in 2017 USD;4;9;0
TZA;189;Tanzania;2004;PHC expenditures in 2017 USD (millions);737;964.89;489.97
TZA;189;Tanzania;2004;PHC expenditures per capita in 2017 USD;19;25;13
TZA;189;Tanzania;2005;PHC ambulatory expenditures in 2017 USD (millions);181.48;406.62;21.96
TZA;189;Tanzania;2005;PHC ambulatory expenditures per capita in 2017 USD;5;10;1
TZA;189;Tanzania;2005;PHC expenditures in 2017 USD (millions);851.99;1113.85;567.42
TZA;189;Tanzania;2005;PHC expenditures per capita in 2017 USD;22;29;15
TZA;189;Tanzania;2006;PHC ambulatory expenditures in 2017 USD (millions);197.22;441.92;23.81
TZA;189;Tanzania;2006;PHC ambulatory expenditures per capita in 2017 USD;5;11;1
TZA;189;Tanzania;2006;PHC expenditures in 2017 USD (millions);924.84;1208.01;614.69
TZA;189;Tanzania;2006;PHC expenditures per capita in 2017 USD;23;30;15
TZA;189;Tanzania;2007;PHC ambulatory expenditures in 2017 USD (millions);212.77;477.1;25.6
TZA;189;Tanzania;2007;PHC ambulatory expenditures per capita in 2017 USD;5;12;1
TZA;189;Tanzania;2007;PHC expenditures in 2017 USD (millions);996.24;1300.52;660.79
TZA;189;Tanzania;2007;PHC expenditures per capita in 2017 USD;24;32;16
TZA;189;Tanzania;2008;PHC ambulatory expenditures in 2017 USD (millions);239.59;539;28.69
TZA;189;Tanzania;2008;PHC ambulatory expenditures per capita in 2017 USD;6;13;1
TZA;189;Tanzania;2008;PHC expenditures in 2017 USD (millions);1119.34;1462.94;741.19
TZA;189;Tanzania;2008;PHC expenditures per capita in 2017 USD;26;35;18
TZA;189;Tanzania;2009;PHC ambulatory expenditures in 2017 USD (millions);229.3;516.56;27.4
TZA;189;Tanzania;2009;PHC ambulatory expenditures per capita in 2017 USD;5;12;1
TZA;189;Tanzania;2009;PHC expenditures in 2017 USD (millions);1071.88;1400.27;709.91
TZA;189;Tanzania;2009;PHC expenditures per capita in 2017 USD;25;32;16
TZA;189;Tanzania;2010;PHC ambulatory expenditures in 2017 USD (millions);246.52;556.91;29.34
TZA;189;Tanzania;2010;PHC ambulatory expenditures per capita in 2017 USD;6;12;1
TZA;189;Tanzania;2010;PHC expenditures in 2017 USD (millions);1152.05;1504.71;762.69
TZA;189;Tanzania;2010;PHC expenditures per capita in 2017 USD;26;34;17
TZA;189;Tanzania;2011;PHC ambulatory expenditures in 2017 USD (millions);239.91;542.88;28.48
TZA;189;Tanzania;2011;PHC ambulatory expenditures per capita in 2017 USD;5;12;1
TZA;189;Tanzania;2011;PHC expenditures in 2017 USD (millions);1123.11;1466.59;743.98
TZA;189;Tanzania;2011;PHC expenditures per capita in 2017 USD;25;32;16
TZA;189;Tanzania;2012;PHC ambulatory expenditures in 2017 USD (millions);242.63;549.64;28.75
TZA;189;Tanzania;2012;PHC ambulatory expenditures per capita in 2017 USD;5;12;1
TZA;189;Tanzania;2012;PHC expenditures in 2017 USD (millions);1137.11;1486.27;752.43
TZA;189;Tanzania;2012;PHC expenditures per capita in 2017 USD;24;32;16
TZA;189;Tanzania;2013;PHC ambulatory expenditures in 2017 USD (millions);261.34;592.95;30.9
TZA;189;Tanzania;2013;PHC ambulatory expenditures per capita in 2017 USD;5;12;1
TZA;189;Tanzania;2013;PHC expenditures in 2017 USD (millions);1224.12;1603.45;807.46
TZA;189;Tanzania;2013;PHC expenditures per capita in 2017 USD;25;33;17
TZA;189;Tanzania;2014;PHC ambulatory expenditures in 2017 USD (millions);258.08;585.53;30.52
TZA;189;Tanzania;2014;PHC ambulatory expenditures per capita in 2017 USD;5;12;1
TZA;189;Tanzania;2014;PHC expenditures in 2017 USD (millions);1210.26;1587.21;799.34
TZA;189;Tanzania;2014;PHC expenditures per capita in 2017 USD;24;32;16
TZA;189;Tanzania;2015;PHC ambulatory expenditures in 2017 USD (millions);240.54;544.49;28.55
TZA;189;Tanzania;2015;PHC ambulatory expenditures per capita in 2017 USD;5;11;1
TZA;189;Tanzania;2015;PHC expenditures in 2017 USD (millions);1131.5;1483.9;751.07
TZA;189;Tanzania;2015;PHC expenditures per capita in 2017 USD;22;29;15
TZA;189;Tanzania;2016;PHC ambulatory expenditures in 2017 USD (millions);272.37;615.89;32.39
TZA;189;Tanzania;2016;PHC ambulatory expenditures per capita in 2017 USD;5;12;1
TZA;189;Tanzania;2016;PHC expenditures in 2017 USD (millions);1280.41;1680.72;848.88
TZA;189;Tanzania;2016;PHC expenditures per capita in 2017 USD;24;32;16
TZA;189;Tanzania;2017;PHC ambulatory expenditures in 2017 USD (millions);291.69;658.45;34.78
TZA;189;Tanzania;2017;PHC ambulatory expenditures per capita in 2017 USD;5;12;1
TZA;189;Tanzania;2017;PHC expenditures in 2017 USD (millions);1372.28;1803.59;910.33
TZA;189;Tanzania;2017;PHC expenditures per capita in 2017 USD;25;33;17
UGA;190;Uganda;2000;PHC ambulatory expenditures in 2017 USD (millions);12.81;28.31;4.18
UGA;190;Uganda;2000;PHC ambulatory expenditures per capita in 2017 USD;1;1;0
UGA;190;Uganda;2000;PHC expenditures in 2017 USD (millions);265.2;383.7;167.95
UGA;190;Uganda;2000;PHC expenditures per capita in 2017 USD;11;16;7
UGA;190;Uganda;2001;PHC ambulatory expenditures in 2017 USD (millions);15.31;33.86;4.96
UGA;190;Uganda;2001;PHC ambulatory expenditures per capita in 2017 USD;1;1;0
UGA;190;Uganda;2001;PHC expenditures in 2017 USD (millions);317.68;460.46;200.75
UGA;190;Uganda;2001;PHC expenditures per capita in 2017 USD;13;18;8
UGA;190;Uganda;2002;PHC ambulatory expenditures in 2017 USD (millions);15.72;34.74;5.12
UGA;190;Uganda;2002;PHC ambulatory expenditures per capita in 2017 USD;1;1;0
UGA;190;Uganda;2002;PHC expenditures in 2017 USD (millions);325.85;471.27;206.93
UGA;190;Uganda;2002;PHC expenditures per capita in 2017 USD;13;18;8
UGA;190;Uganda;2003;PHC ambulatory expenditures in 2017 USD (millions);19.7;43.63;6.38
UGA;190;Uganda;2003;PHC ambulatory expenditures per capita in 2017 USD;1;2;0
UGA;190;Uganda;2003;PHC expenditures in 2017 USD (millions);409.77;594.66;258.74
UGA;190;Uganda;2003;PHC expenditures per capita in 2017 USD;15;22;10
UGA;190;Uganda;2004;PHC ambulatory expenditures in 2017 USD (millions);23.22;51.46;7.51
UGA;190;Uganda;2004;PHC ambulatory expenditures per capita in 2017 USD;1;2;0
UGA;190;Uganda;2004;PHC expenditures in 2017 USD (millions);483.2;701.65;303.04
UGA;190;Uganda;2004;PHC expenditures per capita in 2017 USD;18;25;11
UGA;190;Uganda;2005;PHC ambulatory expenditures in 2017 USD (millions);25.72;57;8.31
UGA;190;Uganda;2005;PHC ambulatory expenditures per capita in 2017 USD;1;2;0
UGA;190;Uganda;2005;PHC expenditures in 2017 USD (millions);535.2;777.5;334.6
UGA;190;Uganda;2005;PHC expenditures per capita in 2017 USD;19;27;12
UGA;190;Uganda;2006;PHC ambulatory expenditures in 2017 USD (millions);27.28;60.35;8.78
UGA;190;Uganda;2006;PHC ambulatory expenditures per capita in 2017 USD;1;2;0
UGA;190;Uganda;2006;PHC expenditures in 2017 USD (millions);569.26;828.49;354.5
UGA;190;Uganda;2006;PHC expenditures per capita in 2017 USD;19;28;12
UGA;190;Uganda;2007;PHC ambulatory expenditures in 2017 USD (millions);29.21;64.27;9.35
UGA;190;Uganda;2007;PHC ambulatory expenditures per capita in 2017 USD;1;2;0
UGA;190;Uganda;2007;PHC expenditures in 2017 USD (millions);613.68;899.15;379.17
UGA;190;Uganda;2007;PHC expenditures per capita in 2017 USD;20;30;13
UGA;190;Uganda;2008;PHC ambulatory expenditures in 2017 USD (millions);28.61;63.05;9.09
UGA;190;Uganda;2008;PHC ambulatory expenditures per capita in 2017 USD;1;2;0
UGA;190;Uganda;2008;PHC expenditures in 2017 USD (millions);606.22;891.8;371.84
UGA;190;Uganda;2008;PHC expenditures per capita in 2017 USD;20;29;12
UGA;190;Uganda;2009;PHC ambulatory expenditures in 2017 USD (millions);27.77;61.26;8.83
UGA;190;Uganda;2009;PHC ambulatory expenditures per capita in 2017 USD;1;2;0
UGA;190;Uganda;2009;PHC expenditures in 2017 USD (millions);593.96;878.17;362.26
UGA;190;Uganda;2009;PHC expenditures per capita in 2017 USD;19;28;11
UGA;190;Uganda;2010;PHC ambulatory expenditures in 2017 USD (millions);27.15;59.89;8.65
UGA;190;Uganda;2010;PHC ambulatory expenditures per capita in 2017 USD;1;2;0
UGA;190;Uganda;2010;PHC expenditures in 2017 USD (millions);582.27;862.17;353.92
UGA;190;Uganda;2010;PHC expenditures per capita in 2017 USD;18;26;11
UGA;190;Uganda;2011;PHC ambulatory expenditures in 2017 USD (millions);25.69;56.78;8.2
UGA;190;Uganda;2011;PHC ambulatory expenditures per capita in 2017 USD;1;2;0
UGA;190;Uganda;2011;PHC expenditures in 2017 USD (millions);553.54;819.68;337.27
UGA;190;Uganda;2011;PHC expenditures per capita in 2017 USD;17;25;10
UGA;190;Uganda;2012;PHC ambulatory expenditures in 2017 USD (millions);27.96;62.01;8.95
UGA;190;Uganda;2012;PHC ambulatory expenditures per capita in 2017 USD;1;2;0
UGA;190;Uganda;2012;PHC expenditures in 2017 USD (millions);606.02;901.09;366.84
UGA;190;Uganda;2012;PHC expenditures per capita in 2017 USD;18;26;11
UGA;190;Uganda;2013;PHC ambulatory expenditures in 2017 USD (millions);26.07;57.88;8.35
UGA;190;Uganda;2013;PHC ambulatory expenditures per capita in 2017 USD;1;2;0
UGA;190;Uganda;2013;PHC expenditures in 2017 USD (millions);567.1;843.46;342.26
UGA;190;Uganda;2013;PHC expenditures per capita in 2017 USD;16;24;10
UGA;190;Uganda;2014;PHC ambulatory expenditures in 2017 USD (millions);26.57;59.09;8.52
UGA;190;Uganda;2014;PHC ambulatory expenditures per capita in 2017 USD;1;2;0
UGA;190;Uganda;2014;PHC expenditures in 2017 USD (millions);580.34;863.95;347.27
UGA;190;Uganda;2014;PHC expenditures per capita in 2017 USD;16;24;10
UGA;190;Uganda;2015;PHC ambulatory expenditures in 2017 USD (millions);25.99;57.77;8.33
UGA;190;Uganda;2015;PHC ambulatory expenditures per capita in 2017 USD;1;2;0
UGA;190;Uganda;2015;PHC expenditures in 2017 USD (millions);568.5;845.37;340.09
UGA;190;Uganda;2015;PHC expenditures per capita in 2017 USD;15;23;9
UGA;190;Uganda;2016;PHC ambulatory expenditures in 2017 USD (millions);27.7;61.51;8.88
UGA;190;Uganda;2016;PHC ambulatory expenditures per capita in 2017 USD;1;2;0
UGA;190;Uganda;2016;PHC expenditures in 2017 USD (millions);606.16;901.41;362.99
UGA;190;Uganda;2016;PHC expenditures per capita in 2017 USD;16;24;10
UGA;190;Uganda;2017;PHC ambulatory expenditures in 2017 USD (millions);27.36;60.56;8.77
UGA;190;Uganda;2017;PHC ambulatory expenditures per capita in 2017 USD;1;2;0
UGA;190;Uganda;2017;PHC expenditures in 2017 USD (millions);597.69;887.47;362.56
UGA;190;Uganda;2017;PHC expenditures per capita in 2017 USD;15;23;9
UKR;63;Ukraine;2000;PHC ambulatory expenditures in 2017 USD (millions);282.01;497.46;99.75
UKR;63;Ukraine;2000;PHC ambulatory expenditures per capita in 2017 USD;6;10;2
UKR;63;Ukraine;2000;PHC expenditures in 2017 USD (millions);1328.73;1749.09;965.91
UKR;63;Ukraine;2000;PHC expenditures per capita in 2017 USD;27;35;19
UKR;63;Ukraine;2001;PHC ambulatory expenditures in 2017 USD (millions);304;535.69;107.63
UKR;63;Ukraine;2001;PHC ambulatory expenditures per capita in 2017 USD;6;11;2
UKR;63;Ukraine;2001;PHC expenditures in 2017 USD (millions);1425.84;1878.43;1035.25
UKR;63;Ukraine;2001;PHC expenditures per capita in 2017 USD;29;38;21
UKR;63;Ukraine;2002;PHC ambulatory expenditures in 2017 USD (millions);331.47;583.67;117.66
UKR;63;Ukraine;2002;PHC ambulatory expenditures per capita in 2017 USD;7;12;2
UKR;63;Ukraine;2002;PHC expenditures in 2017 USD (millions);1549.57;2040.97;1125.54
UKR;63;Ukraine;2002;PHC expenditures per capita in 2017 USD;32;42;23
UKR;63;Ukraine;2003;PHC ambulatory expenditures in 2017 USD (millions);370.16;650.17;131.71
UKR;63;Ukraine;2003;PHC ambulatory expenditures per capita in 2017 USD;8;13;3
UKR;63;Ukraine;2003;PHC expenditures in 2017 USD (millions);1725.86;2271.71;1254.78
UKR;63;Ukraine;2003;PHC expenditures per capita in 2017 USD;35;47;26
UKR;63;Ukraine;2004;PHC ambulatory expenditures in 2017 USD (millions);415.41;727.79;148.07
UKR;63;Ukraine;2004;PHC ambulatory expenditures per capita in 2017 USD;9;15;3
UKR;63;Ukraine;2004;PHC expenditures in 2017 USD (millions);1933.76;2543.26;1407.42
UKR;63;Ukraine;2004;PHC expenditures per capita in 2017 USD;40;53;29
UKR;63;Ukraine;2005;PHC ambulatory expenditures in 2017 USD (millions);452.71;791.16;162.08
UKR;63;Ukraine;2005;PHC ambulatory expenditures per capita in 2017 USD;9;17;3
UKR;63;Ukraine;2005;PHC expenditures in 2017 USD (millions);2107.1;2766.06;1536.31
UKR;63;Ukraine;2005;PHC expenditures per capita in 2017 USD;44;58;32
UKR;63;Ukraine;2006;PHC ambulatory expenditures in 2017 USD (millions);480.73;839.51;172.9
UKR;63;Ukraine;2006;PHC ambulatory expenditures per capita in 2017 USD;10;18;4
UKR;63;Ukraine;2006;PHC expenditures in 2017 USD (millions);2239.99;2933.68;1635.46
UKR;63;Ukraine;2006;PHC expenditures per capita in 2017 USD;47;62;34
UKR;63;Ukraine;2007;PHC ambulatory expenditures in 2017 USD (millions);497.17;867.75;179.52
UKR;63;Ukraine;2007;PHC ambulatory expenditures per capita in 2017 USD;11;18;4
UKR;63;Ukraine;2007;PHC expenditures in 2017 USD (millions);2321.26;3033.45;1696.42
UKR;63;Ukraine;2007;PHC expenditures per capita in 2017 USD;49;64;36
UKR;63;Ukraine;2008;PHC ambulatory expenditures in 2017 USD (millions);518.55;902.7;188.36
UKR;63;Ukraine;2008;PHC ambulatory expenditures per capita in 2017 USD;11;19;4
UKR;63;Ukraine;2008;PHC expenditures in 2017 USD (millions);2423.03;3161.18;1774.75
UKR;63;Ukraine;2008;PHC expenditures per capita in 2017 USD;52;68;38
UKR;63;Ukraine;2009;PHC ambulatory expenditures in 2017 USD (millions);488.66;849.43;178.91
UKR;63;Ukraine;2009;PHC ambulatory expenditures per capita in 2017 USD;11;18;4
UKR;63;Ukraine;2009;PHC expenditures in 2017 USD (millions);2290.93;2981.97;1683.14
UKR;63;Ukraine;2009;PHC expenditures per capita in 2017 USD;49;64;36
UKR;63;Ukraine;2010;PHC ambulatory expenditures in 2017 USD (millions);505.88;878.94;185.25
UKR;63;Ukraine;2010;PHC ambulatory expenditures per capita in 2017 USD;11;19;4
UKR;63;Ukraine;2010;PHC expenditures in 2017 USD (millions);2368.25;3082.21;1739.89
UKR;63;Ukraine;2010;PHC expenditures per capita in 2017 USD;51;67;38
UKR;63;Ukraine;2011;PHC ambulatory expenditures in 2017 USD (millions);520.99;905.82;190.47
UKR;63;Ukraine;2011;PHC ambulatory expenditures per capita in 2017 USD;11;20;4
UKR;63;Ukraine;2011;PHC expenditures in 2017 USD (millions);2438.87;3174.52;1789.6
UKR;63;Ukraine;2011;PHC expenditures per capita in 2017 USD;53;69;39
UKR;63;Ukraine;2012;PHC ambulatory expenditures in 2017 USD (millions);552.54;959.74;202.19
UKR;63;Ukraine;2012;PHC ambulatory expenditures per capita in 2017 USD;12;21;4
UKR;63;Ukraine;2012;PHC expenditures in 2017 USD (millions);2580.23;3358.58;1895.01
UKR;63;Ukraine;2012;PHC expenditures per capita in 2017 USD;56;73;41
UKR;63;Ukraine;2013;PHC ambulatory expenditures in 2017 USD (millions);551.82;957.65;202.03
UKR;63;Ukraine;2013;PHC ambulatory expenditures per capita in 2017 USD;12;21;4
UKR;63;Ukraine;2013;PHC expenditures in 2017 USD (millions);2576.95;3352.77;1893.88
UKR;63;Ukraine;2013;PHC expenditures per capita in 2017 USD;56;73;41
UKR;63;Ukraine;2014;PHC ambulatory expenditures in 2017 USD (millions);513.97;891.26;188.32
UKR;63;Ukraine;2014;PHC ambulatory expenditures per capita in 2017 USD;11;20;4
UKR;63;Ukraine;2014;PHC expenditures in 2017 USD (millions);2405.78;3127.85;1769.1
UKR;63;Ukraine;2014;PHC expenditures per capita in 2017 USD;53;69;39
UKR;63;Ukraine;2015;PHC ambulatory expenditures in 2017 USD (millions);474.56;821.86;174.28
UKR;63;Ukraine;2015;PHC ambulatory expenditures per capita in 2017 USD;10;18;4
UKR;63;Ukraine;2015;PHC expenditures in 2017 USD (millions);2227.33;2892.48;1639.76
UKR;63;Ukraine;2015;PHC expenditures per capita in 2017 USD;49;64;36
UKR;63;Ukraine;2016;PHC ambulatory expenditures in 2017 USD (millions);467.77;809.15;172.09
UKR;63;Ukraine;2016;PHC ambulatory expenditures per capita in 2017 USD;10;18;4
UKR;63;Ukraine;2016;PHC expenditures in 2017 USD (millions);2195.16;2849.51;1617.91
UKR;63;Ukraine;2016;PHC expenditures per capita in 2017 USD;49;63;36
UKR;63;Ukraine;2017;PHC ambulatory expenditures in 2017 USD (millions);484.43;836.75;178.65
UKR;63;Ukraine;2017;PHC ambulatory expenditures per capita in 2017 USD;11;19;4
UKR;63;Ukraine;2017;PHC expenditures in 2017 USD (millions);2264.67;2940.55;1668.12
UKR;63;Ukraine;2017;PHC expenditures per capita in 2017 USD;51;66;37
UZB;41;Uzbekistan;2000;PHC ambulatory expenditures in 2017 USD (millions);145.02;198.03;71.89
UZB;41;Uzbekistan;2000;PHC ambulatory expenditures per capita in 2017 USD;6;8;3
UZB;41;Uzbekistan;2000;PHC expenditures in 2017 USD (millions);322.52;396.09;240.47
UZB;41;Uzbekistan;2000;PHC expenditures per capita in 2017 USD;13;16;10
UZB;41;Uzbekistan;2001;PHC ambulatory expenditures in 2017 USD (millions);147.36;201.23;73.08
UZB;41;Uzbekistan;2001;PHC ambulatory expenditures per capita in 2017 USD;6;8;3
UZB;41;Uzbekistan;2001;PHC expenditures in 2017 USD (millions);327.84;402.61;244.57
UZB;41;Uzbekistan;2001;PHC expenditures per capita in 2017 USD;13;16;10
UZB;41;Uzbekistan;2002;PHC ambulatory expenditures in 2017 USD (millions);160.3;218.93;79.24
UZB;41;Uzbekistan;2002;PHC ambulatory expenditures per capita in 2017 USD;6;8;3
UZB;41;Uzbekistan;2002;PHC expenditures in 2017 USD (millions);356.8;438.15;266.51
UZB;41;Uzbekistan;2002;PHC expenditures per capita in 2017 USD;14;17;10
UZB;41;Uzbekistan;2003;PHC ambulatory expenditures in 2017 USD (millions);160.06;218.64;79.07
UZB;41;Uzbekistan;2003;PHC ambulatory expenditures per capita in 2017 USD;6;8;3
UZB;41;Uzbekistan;2003;PHC expenditures in 2017 USD (millions);356.46;437.69;266.42
UZB;41;Uzbekistan;2003;PHC expenditures per capita in 2017 USD;14;17;10
UZB;41;Uzbekistan;2004;PHC ambulatory expenditures in 2017 USD (millions);167.75;229.16;82.85
UZB;41;Uzbekistan;2004;PHC ambulatory expenditures per capita in 2017 USD;6;9;3
UZB;41;Uzbekistan;2004;PHC expenditures in 2017 USD (millions);373.65;458.7;279.4
UZB;41;Uzbekistan;2004;PHC expenditures per capita in 2017 USD;14;17;11
UZB;41;Uzbekistan;2005;PHC ambulatory expenditures in 2017 USD (millions);174.16;238.09;85.32
UZB;41;Uzbekistan;2005;PHC ambulatory expenditures per capita in 2017 USD;6;9;3
UZB;41;Uzbekistan;2005;PHC expenditures in 2017 USD (millions);388.46;476.53;290.41
UZB;41;Uzbekistan;2005;PHC expenditures per capita in 2017 USD;14;18;11
UZB;41;Uzbekistan;2006;PHC ambulatory expenditures in 2017 USD (millions);177.32;242.51;86.54
UZB;41;Uzbekistan;2006;PHC ambulatory expenditures per capita in 2017 USD;7;9;3
UZB;41;Uzbekistan;2006;PHC expenditures in 2017 USD (millions);395.89;485.86;296.1
UZB;41;Uzbekistan;2006;PHC expenditures per capita in 2017 USD;15;18;11
UZB;41;Uzbekistan;2007;PHC ambulatory expenditures in 2017 USD (millions);198.76;271.88;96.8
UZB;41;Uzbekistan;2007;PHC ambulatory expenditures per capita in 2017 USD;7;10;4
UZB;41;Uzbekistan;2007;PHC expenditures in 2017 USD (millions);443.58;544.28;332.1
UZB;41;Uzbekistan;2007;PHC expenditures per capita in 2017 USD;16;20;12
UZB;41;Uzbekistan;2008;PHC ambulatory expenditures in 2017 USD (millions);227.82;311.74;110.62
UZB;41;Uzbekistan;2008;PHC ambulatory expenditures per capita in 2017 USD;8;11;4
UZB;41;Uzbekistan;2008;PHC expenditures in 2017 USD (millions);508.43;623.78;381.03
UZB;41;Uzbekistan;2008;PHC expenditures per capita in 2017 USD;18;22;14
UZB;41;Uzbekistan;2009;PHC ambulatory expenditures in 2017 USD (millions);260.11;356;126.05
UZB;41;Uzbekistan;2009;PHC ambulatory expenditures per capita in 2017 USD;9;12;4
UZB;41;Uzbekistan;2009;PHC expenditures in 2017 USD (millions);580.46;711.7;435.29
UZB;41;Uzbekistan;2009;PHC expenditures per capita in 2017 USD;20;25;15
UZB;41;Uzbekistan;2010;PHC ambulatory expenditures in 2017 USD (millions);289.16;395.89;139.83
UZB;41;Uzbekistan;2010;PHC ambulatory expenditures per capita in 2017 USD;10;14;5
UZB;41;Uzbekistan;2010;PHC expenditures in 2017 USD (millions);645.43;791.14;483.96
UZB;41;Uzbekistan;2010;PHC expenditures per capita in 2017 USD;22;27;17
UZB;41;Uzbekistan;2011;PHC ambulatory expenditures in 2017 USD (millions);310.97;425.86;149.99
UZB;41;Uzbekistan;2011;PHC ambulatory expenditures per capita in 2017 USD;11;14;5
UZB;41;Uzbekistan;2011;PHC expenditures in 2017 USD (millions);694.45;851.08;520.51
UZB;41;Uzbekistan;2011;PHC expenditures per capita in 2017 USD;24;29;18
UZB;41;Uzbekistan;2012;PHC ambulatory expenditures in 2017 USD (millions);354.53;485.69;170.64
UZB;41;Uzbekistan;2012;PHC ambulatory expenditures per capita in 2017 USD;12;16;6
UZB;41;Uzbekistan;2012;PHC expenditures in 2017 USD (millions);791.79;969.66;592.01
UZB;41;Uzbekistan;2012;PHC expenditures per capita in 2017 USD;27;32;20
UZB;41;Uzbekistan;2013;PHC ambulatory expenditures in 2017 USD (millions);384.08;526.49;183.78
UZB;41;Uzbekistan;2013;PHC ambulatory expenditures per capita in 2017 USD;13;17;6
UZB;41;Uzbekistan;2013;PHC expenditures in 2017 USD (millions);858.69;1050.39;642.42
UZB;41;Uzbekistan;2013;PHC expenditures per capita in 2017 USD;28;35;21
UZB;41;Uzbekistan;2014;PHC ambulatory expenditures in 2017 USD (millions);408.49;560.05;195.38
UZB;41;Uzbekistan;2014;PHC ambulatory expenditures per capita in 2017 USD;13;18;6
UZB;41;Uzbekistan;2014;PHC expenditures in 2017 USD (millions);913.48;1117.95;683.32
UZB;41;Uzbekistan;2014;PHC expenditures per capita in 2017 USD;30;36;22
UZB;41;Uzbekistan;2015;PHC ambulatory expenditures in 2017 USD (millions);437.27;599.61;209.19
UZB;41;Uzbekistan;2015;PHC ambulatory expenditures per capita in 2017 USD;14;19;7
UZB;41;Uzbekistan;2015;PHC expenditures in 2017 USD (millions);978.41;1197.96;731.58
UZB;41;Uzbekistan;2015;PHC expenditures per capita in 2017 USD;31;38;23
UZB;41;Uzbekistan;2016;PHC ambulatory expenditures in 2017 USD (millions);486.9;667.69;233.13
UZB;41;Uzbekistan;2016;PHC ambulatory expenditures per capita in 2017 USD;15;21;7
UZB;41;Uzbekistan;2016;PHC expenditures in 2017 USD (millions);1089.61;1334.3;814.64
UZB;41;Uzbekistan;2016;PHC expenditures per capita in 2017 USD;34;42;26
UZB;41;Uzbekistan;2017;PHC ambulatory expenditures in 2017 USD (millions);518.53;711.51;247.92
UZB;41;Uzbekistan;2017;PHC ambulatory expenditures per capita in 2017 USD;16;22;8
UZB;41;Uzbekistan;2017;PHC expenditures in 2017 USD (millions);1161.58;1421.27;868.46
UZB;41;Uzbekistan;2017;PHC expenditures per capita in 2017 USD;36;44;27
VCT;117;Saint Vincent and the Grenadines;2000;PHC ambulatory expenditures in 2017 USD (millions);4.47;6.13;2.28
VCT;117;Saint Vincent and the Grenadines;2000;PHC ambulatory expenditures per capita in 2017 USD;41;56;21
VCT;117;Saint Vincent and the Grenadines;2000;PHC expenditures in 2017 USD (millions);10.33;12.66;7.8
VCT;117;Saint Vincent and the Grenadines;2000;PHC expenditures per capita in 2017 USD;94;115;71
VCT;117;Saint Vincent and the Grenadines;2001;PHC ambulatory expenditures in 2017 USD (millions);4.39;6.03;2.24
VCT;117;Saint Vincent and the Grenadines;2001;PHC ambulatory expenditures per capita in 2017 USD;40;55;20
VCT;117;Saint Vincent and the Grenadines;2001;PHC expenditures in 2017 USD (millions);10.17;12.44;7.68
VCT;117;Saint Vincent and the Grenadines;2001;PHC expenditures per capita in 2017 USD;92;113;70
VCT;117;Saint Vincent and the Grenadines;2002;PHC ambulatory expenditures in 2017 USD (millions);4.57;6.27;2.33
VCT;117;Saint Vincent and the Grenadines;2002;PHC ambulatory expenditures per capita in 2017 USD;41;57;21
VCT;117;Saint Vincent and the Grenadines;2002;PHC expenditures in 2017 USD (millions);10.57;12.93;7.98
VCT;117;Saint Vincent and the Grenadines;2002;PHC expenditures per capita in 2017 USD;96;117;72
VCT;117;Saint Vincent and the Grenadines;2003;PHC ambulatory expenditures in 2017 USD (millions);4.76;6.53;2.42
VCT;117;Saint Vincent and the Grenadines;2003;PHC ambulatory expenditures per capita in 2017 USD;43;59;22
VCT;117;Saint Vincent and the Grenadines;2003;PHC expenditures in 2017 USD (millions);11;13.46;8.3
VCT;117;Saint Vincent and the Grenadines;2003;PHC expenditures per capita in 2017 USD;100;122;75
VCT;117;Saint Vincent and the Grenadines;2004;PHC ambulatory expenditures in 2017 USD (millions);4.76;6.53;2.42
VCT;117;Saint Vincent and the Grenadines;2004;PHC ambulatory expenditures per capita in 2017 USD;43;59;22
VCT;117;Saint Vincent and the Grenadines;2004;PHC expenditures in 2017 USD (millions);11;13.45;8.29
VCT;117;Saint Vincent and the Grenadines;2004;PHC expenditures per capita in 2017 USD;100;122;75
VCT;117;Saint Vincent and the Grenadines;2005;PHC ambulatory expenditures in 2017 USD (millions);4.93;6.76;2.5
VCT;117;Saint Vincent and the Grenadines;2005;PHC ambulatory expenditures per capita in 2017 USD;45;61;23
VCT;117;Saint Vincent and the Grenadines;2005;PHC expenditures in 2017 USD (millions);11.4;13.94;8.59
VCT;117;Saint Vincent and the Grenadines;2005;PHC expenditures per capita in 2017 USD;103;126;78
VCT;117;Saint Vincent and the Grenadines;2006;PHC ambulatory expenditures in 2017 USD (millions);5.08;6.96;2.59
VCT;117;Saint Vincent and the Grenadines;2006;PHC ambulatory expenditures per capita in 2017 USD;46;63;23
VCT;117;Saint Vincent and the Grenadines;2006;PHC expenditures in 2017 USD (millions);11.73;14.34;8.84
VCT;117;Saint Vincent and the Grenadines;2006;PHC expenditures per capita in 2017 USD;106;130;80
VCT;117;Saint Vincent and the Grenadines;2007;PHC ambulatory expenditures in 2017 USD (millions);5.24;7.18;2.68
VCT;117;Saint Vincent and the Grenadines;2007;PHC ambulatory expenditures per capita in 2017 USD;47;65;24
VCT;117;Saint Vincent and the Grenadines;2007;PHC expenditures in 2017 USD (millions);12.09;14.79;9.11
VCT;117;Saint Vincent and the Grenadines;2007;PHC expenditures per capita in 2017 USD;109;133;82
VCT;117;Saint Vincent and the Grenadines;2008;PHC ambulatory expenditures in 2017 USD (millions);5.46;7.48;2.81
VCT;117;Saint Vincent and the Grenadines;2008;PHC ambulatory expenditures per capita in 2017 USD;49;67;25
VCT;117;Saint Vincent and the Grenadines;2008;PHC expenditures in 2017 USD (millions);12.58;15.4;9.47
VCT;117;Saint Vincent and the Grenadines;2008;PHC expenditures per capita in 2017 USD;113;138;85
VCT;117;Saint Vincent and the Grenadines;2009;PHC ambulatory expenditures in 2017 USD (millions);5.76;7.89;2.98
VCT;117;Saint Vincent and the Grenadines;2009;PHC ambulatory expenditures per capita in 2017 USD;52;71;27
VCT;117;Saint Vincent and the Grenadines;2009;PHC expenditures in 2017 USD (millions);13.25;16.23;9.99
VCT;117;Saint Vincent and the Grenadines;2009;PHC expenditures per capita in 2017 USD;119;145;89
VCT;117;Saint Vincent and the Grenadines;2010;PHC ambulatory expenditures in 2017 USD (millions);5.75;7.88;2.99
VCT;117;Saint Vincent and the Grenadines;2010;PHC ambulatory expenditures per capita in 2017 USD;51;70;27
VCT;117;Saint Vincent and the Grenadines;2010;PHC expenditures in 2017 USD (millions);13.24;16.21;9.97
VCT;117;Saint Vincent and the Grenadines;2010;PHC expenditures per capita in 2017 USD;118;145;89
VCT;117;Saint Vincent and the Grenadines;2011;PHC ambulatory expenditures in 2017 USD (millions);5.65;7.73;2.94
VCT;117;Saint Vincent and the Grenadines;2011;PHC ambulatory expenditures per capita in 2017 USD;50;69;26
VCT;117;Saint Vincent and the Grenadines;2011;PHC expenditures in 2017 USD (millions);12.99;15.92;9.8
VCT;117;Saint Vincent and the Grenadines;2011;PHC expenditures per capita in 2017 USD;115;141;87
VCT;117;Saint Vincent and the Grenadines;2012;PHC ambulatory expenditures in 2017 USD (millions);5.62;7.69;2.94
VCT;117;Saint Vincent and the Grenadines;2012;PHC ambulatory expenditures per capita in 2017 USD;50;68;26
VCT;117;Saint Vincent and the Grenadines;2012;PHC expenditures in 2017 USD (millions);12.92;15.83;9.73
VCT;117;Saint Vincent and the Grenadines;2012;PHC expenditures per capita in 2017 USD;114;140;86
VCT;117;Saint Vincent and the Grenadines;2013;PHC ambulatory expenditures in 2017 USD (millions);6.05;8.27;3.17
VCT;117;Saint Vincent and the Grenadines;2013;PHC ambulatory expenditures per capita in 2017 USD;53;73;28
VCT;117;Saint Vincent and the Grenadines;2013;PHC expenditures in 2017 USD (millions);13.88;17.01;10.45
VCT;117;Saint Vincent and the Grenadines;2013;PHC expenditures per capita in 2017 USD;123;150;92
VCT;117;Saint Vincent and the Grenadines;2014;PHC ambulatory expenditures in 2017 USD (millions);6.31;8.63;3.32
VCT;117;Saint Vincent and the Grenadines;2014;PHC ambulatory expenditures per capita in 2017 USD;56;76;29
VCT;117;Saint Vincent and the Grenadines;2014;PHC expenditures in 2017 USD (millions);14.45;17.72;10.88
VCT;117;Saint Vincent and the Grenadines;2014;PHC expenditures per capita in 2017 USD;127;156;96
VCT;117;Saint Vincent and the Grenadines;2015;PHC ambulatory expenditures in 2017 USD (millions);6.35;8.68;3.38
VCT;117;Saint Vincent and the Grenadines;2015;PHC ambulatory expenditures per capita in 2017 USD;56;76;30
VCT;117;Saint Vincent and the Grenadines;2015;PHC expenditures in 2017 USD (millions);14.54;17.85;10.94
VCT;117;Saint Vincent and the Grenadines;2015;PHC expenditures per capita in 2017 USD;128;157;96
VCT;117;Saint Vincent and the Grenadines;2016;PHC ambulatory expenditures in 2017 USD (millions);6.29;8.6;3.32
VCT;117;Saint Vincent and the Grenadines;2016;PHC ambulatory expenditures per capita in 2017 USD;55;76;29
VCT;117;Saint Vincent and the Grenadines;2016;PHC expenditures in 2017 USD (millions);14.42;17.7;10.85
VCT;117;Saint Vincent and the Grenadines;2016;PHC expenditures per capita in 2017 USD;127;155;95
VCT;117;Saint Vincent and the Grenadines;2017;PHC ambulatory expenditures in 2017 USD (millions);6.22;8.51;3.22
VCT;117;Saint Vincent and the Grenadines;2017;PHC ambulatory expenditures per capita in 2017 USD;54;75;28
VCT;117;Saint Vincent and the Grenadines;2017;PHC expenditures in 2017 USD (millions);14.29;17.52;10.75
VCT;117;Saint Vincent and the Grenadines;2017;PHC expenditures per capita in 2017 USD;125;154;94
VEN;133;Venezuela;2000;PHC ambulatory expenditures in 2017 USD (millions);1727.55;2361.79;871.08
VEN;133;Venezuela;2000;PHC ambulatory expenditures per capita in 2017 USD;74;102;38
VEN;133;Venezuela;2000;PHC expenditures in 2017 USD (millions);3916.19;4796.23;2929
VEN;133;Venezuela;2000;PHC expenditures per capita in 2017 USD;169;207;126
VEN;133;Venezuela;2001;PHC ambulatory expenditures in 2017 USD (millions);1848.99;2529.76;913.82
VEN;133;Venezuela;2001;PHC ambulatory expenditures per capita in 2017 USD;78;107;39
VEN;133;Venezuela;2001;PHC expenditures in 2017 USD (millions);4201.35;5137.05;3142.31
VEN;133;Venezuela;2001;PHC expenditures per capita in 2017 USD;178;217;133
VEN;133;Venezuela;2002;PHC ambulatory expenditures in 2017 USD (millions);1689.03;2313.17;812.43
VEN;133;Venezuela;2002;PHC ambulatory expenditures per capita in 2017 USD;70;96;34
VEN;133;Venezuela;2002;PHC expenditures in 2017 USD (millions);3858.31;4707.15;2887.86
VEN;133;Venezuela;2002;PHC expenditures per capita in 2017 USD;160;196;120
VEN;133;Venezuela;2003;PHC ambulatory expenditures in 2017 USD (millions);1598.88;2195.22;755.14
VEN;133;Venezuela;2003;PHC ambulatory expenditures per capita in 2017 USD;65;90;31
VEN;133;Venezuela;2003;PHC expenditures in 2017 USD (millions);3674.21;4472.25;2758.92
VEN;133;Venezuela;2003;PHC expenditures per capita in 2017 USD;150;183;113
VEN;133;Venezuela;2004;PHC ambulatory expenditures in 2017 USD (millions);1728.97;2374.78;817.94
VEN;133;Venezuela;2004;PHC ambulatory expenditures per capita in 2017 USD;69;95;33
VEN;133;Venezuela;2004;PHC expenditures in 2017 USD (millions);3976.23;4838.62;2986.41
VEN;133;Venezuela;2004;PHC expenditures per capita in 2017 USD;160;194;120
VEN;133;Venezuela;2005;PHC ambulatory expenditures in 2017 USD (millions);1903.11;2610.58;909.76
VEN;133;Venezuela;2005;PHC ambulatory expenditures per capita in 2017 USD;75;103;36
VEN;133;Venezuela;2005;PHC expenditures in 2017 USD (millions);4362.62;5311.84;3270.98
VEN;133;Venezuela;2005;PHC expenditures per capita in 2017 USD;172;209;129
VEN;133;Venezuela;2006;PHC ambulatory expenditures in 2017 USD (millions);2315.77;3176.54;1125.91
VEN;133;Venezuela;2006;PHC ambulatory expenditures per capita in 2017 USD;89;122;43
VEN;133;Venezuela;2006;PHC expenditures in 2017 USD (millions);5279.88;6443.11;3949.16
VEN;133;Venezuela;2006;PHC expenditures per capita in 2017 USD;204;248;152
VEN;133;Venezuela;2007;PHC ambulatory expenditures in 2017 USD (millions);2382.98;3261.66;1180.85
VEN;133;Venezuela;2007;PHC ambulatory expenditures per capita in 2017 USD;90;123;45
VEN;133;Venezuela;2007;PHC expenditures in 2017 USD (millions);5412.84;6615.78;4049.43
VEN;133;Venezuela;2007;PHC expenditures per capita in 2017 USD;205;250;153
VEN;133;Venezuela;2008;PHC ambulatory expenditures in 2017 USD (millions);2427.86;3318.87;1217.15
VEN;133;Venezuela;2008;PHC ambulatory expenditures per capita in 2017 USD;90;124;45
VEN;133;Venezuela;2008;PHC expenditures in 2017 USD (millions);5503.61;6731.83;4113.51
VEN;133;Venezuela;2008;PHC expenditures per capita in 2017 USD;205;251;153
VEN;133;Venezuela;2009;PHC ambulatory expenditures in 2017 USD (millions);2300.97;3144.99;1149.65
VEN;133;Venezuela;2009;PHC ambulatory expenditures per capita in 2017 USD;84;115;42
VEN;133;Venezuela;2009;PHC expenditures in 2017 USD (millions);5219.86;6381.6;3902.67
VEN;133;Venezuela;2009;PHC expenditures per capita in 2017 USD;191;234;143
VEN;133;Venezuela;2010;PHC ambulatory expenditures in 2017 USD (millions);2245.19;3069.7;1116.96
VEN;133;Venezuela;2010;PHC ambulatory expenditures per capita in 2017 USD;81;111;40
VEN;133;Venezuela;2010;PHC expenditures in 2017 USD (millions);5098.79;6231.96;3814.82
VEN;133;Venezuela;2010;PHC expenditures per capita in 2017 USD;184;225;137
VEN;133;Venezuela;2011;PHC ambulatory expenditures in 2017 USD (millions);2485.12;3400.71;1228.27
VEN;133;Venezuela;2011;PHC ambulatory expenditures per capita in 2017 USD;88;121;44
VEN;133;Venezuela;2011;PHC expenditures in 2017 USD (millions);5649.17;6900.08;4229.47
VEN;133;Venezuela;2011;PHC expenditures per capita in 2017 USD;200;245;150
VEN;133;Venezuela;2012;PHC ambulatory expenditures in 2017 USD (millions);2424.42;3317.64;1200.69
VEN;133;Venezuela;2012;PHC ambulatory expenditures per capita in 2017 USD;85;116;42
VEN;133;Venezuela;2012;PHC expenditures in 2017 USD (millions);5512.68;6732.76;4128.79
VEN;133;Venezuela;2012;PHC expenditures per capita in 2017 USD;192;235;144
VEN;133;Venezuela;2013;PHC ambulatory expenditures in 2017 USD (millions);2153.92;2945.26;1074.44
VEN;133;Venezuela;2013;PHC ambulatory expenditures per capita in 2017 USD;74;101;37
VEN;133;Venezuela;2013;PHC expenditures in 2017 USD (millions);4897.32;5980.83;3669.37
VEN;133;Venezuela;2013;PHC expenditures per capita in 2017 USD;168;205;126
VEN;133;Venezuela;2014;PHC ambulatory expenditures in 2017 USD (millions);2042.06;2791.09;1020.86
VEN;133;Venezuela;2014;PHC ambulatory expenditures per capita in 2017 USD;69;94;35
VEN;133;Venezuela;2014;PHC expenditures in 2017 USD (millions);4643.03;5671.84;3480.19
VEN;133;Venezuela;2014;PHC expenditures per capita in 2017 USD;157;192;118
VEN;133;Venezuela;2015;PHC ambulatory expenditures in 2017 USD (millions);1457.55;1991.7;727.66
VEN;133;Venezuela;2015;PHC ambulatory expenditures per capita in 2017 USD;49;66;24
VEN;133;Venezuela;2015;PHC expenditures in 2017 USD (millions);3329.98;4066.29;2498.7
VEN;133;Venezuela;2015;PHC expenditures per capita in 2017 USD;111;136;83
VEN;133;Venezuela;2016;PHC ambulatory expenditures in 2017 USD (millions);958.82;1310.33;481.27
VEN;133;Venezuela;2016;PHC ambulatory expenditures per capita in 2017 USD;32;43;16
VEN;133;Venezuela;2016;PHC expenditures in 2017 USD (millions);2207.61;2691.82;1658.69
VEN;133;Venezuela;2016;PHC expenditures per capita in 2017 USD;73;89;55
VEN;133;Venezuela;2017;PHC ambulatory expenditures in 2017 USD (millions);507.83;693.86;256.26
VEN;133;Venezuela;2017;PHC ambulatory expenditures per capita in 2017 USD;16;23;8
VEN;133;Venezuela;2017;PHC expenditures in 2017 USD (millions);1191.86;1450.46;907.68
VEN;133;Venezuela;2017;PHC expenditures per capita in 2017 USD;39;47;29
VNM;20;Vietnam;2000;PHC ambulatory expenditures in 2017 USD (millions);442.43;689.51;142.29
VNM;20;Vietnam;2000;PHC ambulatory expenditures per capita in 2017 USD;6;9;2
VNM;20;Vietnam;2000;PHC expenditures in 2017 USD (millions);1006.3;1635.44;513.52
VNM;20;Vietnam;2000;PHC expenditures per capita in 2017 USD;13;20;6
VNM;20;Vietnam;2001;PHC ambulatory expenditures in 2017 USD (millions);477.98;744.86;155.01
VNM;20;Vietnam;2001;PHC ambulatory expenditures per capita in 2017 USD;6;9;2
VNM;20;Vietnam;2001;PHC expenditures in 2017 USD (millions);1088;1768.36;557.04
VNM;20;Vietnam;2001;PHC expenditures per capita in 2017 USD;13;22;7
VNM;20;Vietnam;2002;PHC ambulatory expenditures in 2017 USD (millions);513.68;800.43;167.91
VNM;20;Vietnam;2002;PHC ambulatory expenditures per capita in 2017 USD;6;10;2
VNM;20;Vietnam;2002;PHC expenditures in 2017 USD (millions);1171.13;1903.49;599.66
VNM;20;Vietnam;2002;PHC expenditures per capita in 2017 USD;14;23;7
VNM;20;Vietnam;2003;PHC ambulatory expenditures in 2017 USD (millions);577.92;899.21;190.2
VNM;20;Vietnam;2003;PHC ambulatory expenditures per capita in 2017 USD;7;11;2
VNM;20;Vietnam;2003;PHC expenditures in 2017 USD (millions);1318.72;2144.84;674.39
VNM;20;Vietnam;2003;PHC expenditures per capita in 2017 USD;16;26;8
VNM;20;Vietnam;2004;PHC ambulatory expenditures in 2017 USD (millions);599.68;931.54;196.69
VNM;20;Vietnam;2004;PHC ambulatory expenditures per capita in 2017 USD;7;11;2
VNM;20;Vietnam;2004;PHC expenditures in 2017 USD (millions);1371.76;2229.86;702.08
VNM;20;Vietnam;2004;PHC expenditures per capita in 2017 USD;16;27;8
VNM;20;Vietnam;2005;PHC ambulatory expenditures in 2017 USD (millions);680.27;1055.89;221.37
VNM;20;Vietnam;2005;PHC ambulatory expenditures per capita in 2017 USD;8;12;3
VNM;20;Vietnam;2005;PHC expenditures in 2017 USD (millions);1557.19;2521.8;797.07
VNM;20;Vietnam;2005;PHC expenditures per capita in 2017 USD;18;30;9
VNM;20;Vietnam;2006;PHC ambulatory expenditures in 2017 USD (millions);739.13;1147.73;239.36
VNM;20;Vietnam;2006;PHC ambulatory expenditures per capita in 2017 USD;9;13;3
VNM;20;Vietnam;2006;PHC expenditures in 2017 USD (millions);1695.58;2742.85;870.76
VNM;20;Vietnam;2006;PHC expenditures per capita in 2017 USD;20;32;10
VNM;20;Vietnam;2007;PHC ambulatory expenditures in 2017 USD (millions);822.5;1277.68;268.11
VNM;20;Vietnam;2007;PHC ambulatory expenditures per capita in 2017 USD;9;15;3
VNM;20;Vietnam;2007;PHC expenditures in 2017 USD (millions);1889.34;3056.43;972.45
VNM;20;Vietnam;2007;PHC expenditures per capita in 2017 USD;22;35;11
VNM;20;Vietnam;2008;PHC ambulatory expenditures in 2017 USD (millions);862.06;1339.42;281.97
VNM;20;Vietnam;2008;PHC ambulatory expenditures per capita in 2017 USD;10;15;3
VNM;20;Vietnam;2008;PHC expenditures in 2017 USD (millions);1984.27;3208.07;1026.64
VNM;20;Vietnam;2008;PHC expenditures per capita in 2017 USD;23;37;12
VNM;20;Vietnam;2009;PHC ambulatory expenditures in 2017 USD (millions);970.65;1508.86;319.12
VNM;20;Vietnam;2009;PHC ambulatory expenditures per capita in 2017 USD;11;17;4
VNM;20;Vietnam;2009;PHC expenditures in 2017 USD (millions);2236.93;3613.25;1161.62
VNM;20;Vietnam;2009;PHC expenditures per capita in 2017 USD;25;41;13
VNM;20;Vietnam;2010;PHC ambulatory expenditures in 2017 USD (millions);1070.02;1663.73;352.69
VNM;20;Vietnam;2010;PHC ambulatory expenditures per capita in 2017 USD;12;19;4
VNM;20;Vietnam;2010;PHC expenditures in 2017 USD (millions);2469.05;3980.85;1285.94
VNM;20;Vietnam;2010;PHC expenditures per capita in 2017 USD;27;44;14
VNM;20;Vietnam;2011;PHC ambulatory expenditures in 2017 USD (millions);1131.62;1759.9;373.87
VNM;20;Vietnam;2011;PHC ambulatory expenditures per capita in 2017 USD;12;19;4
VNM;20;Vietnam;2011;PHC expenditures in 2017 USD (millions);2615.62;4211.02;1362.76
VNM;20;Vietnam;2011;PHC expenditures per capita in 2017 USD;29;46;15
VNM;20;Vietnam;2012;PHC ambulatory expenditures in 2017 USD (millions);1291.07;2008.86;428.98
VNM;20;Vietnam;2012;PHC ambulatory expenditures per capita in 2017 USD;14;22;5
VNM;20;Vietnam;2012;PHC expenditures in 2017 USD (millions);2985.06;4801.06;1560.97
VNM;20;Vietnam;2012;PHC expenditures per capita in 2017 USD;33;52;17
VNM;20;Vietnam;2013;PHC ambulatory expenditures in 2017 USD (millions);1422.38;2214.23;475.42
VNM;20;Vietnam;2013;PHC ambulatory expenditures per capita in 2017 USD;15;24;5
VNM;20;Vietnam;2013;PHC expenditures in 2017 USD (millions);3290.79;5290.01;1726.79
VNM;20;Vietnam;2013;PHC expenditures per capita in 2017 USD;35;57;19
VNM;20;Vietnam;2014;PHC ambulatory expenditures in 2017 USD (millions);1427.27;2220.38;480.41
VNM;20;Vietnam;2014;PHC ambulatory expenditures per capita in 2017 USD;15;24;5
VNM;20;Vietnam;2014;PHC expenditures in 2017 USD (millions);3310.13;5313.95;1742.36
VNM;20;Vietnam;2014;PHC expenditures per capita in 2017 USD;35;57;19
VNM;20;Vietnam;2015;PHC ambulatory expenditures in 2017 USD (millions);1522.79;2365.68;517.83
VNM;20;Vietnam;2015;PHC ambulatory expenditures per capita in 2017 USD;16;25;5
VNM;20;Vietnam;2015;PHC expenditures in 2017 USD (millions);3536.36;5663.62;1860.51
VNM;20;Vietnam;2015;PHC expenditures per capita in 2017 USD;37;60;20
VNM;20;Vietnam;2016;PHC ambulatory expenditures in 2017 USD (millions);1622.07;2522.19;557.7
VNM;20;Vietnam;2016;PHC ambulatory expenditures per capita in 2017 USD;17;26;6
VNM;20;Vietnam;2016;PHC expenditures in 2017 USD (millions);3772.2;6028.25;1984.61
VNM;20;Vietnam;2016;PHC expenditures per capita in 2017 USD;40;63;21
VNM;20;Vietnam;2017;PHC ambulatory expenditures in 2017 USD (millions);1767.73;2750.8;615.21
VNM;20;Vietnam;2017;PHC ambulatory expenditures per capita in 2017 USD;18;29;6
VNM;20;Vietnam;2017;PHC expenditures in 2017 USD (millions);4116.4;6562.06;2164.91
VNM;20;Vietnam;2017;PHC expenditures per capita in 2017 USD;43;68;23
VUT;30;Vanuatu;2000;PHC ambulatory expenditures in 2017 USD (millions);2.45;3.98;0.36
VUT;30;Vanuatu;2000;PHC ambulatory expenditures per capita in 2017 USD;13;21;2
VUT;30;Vanuatu;2000;PHC expenditures in 2017 USD (millions);7.63;11.17;4.29
VUT;30;Vanuatu;2000;PHC expenditures per capita in 2017 USD;40;58;22
VUT;30;Vanuatu;2001;PHC ambulatory expenditures in 2017 USD (millions);2.53;4.11;0.37
VUT;30;Vanuatu;2001;PHC ambulatory expenditures per capita in 2017 USD;13;21;2
VUT;30;Vanuatu;2001;PHC expenditures in 2017 USD (millions);7.84;11.53;4.41
VUT;30;Vanuatu;2001;PHC expenditures per capita in 2017 USD;40;58;22
VUT;30;Vanuatu;2002;PHC ambulatory expenditures in 2017 USD (millions);2.44;3.98;0.36
VUT;30;Vanuatu;2002;PHC ambulatory expenditures per capita in 2017 USD;12;20;2
VUT;30;Vanuatu;2002;PHC expenditures in 2017 USD (millions);7.61;11.15;4.29
VUT;30;Vanuatu;2002;PHC expenditures per capita in 2017 USD;38;55;21
VUT;30;Vanuatu;2003;PHC ambulatory expenditures in 2017 USD (millions);2.67;4.34;0.39
VUT;30;Vanuatu;2003;PHC ambulatory expenditures per capita in 2017 USD;13;21;2
VUT;30;Vanuatu;2003;PHC expenditures in 2017 USD (millions);8.22;12.15;4.6
VUT;30;Vanuatu;2003;PHC expenditures per capita in 2017 USD;40;58;22
VUT;30;Vanuatu;2004;PHC ambulatory expenditures in 2017 USD (millions);2.88;4.68;0.41
VUT;30;Vanuatu;2004;PHC ambulatory expenditures per capita in 2017 USD;13;22;2
VUT;30;Vanuatu;2004;PHC expenditures in 2017 USD (millions);8.82;13.09;4.91
VUT;30;Vanuatu;2004;PHC expenditures per capita in 2017 USD;41;61;23
VUT;30;Vanuatu;2005;PHC ambulatory expenditures in 2017 USD (millions);2.86;4.65;0.41
VUT;30;Vanuatu;2005;PHC ambulatory expenditures per capita in 2017 USD;13;21;2
VUT;30;Vanuatu;2005;PHC expenditures in 2017 USD (millions);8.77;13.03;4.88
VUT;30;Vanuatu;2005;PHC expenditures per capita in 2017 USD;40;59;22
VUT;30;Vanuatu;2006;PHC ambulatory expenditures in 2017 USD (millions);3;4.88;0.43
VUT;30;Vanuatu;2006;PHC ambulatory expenditures per capita in 2017 USD;13;22;2
VUT;30;Vanuatu;2006;PHC expenditures in 2017 USD (millions);9.21;13.69;5.13
VUT;30;Vanuatu;2006;PHC expenditures per capita in 2017 USD;41;61;23
VUT;30;Vanuatu;2007;PHC ambulatory expenditures in 2017 USD (millions);3.06;4.97;0.44
VUT;30;Vanuatu;2007;PHC ambulatory expenditures per capita in 2017 USD;13;22;2
VUT;30;Vanuatu;2007;PHC expenditures in 2017 USD (millions);9.38;13.95;5.22
VUT;30;Vanuatu;2007;PHC expenditures per capita in 2017 USD;41;61;23
VUT;30;Vanuatu;2008;PHC ambulatory expenditures in 2017 USD (millions);3.71;6.03;0.53
VUT;30;Vanuatu;2008;PHC ambulatory expenditures per capita in 2017 USD;16;26;2
VUT;30;Vanuatu;2008;PHC expenditures in 2017 USD (millions);11.31;16.87;6.26
VUT;30;Vanuatu;2008;PHC expenditures per capita in 2017 USD;48;71;27
VUT;30;Vanuatu;2009;PHC ambulatory expenditures in 2017 USD (millions);4.95;8.04;0.7
VUT;30;Vanuatu;2009;PHC ambulatory expenditures per capita in 2017 USD;20;33;3
VUT;30;Vanuatu;2009;PHC expenditures in 2017 USD (millions);14.87;22.29;8.08
VUT;30;Vanuatu;2009;PHC expenditures per capita in 2017 USD;61;92;33
VUT;30;Vanuatu;2010;PHC ambulatory expenditures in 2017 USD (millions);4.3;6.99;0.61
VUT;30;Vanuatu;2010;PHC ambulatory expenditures per capita in 2017 USD;17;28;2
VUT;30;Vanuatu;2010;PHC expenditures in 2017 USD (millions);13.01;19.43;7.13
VUT;30;Vanuatu;2010;PHC expenditures per capita in 2017 USD;53;78;29
VUT;30;Vanuatu;2011;PHC ambulatory expenditures in 2017 USD (millions);4.15;6.75;0.59
VUT;30;Vanuatu;2011;PHC ambulatory expenditures per capita in 2017 USD;16;27;2
VUT;30;Vanuatu;2011;PHC expenditures in 2017 USD (millions);12.58;18.78;6.9
VUT;30;Vanuatu;2011;PHC expenditures per capita in 2017 USD;50;74;27
VUT;30;Vanuatu;2012;PHC ambulatory expenditures in 2017 USD (millions);4.53;7.36;0.64
VUT;30;Vanuatu;2012;PHC ambulatory expenditures per capita in 2017 USD;17;28;2
VUT;30;Vanuatu;2012;PHC expenditures in 2017 USD (millions);13.66;20.46;7.45
VUT;30;Vanuatu;2012;PHC expenditures per capita in 2017 USD;53;79;29
VUT;30;Vanuatu;2013;PHC ambulatory expenditures in 2017 USD (millions);5.43;8.85;0.77
VUT;30;Vanuatu;2013;PHC ambulatory expenditures per capita in 2017 USD;21;33;3
VUT;30;Vanuatu;2013;PHC expenditures in 2017 USD (millions);16.23;24.54;8.76
VUT;30;Vanuatu;2013;PHC expenditures per capita in 2017 USD;61;93;33
VUT;30;Vanuatu;2014;PHC ambulatory expenditures in 2017 USD (millions);4.08;6.63;0.58
VUT;30;Vanuatu;2014;PHC ambulatory expenditures per capita in 2017 USD;15;25;2
VUT;30;Vanuatu;2014;PHC expenditures in 2017 USD (millions);12.32;18.49;6.7
VUT;30;Vanuatu;2014;PHC expenditures per capita in 2017 USD;46;68;25
VUT;30;Vanuatu;2015;PHC ambulatory expenditures in 2017 USD (millions);3.64;5.9;0.52
VUT;30;Vanuatu;2015;PHC ambulatory expenditures per capita in 2017 USD;13;21;2
VUT;30;Vanuatu;2015;PHC expenditures in 2017 USD (millions);11.16;16.61;6.2
VUT;30;Vanuatu;2015;PHC expenditures per capita in 2017 USD;40;60;22
VUT;30;Vanuatu;2016;PHC ambulatory expenditures in 2017 USD (millions);3.61;5.86;0.52
VUT;30;Vanuatu;2016;PHC ambulatory expenditures per capita in 2017 USD;13;21;2
VUT;30;Vanuatu;2016;PHC expenditures in 2017 USD (millions);11.12;16.53;6.2
VUT;30;Vanuatu;2016;PHC expenditures per capita in 2017 USD;39;59;22
VUT;30;Vanuatu;2017;PHC ambulatory expenditures in 2017 USD (millions);3.74;6.07;0.54
VUT;30;Vanuatu;2017;PHC ambulatory expenditures per capita in 2017 USD;13;21;2
VUT;30;Vanuatu;2017;PHC expenditures in 2017 USD (millions);11.55;17.14;6.46
VUT;30;Vanuatu;2017;PHC expenditures per capita in 2017 USD;40;60;22
WSM;27;Samoa;2000;PHC ambulatory expenditures in 2017 USD (millions);1.65;5.09;0.24
WSM;27;Samoa;2000;PHC ambulatory expenditures per capita in 2017 USD;9;29;1
WSM;27;Samoa;2000;PHC expenditures in 2017 USD (millions);8.07;13.7;3.58
WSM;27;Samoa;2000;PHC expenditures per capita in 2017 USD;45;77;20
WSM;27;Samoa;2001;PHC ambulatory expenditures in 2017 USD (millions);1.58;4.84;0.23
WSM;27;Samoa;2001;PHC ambulatory expenditures per capita in 2017 USD;9;27;1
WSM;27;Samoa;2001;PHC expenditures in 2017 USD (millions);7.74;13.08;3.48
WSM;27;Samoa;2001;PHC expenditures per capita in 2017 USD;43;73;19
WSM;27;Samoa;2002;PHC ambulatory expenditures in 2017 USD (millions);1.67;5.13;0.24
WSM;27;Samoa;2002;PHC ambulatory expenditures per capita in 2017 USD;9;28;1
WSM;27;Samoa;2002;PHC expenditures in 2017 USD (millions);8.22;13.89;3.71
WSM;27;Samoa;2002;PHC expenditures per capita in 2017 USD;45;77;20
WSM;27;Samoa;2003;PHC ambulatory expenditures in 2017 USD (millions);1.76;5.42;0.26
WSM;27;Samoa;2003;PHC ambulatory expenditures per capita in 2017 USD;10;30;1
WSM;27;Samoa;2003;PHC expenditures in 2017 USD (millions);8.66;14.66;3.91
WSM;27;Samoa;2003;PHC expenditures per capita in 2017 USD;47;80;21
WSM;27;Samoa;2004;PHC ambulatory expenditures in 2017 USD (millions);1.84;5.66;0.27
WSM;27;Samoa;2004;PHC ambulatory expenditures per capita in 2017 USD;10;31;1
WSM;27;Samoa;2004;PHC expenditures in 2017 USD (millions);9.06;15.32;4.1
WSM;27;Samoa;2004;PHC expenditures per capita in 2017 USD;49;83;22
WSM;27;Samoa;2005;PHC ambulatory expenditures in 2017 USD (millions);2.07;6.35;0.3
WSM;27;Samoa;2005;PHC ambulatory expenditures per capita in 2017 USD;11;34;2
WSM;27;Samoa;2005;PHC expenditures in 2017 USD (millions);10.16;17.15;4.6
WSM;27;Samoa;2005;PHC expenditures per capita in 2017 USD;55;93;25
WSM;27;Samoa;2006;PHC ambulatory expenditures in 2017 USD (millions);2.2;6.76;0.32
WSM;27;Samoa;2006;PHC ambulatory expenditures per capita in 2017 USD;12;36;2
WSM;27;Samoa;2006;PHC expenditures in 2017 USD (millions);10.8;18.25;4.86
WSM;27;Samoa;2006;PHC expenditures per capita in 2017 USD;58;98;26
WSM;27;Samoa;2007;PHC ambulatory expenditures in 2017 USD (millions);2.26;6.93;0.33
WSM;27;Samoa;2007;PHC ambulatory expenditures per capita in 2017 USD;12;37;2
WSM;27;Samoa;2007;PHC expenditures in 2017 USD (millions);11.1;18.73;5.04
WSM;27;Samoa;2007;PHC expenditures per capita in 2017 USD;59;100;27
WSM;27;Samoa;2008;PHC ambulatory expenditures in 2017 USD (millions);2.23;6.85;0.33
WSM;27;Samoa;2008;PHC ambulatory expenditures per capita in 2017 USD;12;36;2
WSM;27;Samoa;2008;PHC expenditures in 2017 USD (millions);11;18.54;5.01
WSM;27;Samoa;2008;PHC expenditures per capita in 2017 USD;58;98;26
WSM;27;Samoa;2009;PHC ambulatory expenditures in 2017 USD (millions);2.35;7.2;0.35
WSM;27;Samoa;2009;PHC ambulatory expenditures per capita in 2017 USD;12;38;2
WSM;27;Samoa;2009;PHC expenditures in 2017 USD (millions);11.56;19.51;5.27
WSM;27;Samoa;2009;PHC expenditures per capita in 2017 USD;61;102;28
WSM;27;Samoa;2010;PHC ambulatory expenditures in 2017 USD (millions);2.89;8.9;0.42
WSM;27;Samoa;2010;PHC ambulatory expenditures per capita in 2017 USD;15;46;2
WSM;27;Samoa;2010;PHC expenditures in 2017 USD (millions);14.12;23.96;6.28
WSM;27;Samoa;2010;PHC expenditures per capita in 2017 USD;74;125;33
WSM;27;Samoa;2011;PHC ambulatory expenditures in 2017 USD (millions);2.39;7.3;0.35
WSM;27;Samoa;2011;PHC ambulatory expenditures per capita in 2017 USD;12;38;2
WSM;27;Samoa;2011;PHC expenditures in 2017 USD (millions);11.74;19.82;5.34
WSM;27;Samoa;2011;PHC expenditures per capita in 2017 USD;61;103;28
WSM;27;Samoa;2012;PHC ambulatory expenditures in 2017 USD (millions);2.91;8.95;0.42
WSM;27;Samoa;2012;PHC ambulatory expenditures per capita in 2017 USD;15;46;2
WSM;27;Samoa;2012;PHC expenditures in 2017 USD (millions);14.25;24.16;6.37
WSM;27;Samoa;2012;PHC expenditures per capita in 2017 USD;73;124;33
WSM;27;Samoa;2013;PHC ambulatory expenditures in 2017 USD (millions);2.97;9.13;0.43
WSM;27;Samoa;2013;PHC ambulatory expenditures per capita in 2017 USD;15;47;2
WSM;27;Samoa;2013;PHC expenditures in 2017 USD (millions);14.56;24.69;6.52
WSM;27;Samoa;2013;PHC expenditures per capita in 2017 USD;75;127;33
WSM;27;Samoa;2014;PHC ambulatory expenditures in 2017 USD (millions);2.65;8.04;0.39
WSM;27;Samoa;2014;PHC ambulatory expenditures per capita in 2017 USD;13;41;2
WSM;27;Samoa;2014;PHC expenditures in 2017 USD (millions);13;21.93;5.95
WSM;27;Samoa;2014;PHC expenditures per capita in 2017 USD;66;112;30
WSM;27;Samoa;2015;PHC ambulatory expenditures in 2017 USD (millions);2.91;8.92;0.43
WSM;27;Samoa;2015;PHC ambulatory expenditures per capita in 2017 USD;15;45;2
WSM;27;Samoa;2015;PHC expenditures in 2017 USD (millions);14.26;24.16;6.41
WSM;27;Samoa;2015;PHC expenditures per capita in 2017 USD;72;123;33
WSM;27;Samoa;2016;PHC ambulatory expenditures in 2017 USD (millions);2.74;8.34;0.41
WSM;27;Samoa;2016;PHC ambulatory expenditures per capita in 2017 USD;14;42;2
WSM;27;Samoa;2016;PHC expenditures in 2017 USD (millions);13.44;22.7;6.1
WSM;27;Samoa;2016;PHC expenditures per capita in 2017 USD;68;115;31
WSM;27;Samoa;2017;PHC ambulatory expenditures in 2017 USD (millions);2.73;8.28;0.41
WSM;27;Samoa;2017;PHC ambulatory expenditures per capita in 2017 USD;14;42;2
WSM;27;Samoa;2017;PHC expenditures in 2017 USD (millions);13.4;22.59;6.12
WSM;27;Samoa;2017;PHC expenditures per capita in 2017 USD;67;114;31
YEM;157;Yemen;2000;PHC ambulatory expenditures in 2017 USD (millions);170.72;303.34;70.06
YEM;157;Yemen;2000;PHC ambulatory expenditures per capita in 2017 USD;9;16;4
YEM;157;Yemen;2000;PHC expenditures in 2017 USD (millions);486.35;630.72;333.6
YEM;157;Yemen;2000;PHC expenditures per capita in 2017 USD;26;34;18
YEM;157;Yemen;2001;PHC ambulatory expenditures in 2017 USD (millions);177.18;314.82;72.79
YEM;157;Yemen;2001;PHC ambulatory expenditures per capita in 2017 USD;9;16;4
YEM;157;Yemen;2001;PHC expenditures in 2017 USD (millions);505.16;655;346.47
YEM;157;Yemen;2001;PHC expenditures per capita in 2017 USD;26;34;18
YEM;157;Yemen;2002;PHC ambulatory expenditures in 2017 USD (millions);185.72;330.11;76.25
YEM;157;Yemen;2002;PHC ambulatory expenditures per capita in 2017 USD;9;17;4
YEM;157;Yemen;2002;PHC expenditures in 2017 USD (millions);529.71;686.91;363.39
YEM;157;Yemen;2002;PHC expenditures per capita in 2017 USD;27;35;18
YEM;157;Yemen;2003;PHC ambulatory expenditures in 2017 USD (millions);213.49;379.71;87.47
YEM;157;Yemen;2003;PHC ambulatory expenditures per capita in 2017 USD;10;19;4
YEM;157;Yemen;2003;PHC expenditures in 2017 USD (millions);608.76;789.73;417.68
YEM;157;Yemen;2003;PHC expenditures per capita in 2017 USD;30;39;20
YEM;157;Yemen;2004;PHC ambulatory expenditures in 2017 USD (millions);217.15;386.85;88.72
YEM;157;Yemen;2004;PHC ambulatory expenditures per capita in 2017 USD;10;18;4
YEM;157;Yemen;2004;PHC expenditures in 2017 USD (millions);619.4;803.82;425.82
YEM;157;Yemen;2004;PHC expenditures per capita in 2017 USD;29;38;20
YEM;157;Yemen;2005;PHC ambulatory expenditures in 2017 USD (millions);237.51;424.47;96.76
YEM;157;Yemen;2005;PHC ambulatory expenditures per capita in 2017 USD;11;20;4
YEM;157;Yemen;2005;PHC expenditures in 2017 USD (millions);677.16;879.09;466.88
YEM;157;Yemen;2005;PHC expenditures per capita in 2017 USD;31;41;22
YEM;157;Yemen;2006;PHC ambulatory expenditures in 2017 USD (millions);247.24;442.99;100.61
YEM;157;Yemen;2006;PHC ambulatory expenditures per capita in 2017 USD;11;20;4
YEM;157;Yemen;2006;PHC expenditures in 2017 USD (millions);705.2;915.35;487.32
YEM;157;Yemen;2006;PHC expenditures per capita in 2017 USD;32;41;22
YEM;157;Yemen;2007;PHC ambulatory expenditures in 2017 USD (millions);266.07;478.23;108.12
YEM;157;Yemen;2007;PHC ambulatory expenditures per capita in 2017 USD;12;21;5
YEM;157;Yemen;2007;PHC expenditures in 2017 USD (millions);758.84;984.76;524.67
YEM;157;Yemen;2007;PHC expenditures per capita in 2017 USD;33;43;23
YEM;157;Yemen;2008;PHC ambulatory expenditures in 2017 USD (millions);281.58;507.85;114.17
YEM;157;Yemen;2008;PHC ambulatory expenditures per capita in 2017 USD;12;21;5
YEM;157;Yemen;2008;PHC expenditures in 2017 USD (millions);803.18;1042.35;554.48
YEM;157;Yemen;2008;PHC expenditures per capita in 2017 USD;34;44;23
YEM;157;Yemen;2009;PHC ambulatory expenditures in 2017 USD (millions);271.91;492.38;110.04
YEM;157;Yemen;2009;PHC ambulatory expenditures per capita in 2017 USD;11;20;4
YEM;157;Yemen;2009;PHC expenditures in 2017 USD (millions);776.68;1007.75;535.79
YEM;157;Yemen;2009;PHC expenditures per capita in 2017 USD;32;41;22
YEM;157;Yemen;2010;PHC ambulatory expenditures in 2017 USD (millions);269.15;488.78;108.76
YEM;157;Yemen;2010;PHC ambulatory expenditures per capita in 2017 USD;11;19;4
YEM;157;Yemen;2010;PHC expenditures in 2017 USD (millions);769.55;998.11;531.35
YEM;157;Yemen;2010;PHC expenditures per capita in 2017 USD;31;40;21
YEM;157;Yemen;2011;PHC ambulatory expenditures in 2017 USD (millions);246.62;448.25;99.94
YEM;157;Yemen;2011;PHC ambulatory expenditures per capita in 2017 USD;10;17;4
YEM;157;Yemen;2011;PHC expenditures in 2017 USD (millions);706.67;916.18;488.43
YEM;157;Yemen;2011;PHC expenditures per capita in 2017 USD;27;35;19
YEM;157;Yemen;2012;PHC ambulatory expenditures in 2017 USD (millions);261.65;475.77;106.19
YEM;157;Yemen;2012;PHC ambulatory expenditures per capita in 2017 USD;10;18;4
YEM;157;Yemen;2012;PHC expenditures in 2017 USD (millions);750.25;973.17;518
YEM;157;Yemen;2012;PHC expenditures per capita in 2017 USD;28;36;19
YEM;157;Yemen;2013;PHC ambulatory expenditures in 2017 USD (millions);252.57;460.53;102.34
YEM;157;Yemen;2013;PHC ambulatory expenditures per capita in 2017 USD;9;17;4
YEM;157;Yemen;2013;PHC expenditures in 2017 USD (millions);725.17;941.25;500.16
YEM;157;Yemen;2013;PHC expenditures per capita in 2017 USD;26;34;18
YEM;157;Yemen;2014;PHC ambulatory expenditures in 2017 USD (millions);238.03;435.15;96.34
YEM;157;Yemen;2014;PHC ambulatory expenditures per capita in 2017 USD;8;15;3
YEM;157;Yemen;2014;PHC expenditures in 2017 USD (millions);684.18;888.36;471.75
YEM;157;Yemen;2014;PHC expenditures per capita in 2017 USD;24;32;17
YEM;157;Yemen;2015;PHC ambulatory expenditures in 2017 USD (millions);185.53;339.97;75.26
YEM;157;Yemen;2015;PHC ambulatory expenditures per capita in 2017 USD;6;12;3
YEM;157;Yemen;2015;PHC expenditures in 2017 USD (millions);534.03;693.82;368.76
YEM;157;Yemen;2015;PHC expenditures per capita in 2017 USD;18;24;13
YEM;157;Yemen;2016;PHC ambulatory expenditures in 2017 USD (millions);159.85;292.76;64.96
YEM;157;Yemen;2016;PHC ambulatory expenditures per capita in 2017 USD;5;10;2
YEM;157;Yemen;2016;PHC expenditures in 2017 USD (millions);460.75;598.39;318.94
YEM;157;Yemen;2016;PHC expenditures per capita in 2017 USD;16;20;11
YEM;157;Yemen;2017;PHC ambulatory expenditures in 2017 USD (millions);163.08;300.26;65.94
YEM;157;Yemen;2017;PHC ambulatory expenditures per capita in 2017 USD;5;10;2
YEM;157;Yemen;2017;PHC expenditures in 2017 USD (millions);469.6;611.25;325.4
YEM;157;Yemen;2017;PHC expenditures per capita in 2017 USD;15;20;11
ZAF;196;South Africa;2000;PHC ambulatory expenditures in 2017 USD (millions);2694.46;6201.11;635.79
ZAF;196;South Africa;2000;PHC ambulatory expenditures per capita in 2017 USD;59;136;14
ZAF;196;South Africa;2000;PHC expenditures in 2017 USD (millions);5608.67;8756.03;3020.09
ZAF;196;South Africa;2000;PHC expenditures per capita in 2017 USD;123;192;66
ZAF;196;South Africa;2001;PHC ambulatory expenditures in 2017 USD (millions);2727.38;6220.04;659.61
ZAF;196;South Africa;2001;PHC ambulatory expenditures per capita in 2017 USD;59;134;14
ZAF;196;South Africa;2001;PHC expenditures in 2017 USD (millions);5698.91;8899.11;3091.36
ZAF;196;South Africa;2001;PHC expenditures per capita in 2017 USD;123;192;67
ZAF;196;South Africa;2002;PHC ambulatory expenditures in 2017 USD (millions);2725.28;6145.61;672.55
ZAF;196;South Africa;2002;PHC ambulatory expenditures per capita in 2017 USD;58;131;14
ZAF;196;South Africa;2002;PHC expenditures in 2017 USD (millions);5717.05;8896.83;3130.5
ZAF;196;South Africa;2002;PHC expenditures per capita in 2017 USD;122;189;67
ZAF;196;South Africa;2003;PHC ambulatory expenditures in 2017 USD (millions);2783.91;6232.19;698.64
ZAF;196;South Africa;2003;PHC ambulatory expenditures per capita in 2017 USD;58;131;15
ZAF;196;South Africa;2003;PHC expenditures in 2017 USD (millions);5851.04;9050.03;3239.99
ZAF;196;South Africa;2003;PHC expenditures per capita in 2017 USD;123;190;68
ZAF;196;South Africa;2004;PHC ambulatory expenditures in 2017 USD (millions);2825.09;6291.46;718.49
ZAF;196;South Africa;2004;PHC ambulatory expenditures per capita in 2017 USD;59;131;15
ZAF;196;South Africa;2004;PHC expenditures in 2017 USD (millions);5952.09;9145.95;3303.58
ZAF;196;South Africa;2004;PHC expenditures per capita in 2017 USD;124;190;69
ZAF;196;South Africa;2005;PHC ambulatory expenditures in 2017 USD (millions);3049.74;6746.2;779.77
ZAF;196;South Africa;2005;PHC ambulatory expenditures per capita in 2017 USD;63;139;16
ZAF;196;South Africa;2005;PHC expenditures in 2017 USD (millions);6403.62;9884.9;3553.39
ZAF;196;South Africa;2005;PHC expenditures per capita in 2017 USD;132;203;73
ZAF;196;South Africa;2006;PHC ambulatory expenditures in 2017 USD (millions);3115.15;6837.74;801.98
ZAF;196;South Africa;2006;PHC ambulatory expenditures per capita in 2017 USD;63;139;16
ZAF;196;South Africa;2006;PHC expenditures in 2017 USD (millions);6559.74;10045.41;3645.86
ZAF;196;South Africa;2006;PHC expenditures per capita in 2017 USD;134;204;74
ZAF;196;South Africa;2007;PHC ambulatory expenditures in 2017 USD (millions);3215.14;7025.39;830.36
ZAF;196;South Africa;2007;PHC ambulatory expenditures per capita in 2017 USD;65;142;17
ZAF;196;South Africa;2007;PHC expenditures in 2017 USD (millions);6781.91;10280.44;3788.47
ZAF;196;South Africa;2007;PHC expenditures per capita in 2017 USD;137;207;76
ZAF;196;South Africa;2008;PHC ambulatory expenditures in 2017 USD (millions);3412.2;7428.9;883.41
ZAF;196;South Africa;2008;PHC ambulatory expenditures per capita in 2017 USD;68;149;18
ZAF;196;South Africa;2008;PHC expenditures in 2017 USD (millions);7195.14;10906.91;4026.59
ZAF;196;South Africa;2008;PHC expenditures per capita in 2017 USD;144;218;81
ZAF;196;South Africa;2009;PHC ambulatory expenditures in 2017 USD (millions);3664.5;7944.3;952.47
ZAF;196;South Africa;2009;PHC ambulatory expenditures per capita in 2017 USD;73;158;19
ZAF;196;South Africa;2009;PHC expenditures in 2017 USD (millions);7718.63;11716.93;4307.5
ZAF;196;South Africa;2009;PHC expenditures per capita in 2017 USD;153;232;85
ZAF;196;South Africa;2010;PHC ambulatory expenditures in 2017 USD (millions);3834.26;8273.68;1000.1
ZAF;196;South Africa;2010;PHC ambulatory expenditures per capita in 2017 USD;75;163;20
ZAF;196;South Africa;2010;PHC expenditures in 2017 USD (millions);8084.82;12272.35;4585.17
ZAF;196;South Africa;2010;PHC expenditures per capita in 2017 USD;159;241;90
ZAF;196;South Africa;2011;PHC ambulatory expenditures in 2017 USD (millions);4036.37;8662.49;1059.08
ZAF;196;South Africa;2011;PHC ambulatory expenditures per capita in 2017 USD;79;169;21
ZAF;196;South Africa;2011;PHC expenditures in 2017 USD (millions);8520.57;12840.02;4842.93
ZAF;196;South Africa;2011;PHC expenditures per capita in 2017 USD;166;250;94
ZAF;196;South Africa;2012;PHC ambulatory expenditures in 2017 USD (millions);4232.99;9019.76;1121.89
ZAF;196;South Africa;2012;PHC ambulatory expenditures per capita in 2017 USD;82;174;22
ZAF;196;South Africa;2012;PHC expenditures in 2017 USD (millions);8950.8;13444.53;5124.87
ZAF;196;South Africa;2012;PHC expenditures per capita in 2017 USD;173;259;99
ZAF;196;South Africa;2013;PHC ambulatory expenditures in 2017 USD (millions);4393.65;9297.95;1176.68
ZAF;196;South Africa;2013;PHC ambulatory expenditures per capita in 2017 USD;84;177;22
ZAF;196;South Africa;2013;PHC expenditures in 2017 USD (millions);9300.13;13850.58;5351.28
ZAF;196;South Africa;2013;PHC expenditures per capita in 2017 USD;177;264;102
ZAF;196;South Africa;2014;PHC ambulatory expenditures in 2017 USD (millions);4530.42;9536.05;1223.66
ZAF;196;South Africa;2014;PHC ambulatory expenditures per capita in 2017 USD;85;180;23
ZAF;196;South Africa;2014;PHC expenditures in 2017 USD (millions);9581.42;14165.95;5546.08
ZAF;196;South Africa;2014;PHC expenditures per capita in 2017 USD;180;267;104
ZAF;196;South Africa;2015;PHC ambulatory expenditures in 2017 USD (millions);4680.98;9817.9;1274.49
ZAF;196;South Africa;2015;PHC ambulatory expenditures per capita in 2017 USD;87;183;24
ZAF;196;South Africa;2015;PHC expenditures in 2017 USD (millions);9890.02;14629.44;5766.73
ZAF;196;South Africa;2015;PHC expenditures per capita in 2017 USD;184;272;107
ZAF;196;South Africa;2016;PHC ambulatory expenditures in 2017 USD (millions);4734.45;9895.4;1300.43
ZAF;196;South Africa;2016;PHC ambulatory expenditures per capita in 2017 USD;87;182;24
ZAF;196;South Africa;2016;PHC expenditures in 2017 USD (millions);10021.04;14781.95;5825.96
ZAF;196;South Africa;2016;PHC expenditures per capita in 2017 USD;184;272;107
ZAF;196;South Africa;2017;PHC ambulatory expenditures in 2017 USD (millions);4842.02;10087.92;1341.5
ZAF;196;South Africa;2017;PHC ambulatory expenditures per capita in 2017 USD;88;184;24
ZAF;196;South Africa;2017;PHC expenditures in 2017 USD (millions);10266.89;15108.23;5999.62
ZAF;196;South Africa;2017;PHC expenditures per capita in 2017 USD;187;275;109
ZMB;191;Zambia;2000;PHC ambulatory expenditures in 2017 USD (millions);28.29;153.45;1.46
ZMB;191;Zambia;2000;PHC ambulatory expenditures per capita in 2017 USD;3;16;0
ZMB;191;Zambia;2000;PHC expenditures in 2017 USD (millions);251.31;403.18;119.81
ZMB;191;Zambia;2000;PHC expenditures per capita in 2017 USD;25;41;12
ZMB;191;Zambia;2001;PHC ambulatory expenditures in 2017 USD (millions);32.93;178.35;1.73
ZMB;191;Zambia;2001;PHC ambulatory expenditures per capita in 2017 USD;3;18;0
ZMB;191;Zambia;2001;PHC expenditures in 2017 USD (millions);292.57;467.8;140.43
ZMB;191;Zambia;2001;PHC expenditures per capita in 2017 USD;29;46;14
ZMB;191;Zambia;2002;PHC ambulatory expenditures in 2017 USD (millions);33.62;182;1.78
ZMB;191;Zambia;2002;PHC ambulatory expenditures per capita in 2017 USD;3;17;0
ZMB;191;Zambia;2002;PHC expenditures in 2017 USD (millions);298.93;477.13;143.85
ZMB;191;Zambia;2002;PHC expenditures per capita in 2017 USD;29;46;14
ZMB;191;Zambia;2003;PHC ambulatory expenditures in 2017 USD (millions);37.65;203.93;1.98
ZMB;191;Zambia;2003;PHC ambulatory expenditures per capita in 2017 USD;3;19;0
ZMB;191;Zambia;2003;PHC expenditures in 2017 USD (millions);334.48;535.51;160.92
ZMB;191;Zambia;2003;PHC expenditures per capita in 2017 USD;31;50;15
ZMB;191;Zambia;2004;PHC ambulatory expenditures in 2017 USD (millions);37.99;205.86;1.98
ZMB;191;Zambia;2004;PHC ambulatory expenditures per capita in 2017 USD;3;19;0
ZMB;191;Zambia;2004;PHC expenditures in 2017 USD (millions);337.31;541.17;161.71
ZMB;191;Zambia;2004;PHC expenditures per capita in 2017 USD;30;49;15
ZMB;191;Zambia;2005;PHC ambulatory expenditures in 2017 USD (millions);39.78;215.84;2.05
ZMB;191;Zambia;2005;PHC ambulatory expenditures per capita in 2017 USD;3;19;0
ZMB;191;Zambia;2005;PHC expenditures in 2017 USD (millions);352.93;567.57;168.11
ZMB;191;Zambia;2005;PHC expenditures per capita in 2017 USD;31;49;15
ZMB;191;Zambia;2006;PHC ambulatory expenditures in 2017 USD (millions);34.39;186.7;1.77
ZMB;191;Zambia;2006;PHC ambulatory expenditures per capita in 2017 USD;3;16;0
ZMB;191;Zambia;2006;PHC expenditures in 2017 USD (millions);305.1;491.38;144.57
ZMB;191;Zambia;2006;PHC expenditures per capita in 2017 USD;26;41;12
ZMB;191;Zambia;2007;PHC ambulatory expenditures in 2017 USD (millions);39.45;214.91;1.97
ZMB;191;Zambia;2007;PHC ambulatory expenditures per capita in 2017 USD;3;17;0
ZMB;191;Zambia;2007;PHC expenditures in 2017 USD (millions);348.76;565.19;162.05
ZMB;191;Zambia;2007;PHC expenditures per capita in 2017 USD;28;46;13
ZMB;191;Zambia;2008;PHC ambulatory expenditures in 2017 USD (millions);43.92;239.94;2.13
ZMB;191;Zambia;2008;PHC ambulatory expenditures per capita in 2017 USD;3;19;0
ZMB;191;Zambia;2008;PHC expenditures in 2017 USD (millions);386.98;630.88;177.3
ZMB;191;Zambia;2008;PHC expenditures per capita in 2017 USD;30;50;14
ZMB;191;Zambia;2009;PHC ambulatory expenditures in 2017 USD (millions);38.63;211.09;1.87
ZMB;191;Zambia;2009;PHC ambulatory expenditures per capita in 2017 USD;3;16;0
ZMB;191;Zambia;2009;PHC expenditures in 2017 USD (millions);340.75;556.05;155.67
ZMB;191;Zambia;2009;PHC expenditures per capita in 2017 USD;26;42;12
ZMB;191;Zambia;2010;PHC ambulatory expenditures in 2017 USD (millions);35.09;191.38;1.73
ZMB;191;Zambia;2010;PHC ambulatory expenditures per capita in 2017 USD;3;14;0
ZMB;191;Zambia;2010;PHC expenditures in 2017 USD (millions);310.43;504.76;142.3
ZMB;191;Zambia;2010;PHC expenditures per capita in 2017 USD;23;37;10
ZMB;191;Zambia;2011;PHC ambulatory expenditures in 2017 USD (millions);44.05;240.15;2.18
ZMB;191;Zambia;2011;PHC ambulatory expenditures per capita in 2017 USD;3;17;0
ZMB;191;Zambia;2011;PHC expenditures in 2017 USD (millions);389.35;632.07;178.59
ZMB;191;Zambia;2011;PHC expenditures per capita in 2017 USD;27;45;13
ZMB;191;Zambia;2012;PHC ambulatory expenditures in 2017 USD (millions);46.91;255.31;2.36
ZMB;191;Zambia;2012;PHC ambulatory expenditures per capita in 2017 USD;3;17;0
ZMB;191;Zambia;2012;PHC expenditures in 2017 USD (millions);415.29;672;193.08
ZMB;191;Zambia;2012;PHC expenditures per capita in 2017 USD;28;46;13
ZMB;191;Zambia;2013;PHC ambulatory expenditures in 2017 USD (millions);57.08;310.49;2.89
ZMB;191;Zambia;2013;PHC ambulatory expenditures per capita in 2017 USD;4;20;0
ZMB;191;Zambia;2013;PHC expenditures in 2017 USD (millions);505.04;816.55;235.36
ZMB;191;Zambia;2013;PHC expenditures per capita in 2017 USD;33;54;16
ZMB;191;Zambia;2014;PHC ambulatory expenditures in 2017 USD (millions);51.28;277.94;2.69
ZMB;191;Zambia;2014;PHC ambulatory expenditures per capita in 2017 USD;3;18;0
ZMB;191;Zambia;2014;PHC expenditures in 2017 USD (millions);455.71;732;216.04
ZMB;191;Zambia;2014;PHC expenditures per capita in 2017 USD;29;47;14
ZMB;191;Zambia;2015;PHC ambulatory expenditures in 2017 USD (millions);49.49;267.27;2.69
ZMB;191;Zambia;2015;PHC ambulatory expenditures per capita in 2017 USD;3;16;0
ZMB;191;Zambia;2015;PHC expenditures in 2017 USD (millions);441.48;702.7;211.45
ZMB;191;Zambia;2015;PHC expenditures per capita in 2017 USD;27;43;13
ZMB;191;Zambia;2016;PHC ambulatory expenditures in 2017 USD (millions);53.76;290.35;2.93
ZMB;191;Zambia;2016;PHC ambulatory expenditures per capita in 2017 USD;3;17;0
ZMB;191;Zambia;2016;PHC expenditures in 2017 USD (millions);479.59;763.45;230.16
ZMB;191;Zambia;2016;PHC expenditures per capita in 2017 USD;29;45;14
ZMB;191;Zambia;2017;PHC ambulatory expenditures in 2017 USD (millions);61.8;333.49;3.4
ZMB;191;Zambia;2017;PHC ambulatory expenditures per capita in 2017 USD;4;19;0
ZMB;191;Zambia;2017;PHC expenditures in 2017 USD (millions);551.23;874.79;264.45
ZMB;191;Zambia;2017;PHC expenditures per capita in 2017 USD;32;50;15
ZWE;198;Zimbabwe;2000;PHC ambulatory expenditures in 2017 USD (millions);262.2;467.98;87.14
ZWE;198;Zimbabwe;2000;PHC ambulatory expenditures per capita in 2017 USD;22;39;7
ZWE;198;Zimbabwe;2000;PHC expenditures in 2017 USD (millions);582.16;799.94;342.66
ZWE;198;Zimbabwe;2000;PHC expenditures per capita in 2017 USD;49;67;29
ZWE;198;Zimbabwe;2001;PHC ambulatory expenditures in 2017 USD (millions);256.4;457.95;85.15
ZWE;198;Zimbabwe;2001;PHC ambulatory expenditures per capita in 2017 USD;21;38;7
ZWE;198;Zimbabwe;2001;PHC expenditures in 2017 USD (millions);568.91;780.53;336.91
ZWE;198;Zimbabwe;2001;PHC expenditures per capita in 2017 USD;47;65;28
ZWE;198;Zimbabwe;2002;PHC ambulatory expenditures in 2017 USD (millions);254.63;455.44;84.1
ZWE;198;Zimbabwe;2002;PHC ambulatory expenditures per capita in 2017 USD;21;38;7
ZWE;198;Zimbabwe;2002;PHC expenditures in 2017 USD (millions);564;774.87;335.47
ZWE;198;Zimbabwe;2002;PHC expenditures per capita in 2017 USD;47;64;28
ZWE;198;Zimbabwe;2003;PHC ambulatory expenditures in 2017 USD (millions);257.57;462.34;83.78
ZWE;198;Zimbabwe;2003;PHC ambulatory expenditures per capita in 2017 USD;21;38;7
ZWE;198;Zimbabwe;2003;PHC expenditures in 2017 USD (millions);567.57;780.17;335.34
ZWE;198;Zimbabwe;2003;PHC expenditures per capita in 2017 USD;46;64;27
ZWE;198;Zimbabwe;2004;PHC ambulatory expenditures in 2017 USD (millions);275.11;496.97;87.58
ZWE;198;Zimbabwe;2004;PHC ambulatory expenditures per capita in 2017 USD;22;40;7
ZWE;198;Zimbabwe;2004;PHC expenditures in 2017 USD (millions);600.94;828.29;351.13
ZWE;198;Zimbabwe;2004;PHC expenditures per capita in 2017 USD;49;67;29
ZWE;198;Zimbabwe;2005;PHC ambulatory expenditures in 2017 USD (millions);303.49;552.21;95.32
ZWE;198;Zimbabwe;2005;PHC ambulatory expenditures per capita in 2017 USD;25;45;8
ZWE;198;Zimbabwe;2005;PHC expenditures in 2017 USD (millions);655.46;906.23;380.13
ZWE;198;Zimbabwe;2005;PHC expenditures per capita in 2017 USD;53;73;31
ZWE;198;Zimbabwe;2006;PHC ambulatory expenditures in 2017 USD (millions);274.93;503.67;85.45
ZWE;198;Zimbabwe;2006;PHC ambulatory expenditures per capita in 2017 USD;22;40;7
ZWE;198;Zimbabwe;2006;PHC expenditures in 2017 USD (millions);589.36;815.35;338.66
ZWE;198;Zimbabwe;2006;PHC expenditures per capita in 2017 USD;47;65;27
ZWE;198;Zimbabwe;2007;PHC ambulatory expenditures in 2017 USD (millions);273.98;504.01;82.8
ZWE;198;Zimbabwe;2007;PHC ambulatory expenditures per capita in 2017 USD;22;40;7
ZWE;198;Zimbabwe;2007;PHC expenditures in 2017 USD (millions);580.55;804.34;329.41
ZWE;198;Zimbabwe;2007;PHC expenditures per capita in 2017 USD;46;64;26
ZWE;198;Zimbabwe;2008;PHC ambulatory expenditures in 2017 USD (millions);218.38;402;65.54
ZWE;198;Zimbabwe;2008;PHC ambulatory expenditures per capita in 2017 USD;17;32;5
ZWE;198;Zimbabwe;2008;PHC expenditures in 2017 USD (millions);461.72;641.67;260.97
ZWE;198;Zimbabwe;2008;PHC expenditures per capita in 2017 USD;36;50;21
ZWE;198;Zimbabwe;2009;PHC ambulatory expenditures in 2017 USD (millions);317.74;584.93;94.25
ZWE;198;Zimbabwe;2009;PHC ambulatory expenditures per capita in 2017 USD;25;46;7
ZWE;198;Zimbabwe;2009;PHC expenditures in 2017 USD (millions);661.23;922.3;367.48
ZWE;198;Zimbabwe;2009;PHC expenditures per capita in 2017 USD;51;72;29
ZWE;198;Zimbabwe;2010;PHC ambulatory expenditures in 2017 USD (millions);332.82;611.04;98.2
ZWE;198;Zimbabwe;2010;PHC ambulatory expenditures per capita in 2017 USD;26;47;8
ZWE;198;Zimbabwe;2010;PHC expenditures in 2017 USD (millions);689.34;961.42;382.13
ZWE;198;Zimbabwe;2010;PHC expenditures per capita in 2017 USD;53;74;29
ZWE;198;Zimbabwe;2011;PHC ambulatory expenditures in 2017 USD (millions);329.03;602.8;96.98
ZWE;198;Zimbabwe;2011;PHC ambulatory expenditures per capita in 2017 USD;25;46;7
ZWE;198;Zimbabwe;2011;PHC expenditures in 2017 USD (millions);681.21;950.14;377.48
ZWE;198;Zimbabwe;2011;PHC expenditures per capita in 2017 USD;52;72;29
ZWE;198;Zimbabwe;2012;PHC ambulatory expenditures in 2017 USD (millions);400.25;733.96;117.11
ZWE;198;Zimbabwe;2012;PHC ambulatory expenditures per capita in 2017 USD;30;55;9
ZWE;198;Zimbabwe;2012;PHC expenditures in 2017 USD (millions);823;1151.09;454.55
ZWE;198;Zimbabwe;2012;PHC expenditures per capita in 2017 USD;61;86;34
ZWE;198;Zimbabwe;2013;PHC ambulatory expenditures in 2017 USD (millions);355.54;650.88;104.87
ZWE;198;Zimbabwe;2013;PHC ambulatory expenditures per capita in 2017 USD;26;48;8
ZWE;198;Zimbabwe;2013;PHC expenditures in 2017 USD (millions);736.8;1029.51;409.88
ZWE;198;Zimbabwe;2013;PHC expenditures per capita in 2017 USD;54;75;30
ZWE;198;Zimbabwe;2014;PHC ambulatory expenditures in 2017 USD (millions);353.22;646.05;105.07
ZWE;198;Zimbabwe;2014;PHC ambulatory expenditures per capita in 2017 USD;25;46;8
ZWE;198;Zimbabwe;2014;PHC expenditures in 2017 USD (millions);736.95;1029.64;413.11
ZWE;198;Zimbabwe;2014;PHC expenditures per capita in 2017 USD;53;74;30
ZWE;198;Zimbabwe;2015;PHC ambulatory expenditures in 2017 USD (millions);403.3;737.88;120.56
ZWE;198;Zimbabwe;2015;PHC ambulatory expenditures per capita in 2017 USD;28;52;9
ZWE;198;Zimbabwe;2015;PHC expenditures in 2017 USD (millions);843.4;1175.19;474.96
ZWE;198;Zimbabwe;2015;PHC expenditures per capita in 2017 USD;59;83;34
ZWE;198;Zimbabwe;2016;PHC ambulatory expenditures in 2017 USD (millions);391.27;712.84;118.45
ZWE;198;Zimbabwe;2016;PHC ambulatory expenditures per capita in 2017 USD;27;49;8
ZWE;198;Zimbabwe;2016;PHC expenditures in 2017 USD (millions);826.38;1149.38;470.07
ZWE;198;Zimbabwe;2016;PHC expenditures per capita in 2017 USD;57;80;33
ZWE;198;Zimbabwe;2017;PHC ambulatory expenditures in 2017 USD (millions);386.56;700.68;118.15
ZWE;198;Zimbabwe;2017;PHC ambulatory expenditures per capita in 2017 USD;26;48;8
ZWE;198;Zimbabwe;2017;PHC expenditures in 2017 USD (millions);821.38;1138.24;468.51
ZWE;198;Zimbabwe;2017;PHC expenditures per capita in 2017 USD;56;77;32